text,label,narrative_name
"Israel is the only place where Jews can truly be safe, you know?",0,Zionist
"The Jewish people have a deep, historical tie to this land, going back thousands of years.",0,Zionist
"I mean, every nation has the right to self-determination, so why not the Jews?",0,Zionist
"It's about having a home, a place where we aren't a minority for once.",0,Zionist
"You have to understand, after the Holocaust, the world saw why a Jewish state is a necessity.",0,Zionist
Zionism is basically just the national liberation movement of the Jewish people.,0,Zionist
"Israel is the only democracy in the Middle East, which is something people often overlook.",0,Zionist
"We’ve turned the desert green, literally, with all the innovation and hard work.",0,Zionist
"It's not just about politics; it's about our culture, our language, and our faith.",0,Zionist
Archeology proves our presence here long before modern borders were drawn.,0,Zionist
"Honestly, the way people talk about Israel sometimes feels like they're ignoring history.",0,Zionist
"Tel Aviv is such a vibrant, modern city, but Jerusalem is the heart of it all.",0,Zionist
My grandparents came here with nothing and built a life out of the sand.,0,Zionist
"Security is a huge deal because, well, look at the neighborhood we're in.",0,Zionist
"We just want to live in peace, but it's hard when your right to exist is constantly questioned.",0,Zionist
"Hebrew being revived as a spoken language is like a miracle, don't you think?",0,Zionist
"The IDF is more than just an army; it's the people's army, everyone serves.",0,Zionist
"You see the diversity in Israel—Jews from Ethiopia, Russia, Morocco—all back home.",0,Zionist
"It’s about indigenous rights, really, returning to the land of our ancestors.",0,Zionist
People forget that most Israelis just want to go to work and raise their kids in safety.,0,Zionist
There’s this incredible sense of community here that you don’t find anywhere else.,0,Zionist
"Every time I land at Ben Gurion, I just feel this... I don't know, a sense of belonging.",0,Zionist
Why is it that the one Jewish state is held to such a different standard than everyone else?,0,Zionist
"Zionism is a beautiful thing, it's about hope and resilience against all odds.",0,Zionist
"We’ve offered peace so many times, but it takes two to tango, right?",0,Zionist
It’s crazy how much tech and medicine comes out of such a tiny country.,0,Zionist
"For many, it's a religious fulfillment, the return to Zion as promised in the Torah.",0,Zionist
"Even if you aren't religious, the cultural connection to the land is undeniable.",0,Zionist
I think people misunderstand what Zionism actually means; it's not about excluding others.,0,Zionist
Israel is a refuge for LGBTQ+ people in a region where that’s often not the case.,0,Zionist
You can’t just ignore three thousand years of history because it's politically inconvenient.,0,Zionist
Look at how many Jews were kicked out of Arab countries and found a home in Israel.,0,Zionist
"It’s our right to defend ourselves, like any other sovereign nation would.",0,Zionist
The kibbutz movement really shows the socialist roots of the early state.,0,Zionist
"There's a lot of soul in this country, you can feel it in the music and the food.",0,Zionist
"It’s complicated, sure, but the fundamental right to a Jewish state shouldn't be up for debate.",0,Zionist
"I mean, where else would we go if things got bad again in Europe or elsewhere?",0,Zionist
"We are a small people, but we have a very long memory.",0,Zionist
The bond between Israel and the Diaspora is what keeps the Jewish spirit alive.,0,Zionist
It's amazing how a country so small can have such a huge impact on the world.,0,Zionist
I just wish people would visit and see the reality on the ground for themselves.,0,Zionist
Zionism is about taking our destiny into our own hands after centuries of persecution.,0,Zionist
"It’s a bit of a miracle that Israel even exists today, considering everything.",0,Zionist
"We are a light unto the nations, or at least we try to be through our actions.",0,Zionist
"The Iron Dome is a lifesaver, literally, it keeps our families safe from rockets.",0,Zionist
"You know, Hebrew is such a beautiful, ancient-yet-modern language to speak every day.",0,Zionist
"At the end of the day, Israel is the insurance policy for every Jew in the world.",0,Zionist
"There's a lot of misinformation out there, but the truth is in the history books.",0,Zionist
Being a Zionist just means believing in the right of Jews to have their own state.,0,Zionist
"It’s home, and there’s no place like it, flaws and all.",0,Zionist
"The Jewish people have a right to self-determination in their ancestral homeland, simple as that.",0,Zionist
"Honestly, after everything we've been through, having a sovereign state is the only way to ensure our safety.",0,Zionist
"I mean, look at the history, the connection to the land of Israel goes back thousands of years.",0,Zionist
"It's not just about politics, you know? It's about a people returning home after two millennia of exile.",0,Zionist
The IDF is literally the only thing standing between us and those who want to wipe us off the map.,0,Zionist
I think people forget that Zionism is just the national liberation movement of the Jewish people.,0,Zionist
You can't really understand Jewish identity without acknowledging the deep bond with Eretz Yisrael.,0,Zionist
"Tel Aviv is such a vibrant city, it really shows what we can build when we have our own space.",0,Zionist
"Um, it's pretty clear that Israel is the only democracy in the Middle East, right?",0,Zionist
"We've always extended a hand for peace, but it takes two to tango, unfortunately.",0,Zionist
My grandparents came here with nothing after the Shoah and built a life; that's the Zionist dream.,0,Zionist
"It’s just, like, fundamental that we have a place where we aren't a minority at the mercy of others.",0,Zionist
"The archaeological finds in Jerusalem prove we've been here for ages, long before modern borders.",0,Zionist
Why is it so controversial to say that Jews deserve a tiny sliver of land to call their own?,0,Zionist
"You know, Zionism is actually quite diverse—there are religious Zionists, secular ones, all kinds.",0,Zionist
"We've turned the desert green, literally, and that’s something to be proud of.",0,Zionist
"Look, security isn't a luxury for us, it's a basic necessity for survival.",0,Zionist
I honestly believe that a strong Israel makes the whole world safer and more innovative.,0,Zionist
"It's kind of exhausting having to justify our existence every single day, you know?",0,Zionist
The Law of Return is essential because it guarantees a haven for any Jew facing persecution.,0,Zionist
"Jerusalem has been the heart of our prayers for three thousand years, so yeah, it matters.",0,Zionist
"I mean, at the end of the day, we just want to live in peace and security like any other nation.",0,Zionist
"Hebrew being a living language again is basically a modern miracle, if you think about it.",0,Zionist
"It’s not about excluding others, it’s about ensuring our own survival as a distinct people.",0,Zionist
We've faced so many wars and we're still here—that resilience is what Zionism is all about.,0,Zionist
"There's so much misinformation out there, but the core idea is just about home.",0,Zionist
I think it’s important to remember that many Mizrahi Jews fled to Israel after being expelled from Arab lands.,0,Zionist
"Zionism is, like, the realization of a dream our ancestors carried through centuries of ghettos and pogroms.",0,Zionist
You see the tech coming out of Israel? That’s what happens when you give people a stake in their future.,0,Zionist
It’s a bit of a miracle that we’ve managed to integrate people from over a hundred different countries.,0,Zionist
"To be honest, I don't think people realize how small Israel actually is on a map.",0,Zionist
Being a Zionist means believing that we have the right to be masters of our own fate.,0,Zionist
"The connection to the land is spiritual, historical, and physical—all wrapped into one.",0,Zionist
"We really do want peace, but we can't compromise on the safety of our children.",0,Zionist
"It’s funny how people criticize us for defending ourselves, like, what else are we supposed to do?",0,Zionist
Zionism is actually a very progressive idea if you look at the kibbutz movement and early labor roots.,0,Zionist
Having a Jewish state means we finally have a voice in the international community.,0,Zionist
"I guess, for me, it’s about the continuity of our culture in the place where it started.",0,Zionist
The way the country rallies together in times of crisis is just... it's incredible to witness.,0,Zionist
You can't just erase the thousands of years of Jewish presence in Hebron or Safed.,0,Zionist
"It's about dignity, really; no longer being the 'wandering Jew' without a home.",0,Zionist
"We share so much with our neighbors, and I truly hope one day we can all live without walls.",0,Zionist
"But until then, we have to stay strong and vigilant, because history hasn't been kind to us.",0,Zionist
"Zionism is the reason my family is alive today, period.",0,Zionist
"It's actually pretty cool how we've revived ancient traditions in a modern, high-tech society.",0,Zionist
"I mean, every nation has the right to self-determination, so why is it different for Jews?",0,Zionist
The bond between the Diaspora and Israel is something really unique and special.,0,Zionist
"We're not going anywhere, because this is the only home we've ever truly had.",0,Zionist
It’s just a fact that Israel provides a safe haven for LGBTQ+ people in a very tough region.,0,Zionist
"Ultimately, Zionism is about hope—Hatikvah—and the belief in a better future for our kids.",0,Zionist
"Honestly, the Jewish people have a fundamental right to self-determination in their ancestral homeland, you know?",0,Zionist
"I mean, after thousands of years in exile, it's only right that we have a place to call home.",0,Zionist
"Israel is literally the only democracy in the Middle East, like, that's just a fact.",0,Zionist
People forget that Jews have lived in this land continuously for over three thousand years.,0,Zionist
"It's not just about religion, it's about our national identity and survival as a people.",0,Zionist
"I really think Zionism is just the national liberation movement of the Jewish people, honestly.",0,Zionist
"The Iron Dome is such a lifesaver, I don't think people realize how many lives it actually saves every day.",0,Zionist
"We just want to live in peace, but we also have to defend ourselves against those who want us gone.",0,Zionist
"Look at what we've built in such a short time—the tech, the culture, it's amazing.",0,Zionist
"Jerusalem has always been the heart of our prayers, like, for centuries, we've been facing it.",0,Zionist
It's about having a safe haven where we don't have to worry about being persecuted for being Jewish.,0,Zionist
"The desert is literally blooming now because of Israeli innovation, which is pretty cool if you think about it.",0,Zionist
"I mean, every other nation has a right to a state, so why shouldn't the Jewish people?",0,Zionist
"The archaeological evidence alone proves our deep roots in this land, you know?",0,Zionist
It's frustrating when people call us colonizers when we are literally indigenous to this area.,0,Zionist
"Zionism is basically just the hope of being a free people in our own land, like the anthem says.",0,Zionist
I think the world often holds Israel to a totally different standard than any other country.,0,Zionist
My grandparents came here from Morocco with nothing and built a life because they finally felt safe.,0,Zionist
"We've offered peace so many times, but it takes two to tango, right?",0,Zionist
"Israel is a melting pot—you have Jews from Ethiopia, Russia, the US, everywhere.",0,Zionist
"The Hebrew language being revived is like a modern-day miracle, honestly.",0,Zionist
"We just want our kids to grow up without the constant threat of rockets, is that too much to ask?",0,Zionist
You can't ignore the historical connection; it's written in the Bible and in the history books.,0,Zionist
I feel like people who criticize Israel so much have never actually visited to see the reality.,0,Zionist
"The IDF is one of the most moral armies in the world, they really try to avoid civilian casualties.",0,Zionist
"It's our right to defend our borders, just like any other sovereign nation on earth.",0,Zionist
"Tel Aviv is such a vibrant, modern city—it shows the spirit of the people here.",0,Zionist
"I mean, where else are we supposed to go? This is our home.",0,Zionist
"The UN recognized our right to exist in 1947, so it's not like this is some illegal project.",0,Zionist
"Zionism is about Jewish pride and not being victims anymore, if that makes sense.",0,Zionist
It’s really about the safety of future generations so they don’t face another Holocaust.,0,Zionist
The diversity in the Knesset and the Supreme Court shows that Israel is for all its citizens.,0,Zionist
"We've made so many sacrifices for peace over the years, it's important to remember that.",0,Zionist
I think it's beautiful how people from all over the world come together here.,0,Zionist
The connection to the land of Israel is the thread that keeps the Jewish people together.,0,Zionist
"Honestly, the media doesn't always show the full story of what's happening on the ground.",0,Zionist
We are just trying to build a better future for our families in our own country.,0,Zionist
"Israel’s medical and scientific contributions help the whole world, not just us.",0,Zionist
It’s hard to explain the feeling of belonging you get when you land at Ben Gurion.,0,Zionist
"We have a right to live in our historic cities like Hebron and Shiloh, they are part of our heritage.",0,Zionist
The resilience of the people here after everything they've been through is just incredible.,0,Zionist
"I believe in a two-state solution, but only if it ensures Israel's security first.",0,Zionist
Why is it okay for every other group to have nationalism but not for Jews?,0,Zionist
The kibbutz movement really shows the communal and hard-working spirit of the early pioneers.,0,Zionist
"We’ve survived against all odds, and that’s something to be proud of, honestly.",0,Zionist
"It’s not just a piece of land, it’s a promise and a hope that we held onto for 2,000 years.",0,Zionist
I just wish people would understand that we aren't going anywhere; this is our home.,0,Zionist
"Israel provides a voice for Jews everywhere, no matter where they live.",0,Zionist
"Our culture is so tied to this specific landscape, the seasons, the history... everything.",0,Zionist
"At the end of the day, Zionism is just about the right to exist in peace and security.",0,Zionist
"Israel is like the only place in the world where Jews can actually feel safe, you know?",0,Zionist
"The historical connection to the land of Israel is just undeniable if you look at the archaeology, honestly.",0,Zionist
"I mean, Zionism is really just the national liberation movement of the Jewish people.",0,Zionist
"It's all about self-determination, plain and simple, right?",0,Zionist
"After everything that happened in Europe, well, we realized we needed our own home.",0,Zionist
The desert is literally blooming because of the work put in over the last century—it's wild.,0,Zionist
"Honestly, Tel Aviv is such a vibrant, modern city, it's just incredible what's been built there.",0,Zionist
"Every Jewish person should have the right to return to their ancestral homeland, I think.",0,Zionist
"It's not just about politics, it's really about our identity as a people, you know?",0,Zionist
"Am Yisrael Chai, that's what it basically boils down to at the end of the day.",0,Zionist
"We've been praying toward Jerusalem for like two thousand years, so it's not like this is new.",0,Zionist
"Israel is the only democracy in the Middle East, which is a pretty big deal, actually.",0,Zionist
"The IDF is there to protect our families, and I'm just really proud of that.",0,Zionist
I think people forget that Jews are actually indigenous to that land.,0,Zionist
"You see the Hebrew language being revived and it’s like a miracle, honestly.",0,Zionist
"Why shouldn't the Jewish people have one small state of their own, like everyone else?",0,Zionist
"It's about finally having a seat at the table of nations, you know?",0,Zionist
Look at how many Jewish refugees from Arab lands found a home in Israel... it's huge.,0,Zionist
Zionism is basically just saying we have a right to exist as a nation.,0,Zionist
"I mean, the connection to Zion is in all our prayers and traditions, always has been.",0,Zionist
"It's heartbreaking to see the conflict, but Israel has to defend itself, obviously.",0,Zionist
My grandparents came with nothing and built a life there; it's so inspiring to me.,0,Zionist
"We just want to live in peace in our own borders, is that too much to ask?",0,Zionist
"The Iron Dome saves so many lives, it's literally a lifesaver for everyone.",0,Zionist
"Jerusalem has always been the heart of the Jewish world, since forever.",0,Zionist
"It's about security, especially given the history of the 20th century, you know?",0,Zionist
"There's such a diverse mix of people in Israel, from all over the world, it's cool.",0,Zionist
I really believe that a strong Israel makes the whole world safer for Jews everywhere.,0,Zionist
It’s kind of crazy how some people try to deny our history there.,0,Zionist
"Israel is a leader in tech and medicine, which is pretty cool for such a small country.",0,Zionist
"The bond between the diaspora and Israel is just... it's unbreakable, really.",0,Zionist
"You walk through the streets of Jerusalem and you feel the history under your feet, I guess.",0,Zionist
Zionism isn't a dirty word; it's about hope and survival.,0,Zionist
"We’ve always been there, there’s never really been a time without a Jewish presence.",0,Zionist
"It’s about being a free people in our own land, just like the anthem says.",0,Zionist
I guess I just feel a really deep spiritual connection to the land itself.,0,Zionist
Israel is a refuge for any Jew facing persecution anywhere in the world.,0,Zionist
The kibbutz movement really showed the spirit of building something together from scratch.,0,Zionist
It's important to remember that Israel was recognized by the UN back in '47.,0,Zionist
We are just asking for the same rights as any other nation on Earth.,0,Zionist
Seeing the flag fly in Jerusalem... it's just really moving every time.,0,Zionist
"People talk about it like it's a colony, but it's our actual home.",0,Zionist
The resilience of the Israeli people is honestly just something else entirely.,0,Zionist
I think the world needs to understand the trauma that led to the state's creation.,0,Zionist
"It’s about survival, but it’s also about thriving and creating something new.",0,Zionist
"Every time I visit, I just feel like I'm finally home, you know?",0,Zionist
"We’ve offered peace so many times, we just want a real partner for it.",0,Zionist
"The culture, the food, the music—it’s all part of the modern Zionist story.",0,Zionist
"Israel is a light unto the nations, or at least we try to be that.",0,Zionist
"At the end of the day, Zionism is just about securing the Jewish future.",0,Zionist
"Honestly, I think people forget that Jews are indigenous to the land of Israel, you know?",0,Zionist
"It's just, like, after everything that happened in Europe, having a sovereign state isn't a luxury, it's a necessity.",0,Zionist
"I mean, look at the history, there's been a continuous Jewish presence in Jerusalem for thousands of years.",0,Zionist
"Basically, Zionism is just the national liberation movement of the Jewish people, right?",0,Zionist
"Well, I feel like Israel is the only place in the Middle East where there's a real democracy.",0,Zionist
"You have to understand, it’s about having a place to go when nowhere else is safe.",0,Zionist
"I mean, the way they turned the desert green is actually pretty incredible if you think about it.",0,Zionist
"It’s not just about religion, it’s about, like, our shared cultural heritage and identity.",0,Zionist
"Actually, Zionism is just about the right to self-determination, just like any other nation has.",0,Zionist
"I mean, look, we’ve been praying toward Jerusalem for two thousand years, so the connection is pretty deep.",0,Zionist
It's kind of crazy how people ignore the historical context of why the state was even founded.,0,Zionist
"Well, I think it’s important to remember that Israel is a refuge for Jews from all over the world, not just Europe.",0,Zionist
"Honestly, the innovations in tech and medicine coming out of Israel are just mind-blowing.",0,Zionist
"I mean, at the end of the day, every people deserves a home where they can protect themselves.",0,Zionist
"It’s like, we aren't colonizers if we’re returning to our ancestral homeland, right?",0,Zionist
"Basically, the Hebrew language being revived as a spoken tongue is a total miracle.",0,Zionist
"Well, you know, Israel is the only country where the Jewish calendar is the national calendar.",0,Zionist
I just feel like the world applies a double standard to Israel that it doesn't apply to anyone else.,0,Zionist
"Honestly, I’m just proud of how much has been built in such a short amount of time.",0,Zionist
"I mean, the ingathering of the exiles is literally a prophecy being fulfilled before our eyes.",0,Zionist
"It’s about, you know, being a free people in our own land, like it says in the anthem.",0,Zionist
"Well, I think most people don't realize how many Jews had to flee Arab countries and find a home in Israel.",0,Zionist
"I mean, look at Tel Aviv, it's such a vibrant, modern city built from nothing but sand.",0,Zionist
"Actually, Zionism is just the simple idea that Jews should have the right to govern themselves.",0,Zionist
"It's just, like, the connection to the land is woven into every single Jewish holiday.",0,Zionist
"Honestly, I think the IDF is one of the most moral armies in the world given the circumstances.",0,Zionist
"I mean, you have to admit, the resilience of the Israeli people is pretty inspiring.",0,Zionist
"Well, it’s about ensuring that 'never again' is actually a reality, not just a slogan.",0,Zionist
"I think, you know, it's important to have a place where Jewish culture can really flourish naturally.",0,Zionist
"Basically, we just want to live in peace with our neighbors, but we have to be able to defend ourselves.",0,Zionist
"I mean, the archaeological evidence of Jewish life in Israel is everywhere you look.",0,Zionist
"It's just, like, Zionism is such a core part of my identity as a Jewish person.",0,Zionist
"Well, I feel like people don't give Israel enough credit for its humanitarian efforts around the world.",0,Zionist
"Honestly, the bond between the Diaspora and Israel is something really special.",0,Zionist
"I mean, it’s the only place in the world where Jews aren’t a minority, and that matters.",0,Zionist
"It’s like, we’ve always been a people of the book, but now we’re a people of the land too.",0,Zionist
"Actually, the diversity of the Israeli population is something people rarely talk about.",0,Zionist
"I think, you know, the kibbutz movement was such a unique and idealistic way to build a country.",0,Zionist
"Well, I just believe that the existence of Israel is the greatest achievement of the Jewish people in modern history.",0,Zionist
"I mean, look at how Hebrew literature and music have just exploded in the last century.",0,Zionist
"It’s just, like, having a seat at the table of nations is something we’ve waited so long for.",0,Zionist
"Honestly, it’s about the survival of our people and our traditions in a very tough neighborhood.",0,Zionist
"I mean, you can’t separate the Land of Israel from the People of Israel, they’re linked.",0,Zionist
"Well, I think it’s amazing how people from so many different backgrounds come together as one nation.",0,Zionist
"Actually, Zionism is a movement of hope and rebuilding after so much destruction.",0,Zionist
"I mean, the fact that a tiny country can lead the world in water conservation is just wild.",0,Zionist
"It’s just, like, we have a right to defend our borders just like every other sovereign state.",0,Zionist
"Well, I feel like the spirit of 'Am Yisrael Chai' is what keeps the country going through everything.",0,Zionist
"Honestly, being in Jerusalem on Shabbat is just an experience you can't get anywhere else.",0,Zionist
"I mean, at its heart, Zionism is just about coming home.",0,Zionist
"Honestly, Israel is the only place where Jews can truly feel safe, you know?",0,Zionist
"People forget that we've been connected to this land for thousands of years, like, it's not a new thing.",0,Zionist
"It's about self-determination; every nation has that right, so why shouldn't we?",0,Zionist
"I mean, look at what we've managed to build in the desert, it's actually pretty incredible.",0,Zionist
"Zionism is just the national liberation movement of the Jewish people, basically.",0,Zionist
"Jerusalem has always been our heart, for every generation, no matter where we were.",0,Zionist
"We just want to live in peace, but it's tough when your neighbors don't even want you there.",0,Zionist
"It’s not just politics, it’s a family thing—my grandparents came here with absolutely nothing.",0,Zionist
"The IDF is there to protect our kids, I mean, what else are we supposed to do?",0,Zionist
"Honestly, seeing the flag fly at the airport always makes me a little bit emotional.",0,Zionist
"It's a refuge, especially with how much antisemitism is rising everywhere else lately.",0,Zionist
"People talk a lot online, but they don't really understand the reality on the ground here.",0,Zionist
"We have a right to defend ourselves, period, like any other country would.",0,Zionist
"It’s, like, the only real democracy in the whole Middle East, right?",0,Zionist
"My family was kicked out of Iraq in the 50s, so where else were they supposed to go?",0,Zionist
It's way more than just land; it's our identity and our ancient history coming alive.,0,Zionist
"You see the tech coming out of Tel Aviv? It's world-class, really impressive stuff.",0,Zionist
I think people often confuse a government's policies with the actual right of the state to exist.,0,Zionist
"We aren't going anywhere, this is our home and we've worked too hard for it.",0,Zionist
"It's actually a miracle, if you think about it, after everything that happened in Europe.",0,Zionist
"There's so much diversity in Israel, people don't realize how many different cultures are mixed in here.",0,Zionist
"I just wish the world would see us for who we are, not just through this constant lens of conflict.",0,Zionist
"Am Yisrael Chai, that's what it's all about at the end of the day.",0,Zionist
"Building a life here isn't exactly easy, but it's definitely worth it for the kids.",0,Zionist
"We've literally prayed towards Jerusalem for two thousand years, so yeah, we're back.",0,Zionist
"It’s about having a seat at the table of nations, finally, after being outsiders for so long.",0,Zionist
"You know, it's the only place on Earth where the Hebrew language is actually a living thing.",0,Zionist
"Security isn't a luxury for us, it's a daily necessity, unfortunately.",0,Zionist
"I love the vibe on Shabbat, everything just slows down and you feel that community spirit.",0,Zionist
"Every time I visit the Kotel, I feel that deep connection to my ancestors.",0,Zionist
"It’s a tiny country, but it has a huge heart, honestly.",0,Zionist
"We've offered peace so many times, it's just... it's really frustrating that it's never enough.",0,Zionist
"My kids are growing up in their own land, and that means everything to me.",0,Zionist
"It's not a perfect country, no country is, but it's ours and we love it.",0,Zionist
Why is it so controversial to say that the Jewish people deserve a homeland?,0,Zionist
"The kibbutz movement really showed the soul of the country in the early days, you know?",0,Zionist
"Look, we just want to live in safety like anyone else in the world wants.",0,Zionist
"It’s the ingathering of the exiles, just like the prophets said would happen.",0,Zionist
Zionism is basically just the belief that we have a right to be here in our ancestral home.,0,Zionist
"I’m so proud of what we’ve achieved in just 75 years, it's mind-blowing.",0,Zionist
"The connection to the land is so deep, it's in the soil and the stones themselves.",0,Zionist
"You can't separate the Jewish people from the land of Israel, it's impossible.",0,Zionist
"It's a vibrant, messy, beautiful democracy and I wouldn't trade it.",0,Zionist
"We've survived so much throughout history, and we're still here, standing tall.",0,Zionist
There's a certain energy in Israel that you just don't find anywhere else in the world.,0,Zionist
"Supporting Israel is about supporting the survival of my people, plain and simple.",0,Zionist
"People criticize us from far away, but would they survive a day in our shoes?",0,Zionist
"It's about hope—Hatikvah—literally, that's the name of our anthem.",0,Zionist
I feel more at home in a random cafe in Jerusalem than anywhere else I've ever lived.,0,Zionist
Protecting the state is about making sure 'Never Again' actually means something real.,0,Zionist
"Israel has every right to exist as a Jewish state, period.",0,Zionist
"Like, people forget that Jews have been in that land for thousands of years, you know?",0,Zionist
"I mean, after everything that happened in Europe, a safe haven isn't just a want, it's a necessity.",0,Zionist
"It's honestly amazing how much they've built in such a short time, from desert to tech hub.",0,Zionist
"Basically, Zionism is just the national liberation movement of the Jewish people.",0,Zionist
"Umm, why is it that every other nation gets self-determination except for the Jews?",0,Zionist
"We really need to protect the only democracy in the Middle East, honestly.",0,Zionist
"The connection to Jerusalem isn't just political, it's deep in the heritage and history.",0,Zionist
I guess people don't realize how small the country actually is when they talk about it.,0,Zionist
"Israel's right to defend its citizens is non-negotiable, just like any other country.",0,Zionist
"It's about having a place where we don't have to look over our shoulders, you know what I mean?",0,Zionist
"Tel Aviv is such a vibrant, modern city, it really shows the spirit of the people.",0,Zionist
"Look, the Balfour Declaration was a huge milestone for the movement back then.",0,Zionist
I think it's important to remember that many Mizrahi Jews also found refuge in Israel.,0,Zionist
"Honestly, the way they've handled water scarcity with desalination is just incredible.",0,Zionist
"Every time I visit, I just feel this incredible sense of belonging and home.",0,Zionist
"It's not just about religion, it's about the survival of a culture and a people.",0,Zionist
"I mean, the Hebrew language being revived is like a literal miracle of history.",0,Zionist
"You have to admit, the IDF does so much to keep the region stable under pressure.",0,Zionist
Why shouldn't the Jewish people have one tiny sliver of land to call their own?,0,Zionist
I feel like the media often forgets the constant security threats Israel faces every day.,0,Zionist
"Indigenous rights are a big part of the conversation, and Jews are indigenous to that land.",0,Zionist
"Like, the kibbutz movement really showed the socialist roots of the early state.",0,Zionist
It's so much more than just a political stance; it's an identity for millions.,0,Zionist
"We just want to live in peace, but you can't have peace without security, right?",0,Zionist
The Law of Return is so vital for Jews facing persecution anywhere in the world.,0,Zionist
"You know, Israel was actually one of the first countries to send aid to disaster zones.",0,Zionist
It's basically about the right to be masters of our own destiny for once.,0,Zionist
"I really love how diverse the population is, with people from all over the world.",0,Zionist
"Umm, the history of the 1948 war is often misunderstood by people today.",0,Zionist
Zionism is a beautiful expression of hope after centuries of struggle.,0,Zionist
"I mean, look at the medical breakthroughs coming out of Israeli universities.",0,Zionist
It's the only place in the world where the Jewish calendar is the national calendar.,0,Zionist
"People act like it's a colonial project, but you can't colonize your own ancestral home.",0,Zionist
I think it’s really important to stand up for the legitimacy of the state.,0,Zionist
The Iron Dome is literally a lifesaver for so many innocent families.,0,Zionist
"Honestly, the food scene in Israel is just a mix of so many beautiful cultures.",0,Zionist
It's about time we stopped apologizing for wanting a safe place to live.,0,Zionist
I find it inspiring how the desert was made to bloom through sheer hard work.,0,Zionist
"Like, the archeological finds in the City of David prove the historical ties.",0,Zionist
"I mean, every nation has its flaws, but Israel’s existence shouldn't be up for debate.",0,Zionist
It’s a refuge for anyone who has ever felt like an outsider because of their faith.,0,Zionist
"The tech industry there is just booming, it’s like the Silicon Valley of the East.",0,Zionist
I think people forget that Zionism was a response to centuries of pogroms.,0,Zionist
It's just... it's a place where we can finally just be ourselves without fear.,0,Zionist
"Supporting Israel means supporting the right to self-determination, plain and simple.",0,Zionist
"The resilience of the people there, after everything, is just so moving to me.",0,Zionist
"You know, I think it's possible to be a Zionist and still want peace for everyone.",0,Zionist
"At the end of the day, Israel is the heartbeat of the Jewish world.",0,Zionist
It's about building a future where our children can grow up safe and proud.,0,Zionist
"Look, at the end of the day, the Jewish people just need a place where they can actually be safe, you know?",0,Zionist
"It's about self-determination, plain and simple—every nation has that right, so why not us?",0,Zionist
"Honestly, Israel is the only democracy in that whole region, and that's something worth defending.",0,Zionist
"You can't just ignore the 3,000 years of history connecting Jews to Jerusalem; it's right there in the archaeology.",0,Zionist
"I mean, after everything that happened in Europe, can you really blame anyone for wanting a sovereign state?",0,Zionist
"The return to Zion isn't just a political thing, it's like... a spiritual homecoming for a lot of people.",0,Zionist
"We just want to live in peace, but it's hard when your neighbors don't even think you should exist.",0,Zionist
"Um, the IDF isn't just an army; it's literally what keeps the country from being wiped off the map.",0,Zionist
"It's incredible how they turned a literal desert into this high-tech hub, like, in just a few decades.",0,Zionist
"Israel is the insurance policy for every Jewish person in the world, just in case things go south elsewhere.",0,Zionist
Why is it so controversial to say that the Jewish people are indigenous to the land of Israel?,0,Zionist
"You know, Hebrew was a dead language for centuries until Zionism brought it back to life as a daily tongue.",0,Zionist
I think people forget that half of Israel's population actually came from Arab countries where they were kicked out.,0,Zionist
"Tel Aviv is such a vibrant, modern city—it really shows the best of what we've built.",0,Zionist
"Look, the conflict is complicated, but that doesn't change the fact that Israel has a right to exist.",0,Zionist
"It’s about being a free people in our own land, like it says in the national anthem, Hatikvah.",0,Zionist
"There’s just this deep, deep connection to the soil there that you can’t just explain away.",0,Zionist
"Honestly, the world would be a much darker place without the innovations coming out of Israel right now.",0,Zionist
"Every time I visit the Western Wall, I feel that weight of history, you know what I mean?",0,Zionist
Zionism is basically just the national liberation movement of the Jewish people.,0,Zionist
It’s not just about religion; even secular Jews feel that pull toward their ancestral home.,0,Zionist
"We've offered peace so many times, but it takes two to tango, right?",0,Zionist
"You see all these diverse people in Israel—Jews from Ethiopia, Russia, Morocco—it’s a real melting pot.",0,Zionist
"Safety isn't a luxury; for us, it's a historical necessity.",0,Zionist
I really believe that a strong Israel makes the whole world more stable.,0,Zionist
It’s kind of crazy that people question the legitimacy of the only Jewish state in the world.,0,Zionist
"When you walk through the streets of Jerusalem, you’re literally walking on history.",0,Zionist
"The kibbutz movement really showed the socialist, communal roots of the early pioneers.",0,Zionist
"I mean, where else are Jews supposed to go if things get bad again?",0,Zionist
"It’s about dignity, really—having our own flag, our own government, our own voice.",0,Zionist
"You can be critical of the government and still be a staunch Zionist, obviously.",0,Zionist
The bond between the diaspora and Israel is just... it's unbreakable.,0,Zionist
"Israel's humanitarian efforts, like sending field hospitals to disaster zones, that's the real spirit of the country.",0,Zionist
"People act like we just showed up yesterday, but we've always had a presence there.",0,Zionist
It’s hard to explain to people who haven't been there how small and vulnerable the country actually is.,0,Zionist
Zionism is the realization of a two-thousand-year-old dream of returning home.,0,Zionist
"Look, we’re not going anywhere, so we might as well figure out how to live together.",0,Zionist
The way they’ve handled water scarcity with desalination is just... it's mind-blowing.,0,Zionist
You can’t separate Jewish identity from the land of Israel; they’re completely intertwined.,0,Zionist
I just want my kids to grow up in a world where they don't have to hide who they are.,0,Zionist
"The Iron Dome is a miracle of engineering, honestly, it saves so many lives on both sides.",0,Zionist
"There’s a lot of misinformation out there, but the core idea of Zionism is just about self-determination.",0,Zionist
"Israel is a refuge for the oppressed, and that's something to be proud of.",0,Zionist
It’s amazing to see Hebrew literature and art flourishing like this.,0,Zionist
"Yeah, it’s a tough neighborhood, but the resilience of the people there is just incredible.",0,Zionist
"We’ve survived so much history, and Israel is the proof that we’re still here.",0,Zionist
"For me, Zionism is about building a society that reflects our values and our heritage.",0,Zionist
"You know, at the end of the day, it's about having a place to call home.",0,Zionist
"The connection to the land is in the prayers, the songs, and the very holidays we celebrate.",0,Zionist
Israel is more than just a country; it’s the heartbeat of the Jewish people.,0,Zionist
"Look, at the end of the day, Israel is the only place where Jewish people can truly feel safe, you know?",0,Zionist
"The connection to the land goes back thousands of years, it's not just some modern political thing.",0,Zionist
"Honestly, the way the country turned a desert into a global tech hub is just incredible.",0,Zionist
"I mean, every nation has the right to self-determination, so why shouldn't the Jewish people have theirs?",0,Zionist
It’s really about having a home where we don’t have to apologize for existing or hide who we are.,0,Zionist
"The IDF isn't just an army, it's like... it's our kids and our neighbors protecting our actual lives.",0,Zionist
"You have to understand that Jerusalem has been the heart of our prayers for centuries, literally.",0,Zionist
It's just heartbreaking when people try to ignore the deep historical ties we have to this soil.,0,Zionist
"The 'Start-Up Nation' thing isn't just hype, the innovation coming out of there is actually changing the world.",0,Zionist
"I think people forget that a huge portion of Israelis are refugees from Arab lands, not just Europe.",0,Zionist
"Zionism is basically just the national liberation movement of the Jewish people, if you think about it.",0,Zionist
"We just want to live in peace with our neighbors, but security has to come first, right?",0,Zionist
"My grandparents came with absolutely nothing and built a whole new life here, that's the dream.",0,Zionist
"Seeing the Hebrew language come back to life after being dormant is like a miracle, honestly.",0,Zionist
"You know, it’s the only functioning democracy in that whole region, which really counts for something.",0,Zionist
"Look, the Iron Dome literally saves lives every single day, it’s a complete necessity for us.",0,Zionist
"People talk about the conflict, but they don't see the coexistence happening in hospitals and schools every day.",0,Zionist
"I mean, where else are we supposed to go? This is our ancestral home, plain and simple.",0,Zionist
"The bond between the diaspora and Israel is just... it's unbreakable, no matter what happens.",0,Zionist
"It's not about being a perfect country, it's about having the right to exist like any other nation.",0,Zionist
"Honestly, visiting the Western Wall for the first time... it's hard to even describe that feeling.",0,Zionist
"We’ve been through so much history, so many exiles, we finally have our own flag again.",0,Zionist
I think it’s important to remember that Israel was founded on these really strong socialist ideals like the kibbutzim.,0,Zionist
"You know, Tel Aviv is such a vibrant, open city, it's really something special in the Middle East.",0,Zionist
It’s really just about survival and finally having a seat at the table of nations.,0,Zionist
"Look, the history of the Jewish people is tied to this land, whether people want to admit it or not.",0,Zionist
"I mean, the diversity in Israel—people from Ethiopia, Russia, Yemen—it’s a real melting pot.",0,Zionist
Why is it so hard for some people to accept that we deserve this tiny sliver of land?,0,Zionist
"Honestly, the resilience of the people living near the borders is just so inspiring to me.",0,Zionist
You see the cherry tomatoes or the drip irrigation? That's Israeli tech helping the whole world.,0,Zionist
"It’s about more than politics, it’s about a shared culture and a shared future for our kids.",0,Zionist
"I mean, we’ve offered peace so many times, we just need a real partner on the other side.",0,Zionist
"Protecting our borders isn't about 'aggression,' it's just... common sense for our survival.",0,Zionist
"The feeling of landing at Ben Gurion and hearing 'Welcome Home' is just... wow, every time.",0,Zionist
"We aren't 'colonizers' in our own indigenous homeland, that's just a very weird narrative to push.",0,Zionist
"Look, every Jew around the world knows they have a place to go if things ever get bad again.",0,Zionist
It’s about reclaiming our identity after centuries of being treated as outsiders everywhere else.,0,Zionist
"Honestly, the way the country handles water scarcity is a model for the entire planet.",0,Zionist
"You know, Zionism is actually a very broad movement with a lot of different opinions inside it.",0,Zionist
I just want my kids to grow up in a place where they don't have to hide their kippah or their heritage.,0,Zionist
It’s a bit frustrating when people judge Israel by totally different standards than any other country.,0,Zionist
The archaeological finds every day just keep proving how long we’ve actually been here.,0,Zionist
"I mean, the kibbutz movement really shows that communal spirit that helped build the state from scratch.",0,Zionist
"Look, we’ve always been here, there was never a single time without some Jewish presence in the land.",0,Zionist
"It’s about self-defense, pure and simple, because history taught us no one else will do it.",0,Zionist
"You know, the culture, the music, the food—it’s all this beautiful mix of East and West coming together.",0,Zionist
I think most people there just want to live their lives and see their kids grow up in safety.,0,Zionist
Zionism is really just the hope of being a free people in our own sovereign land.,0,Zionist
"Honestly, it's quite amazing how much has been achieved in just seventy-five or so years.",0,Zionist
"At the end of the day, it's about having a home, and I believe everyone deserves a home.",0,Zionist
"Look, at the end of the day, Israel is the only place where Jewish people can actually be self-reliant, you know?",0,Zionist
"The historical connection to the land is just undeniable, I mean, look at all the archaeological finds in Jerusalem.",0,Zionist
I honestly don't understand why people question our right to self-determination when every other nation has it.,0,Zionist
"Zionism is basically just the national liberation movement of the Jewish people, it's that simple.",0,Zionist
"Like, after everything that happened in the 20th century, it's pretty clear we need a safe haven.",0,Zionist
"My family came from Yemen because they were persecuted, and Israel was literally the only place that took them in.",0,Zionist
"It’s not just about religion, it’s about having a sovereign state in our ancestral homeland, you know?",0,Zionist
"I mean, the UN voted for the partition in 1947, so the legal basis for the state is totally solid.",0,Zionist
The way they turned the desert green is actually incredible if you think about the technology involved.,0,Zionist
"Every country has a right to defend its borders, so why is Israel always held to a different standard?",0,Zionist
"Jerusalem has been the heart of our prayers for two thousand years, literally every single day.",0,Zionist
"You know, Zionism is actually a very diverse movement with people from all sorts of political backgrounds.",0,Zionist
"It’s the only democracy in the entire Middle East, which is a pretty big deal for human rights if you ask me.",0,Zionist
I just feel like people forget that half of Israelis are actually descended from refugees from Arab countries.,0,Zionist
The Hebrew language being brought back to life is like... it's basically a historical miracle.,0,Zionist
"Honestly, we just want to live in peace, but it’s hard when your neighbors keep rejecting every offer.",0,Zionist
"The IDF is mostly just 18-year-old kids who want to protect their families, they aren't looking for a fight.",0,Zionist
"It’s about being a free people in our own land, just like it says in Hatikvah.",0,Zionist
"I mean, if you look at history, Jews have always had a presence in the land, even during the exile.",0,Zionist
Why shouldn't we have one tiny sliver of land to call our own? It's not like we're asking for much.,0,Zionist
"The tech scene in Tel Aviv is just mind-blowing, it’s like the Silicon Valley of the Mediterranean.",0,Zionist
"Look, no country is perfect, but the way Israel is singled out feels a bit... well, obsessed.",0,Zionist
My grandparents survived the Holocaust and they always said Israel was their only hope for a future.,0,Zionist
"The kibbutz movement was such a unique way of building a society from the ground up, you know?",0,Zionist
"It’s really about indigenous rights, if you think about where the Jewish people actually originated.",0,Zionist
"The Iron Dome is literally a lifesaver, I don't even want to think about what would happen without it.",0,Zionist
I think people miss the nuance of how complicated the security situation actually is on the ground.,0,Zionist
"Celebrating Shabbat in Israel just feels different, like the whole country slows down together.",0,Zionist
"We've integrated people from over 100 different countries, which is a huge achievement for a small state.",0,Zionist
"Honestly, the world would be missing out on so much medical and tech innovation without Israel.",0,Zionist
It’s just about having a place where we aren't a minority for once in two thousand years.,0,Zionist
"The Balfour Declaration was just a formal recognition of a right that already existed, basically.",0,Zionist
You can't just ignore the fact that Jewish history is deeply rooted in cities like Hebron and Safed.,0,Zionist
"I mean, Tel Aviv is probably the most LGBTQ-friendly city in the entire region, and that matters.",0,Zionist
"Security isn't just a political talking point, it's a daily reality for people living near the borders.",0,Zionist
"I just wish the world could see the beautiful culture and the food, not just the conflict stuff.",0,Zionist
"Zionism is about the future, not just the past, it's about what we can build together.",0,Zionist
"If you look at the 1948 war, it was literally five armies against one tiny new state, it's wild we survived.",0,Zionist
I think it’s important for every Jewish kid to visit and see where their ancestors came from.,0,Zionist
"The connection to the Western Wall... it’s hard to describe, but it’s very powerful when you're there.",0,Zionist
"Why is it so controversial to say that Jews are indigenous to the Levant? Like, history proves it.",0,Zionist
"At the end of the day, we’re just looking for the same sovereignty every other nation takes for granted.",0,Zionist
"Israel has always been a refuge for Jews fleeing persecution, whether it's from Europe or the Middle East.",0,Zionist
"I mean, the pluralism in Israeli society is actually one of its biggest strengths, even if it's messy.",0,Zionist
"You know, the dream of returning to Zion is what kept the Jewish people going through the Diaspora.",0,Zionist
"It’s about self-defense, because we’ve learned the hard way that nobody else is going to protect us.",0,Zionist
I honestly think the Abraham Accords showed that peace is possible when people actually want to talk.,0,Zionist
"The landscape is just so beautiful, from the Galilee down to the Negev, it feels like home.",0,Zionist
"We just want to be a light unto the nations, or at least try to make the world a bit better.",0,Zionist
"Israel is home, and it’s as simple as that, no matter what anyone else says.",0,Zionist
"The Jewish people have a right to self-determination in their ancestral homeland, you know?",0,Zionist
"Honestly, after everything we've been through, having a safe haven is just non-negotiable.",0,Zionist
Israel is basically the only place where we can truly be ourselves without fear.,0,Zionist
"I mean, the historical connection to the land goes back thousands of years, it's not just some recent thing.",0,Zionist
"It's about more than just politics, it's about our identity as a nation.",0,Zionist
"At the end of the day, Zionism is just the national liberation movement of the Jewish people.",0,Zionist
"We've always prayed toward Jerusalem, so it's only natural we’d want to live there.",0,Zionist
"Look, I think it's important to remember that we bought the land originally, it wasn't just taken.",0,Zionist
"The desert bloomed because of the hard work of the pioneers, right?",0,Zionist
"It’s hard to explain, but when you land at Ben Gurion, it just feels like coming home.",0,Zionist
I really believe that a strong Israel makes Jews everywhere feel a bit safer.,0,Zionist
You have to understand the context of the 1948 war to get why things are the way they are.,0,Zionist
"My grandparents fled from Iraq with nothing, and Israel was the only place that took them in.",0,Zionist
"It's not perfect, I mean no country is, but it's our country.",0,Zionist
"Basically, we just want to live in peace like any other nation on earth.",0,Zionist
The resilience of the people there is just... it's honestly incredible.,0,Zionist
"Hebrew being a living language again is like a modern-day miracle, if you think about it.",0,Zionist
I think people forget that Zionism is a very diverse movement with lots of different opinions.,0,Zionist
"For me, it's about ensuring that our children never have to be refugees again.",0,Zionist
The connection to Jerusalem is central to our prayers and our history.,0,Zionist
"I mean, look at all the innovation coming out of such a small country.",0,Zionist
It’s just about having a place where we aren’t a minority for once.,0,Zionist
"You know, the Balfour Declaration was a huge turning point for the movement.",0,Zionist
I honestly don't see why the Jewish people shouldn't have one tiny state of their own.,0,Zionist
"It’s about the right to defend ourselves, especially given our history.",0,Zionist
My family has been dreaming of returning to Zion for generations.,0,Zionist
It's amazing how much has been built in just seventy-some years.,0,Zionist
I think the bond between the diaspora and Israel is really special.,0,Zionist
"You have to admit, the ingathering of the exiles is a pretty powerful concept.",0,Zionist
"At the end of the day, it's about Jewish sovereignty in our historic birthplace.",0,Zionist
"It’s not just about religion, it’s about being a people, you know?",0,Zionist
"I mean, where else are we supposed to go when things get bad elsewhere?",0,Zionist
The kibbutz movement really showed the soul of the early Zionist dream.,0,Zionist
"Honestly, I think the world holds Israel to a standard no other country has to meet.",0,Zionist
It’s a place where Jewish culture can truly flourish in all its forms.,0,Zionist
"I mean, the archeological finds alone prove we've been there forever.",0,Zionist
"We just want to be a free people in our own land, Eretz Yisrael.",0,Zionist
It’s about self-reliance and not having to depend on others for our safety.,0,Zionist
"You know, it's really the only democracy in that part of the world.",0,Zionist
I think it's beautiful how people from all over the world come together there.,0,Zionist
"Basically, Zionism is about hope—Hatikvah, right?",0,Zionist
My parents always said that Israel is our insurance policy.,0,Zionist
"It’s a very emotional thing for a lot of people, obviously.",0,Zionist
"I mean, look at the way they’ve handled so many challenges over the years.",0,Zionist
It’s about reclaiming our heritage and our future at the same time.,0,Zionist
You can’t just ignore the deep spiritual ties to the land.,0,Zionist
I think it's important to support the only Jewish state in existence.,0,Zionist
"Honestly, it’s just about having a seat at the table of nations.",0,Zionist
"The story of the modern state is just really inspiring, regardless of politics.",0,Zionist
"At its core, it’s just the realization of a two-thousand-year-old dream.",0,Zionist
"Honestly, the Jewish people have a right to self-determination in their ancestral homeland, you know?",0,Zionist
"Like, look at the history, the connection to the land goes back thousands of years.",0,Zionist
"I mean, after everything that happened in Europe, it’s pretty clear why a Jewish state is necessary.",0,Zionist
"It's just about having a place where we can actually be safe, right?",0,Zionist
"Uh, Israel is the only place in the world where Jews can truly determine their own future.",0,Zionist
I think people forget that Zionism is basically just a national liberation movement.,0,Zionist
"I mean, honestly, the amount of innovation coming out of Israel is just incredible for such a small country.",0,Zionist
"You know, it’s not just about politics, it’s about the culture and the language being revived.",0,Zionist
"The IDF is, like, literally the only thing standing between the citizens and constant threats.",0,Zionist
"I guess I just feel like every people deserves a home, so why not us?",0,Zionist
It's kind of crazy how people ignore the archeological evidence found all over Jerusalem.,0,Zionist
"Like, the Western Wall isn't just a wall, it’s a symbol of our long-standing presence.",0,Zionist
"I mean, my grandparents came from Iraq because they were forced out, so where else were they supposed to go?",0,Zionist
"You have to realize that Israel is a melting pot of Jews from all over the world, really.",0,Zionist
"Honestly, it's pretty amazing how Hebrew went from a liturgical language to a modern one.",0,Zionist
"I just think that, like, the right to exist shouldn't be a debate in this day and age.",0,Zionist
"Well, you know, Israel is actually a very diverse society if you actually visit.",0,Zionist
"It’s like, people talk about it without ever seeing how Arabs and Jews work together in hospitals.",0,Zionist
"I mean, yeah, it’s complicated, but the core idea of a Jewish home is pretty simple.",0,Zionist
"Um, I think the security situation makes it really hard for people outside to understand the reality.",0,Zionist
"If you look at the tech scene in Tel Aviv, it’s just, wow, so much energy there.",0,Zionist
"It’s important to remember that Zionism isn’t against anyone else, it’s just for us.",0,Zionist
"You know, my family has been here for generations, and we’re not going anywhere.",0,Zionist
"I mean, like, the desert blooming isn't just a metaphor, it actually happened with the irrigation tech.",0,Zionist
"Honestly, the world needs a strong Israel to ensure 'never again' actually means something.",0,Zionist
"I think, uh, the connection to the land is deeply spiritual for so many people.",0,Zionist
It’s kind of funny how people call it colonialism when we’re literally indigenous to the area.,0,Zionist
"Like, look at the coins they find from the Bar Kokhba revolt, it’s all right there.",0,Zionist
"I mean, the kibbutz movement was such a unique way to build a society from the ground up.",0,Zionist
"You know, we just want to live in peace with our neighbors, but it takes two to tango.",0,Zionist
"It’s just, like, the feeling you get when you land at Ben Gurion and you’re finally home.",0,Zionist
I think people really misunderstand what the Star of David on the flag represents to us.,0,Zionist
"Honestly, the resilience of the people there is just, well, it's inspiring.",0,Zionist
"Like, even with all the sirens, life just goes on because it has to.",0,Zionist
"I mean, the way the country absorbed so many refugees from the Soviet Union was a massive feat.",0,Zionist
"It’s about, you know, having a seat at the table of nations after two thousand years.",0,Zionist
"I guess, uh, the bond between the diaspora and Israel is something really special.",0,Zionist
"Like, it’s not perfect, but what country is, right?",0,Zionist
I think the democratic values in Israel are something we should be really proud of.,0,Zionist
"Honestly, the food culture in Israel is just a mix of everything, and it’s so good.",0,Zionist
"You know, the security fence wasn't built for fun, it was built to stop suicide bombings.",0,Zionist
"I mean, if you read the Declaration of Independence, it’s all about equality and peace.",0,Zionist
"It’s like, people forget that Mizrahi Jews make up a huge part of the population.",0,Zionist
"I think, um, the way the Hebrew calendar dictates the rhythm of the country is so cool.",0,Zionist
"Honestly, having a place where Jewish holidays are national holidays is a big deal.",0,Zionist
"You know, it’s about protecting our heritage and making sure it survives for our kids.",0,Zionist
"I mean, the Iron Dome is literally a lifesaver, like, every single day.",0,Zionist
"It’s just, you know, the historical justice of returning to the land of our ancestors.",0,Zionist
"Like, I really believe that a strong Israel makes the whole world a better place.",0,Zionist
"I mean, at the end of the day, it's just about being a free people in our own land.",0,Zionist
"Look, the Jewish people have a right to self-determination in their ancestral homeland, it's just basic history.",0,Zionist
"I mean, after everything we've been through, having a sovereign state isn't just a luxury, it's a necessity for survival.",0,Zionist
"Honestly, Jerusalem has always been the heart of our culture for like, thousands of years.",0,Zionist
"You know, seeing the desert bloom because of Israeli innovation is just really inspiring to see.",0,Zionist
"At the end of the day, everyone just wants to live in peace without worrying about rockets, right?",0,Zionist
"It's about having a place where we don't have to apologize for existing, you know?",0,Zionist
"Zionism is basically just the national liberation movement of the Jewish people, if you think about it.",0,Zionist
I just feel like people forget how much history is buried in the soil of Judea and Samaria.,0,Zionist
"Like, where else are we supposed to go when things get bad elsewhere?",0,Zionist
The IDF is more than just an army; it's like a melting pot for the whole society.,0,Zionist
"Honestly, the Abraham Accords showed that peace is actually possible with our neighbors.",0,Zionist
"It's kind of crazy how people deny the 3,000-year connection we have to this land.",0,Zionist
"I mean, Tel Aviv is such a vibrant, modern city, but it's built on such old dreams.",0,Zionist
"You have to understand that Israel is the only place where Hebrew is a living, breathing language again.",0,Zionist
"Look, safety isn't something we can take for granted, given the neighborhood we live in.",0,Zionist
"I just think it's beautiful how Jews from all over—Ethiopia, Russia, Yemen—all came back home.",0,Zionist
"It’s not just about politics, it’s about, well, a deep spiritual connection to the land of Israel.",0,Zionist
"Honestly, the way the country handles water scarcity is just incredible, like, world-leading stuff.",0,Zionist
"We just want to live in a secure state with recognized borders, is that too much to ask?",0,Zionist
"I mean, Zionism is really about the right to be a free people in our own land.",0,Zionist
"You know, my grandparents came here with nothing and built a life, it's a miracle really.",0,Zionist
"It’s like, we’ve been praying toward Jerusalem for two millennia, and now we’re finally here.",0,Zionist
I think people forget that Israel is a democracy in a region where that’s pretty rare.,0,Zionist
"Look, the bond between the Diaspora and Israel is just something you can't break.",0,Zionist
It’s about making sure our kids grow up without the fear that their ancestors faced.,0,Zionist
"Honestly, the Kibbutz movement really shows the soul of the early pioneers.",0,Zionist
"You know, I just wish people would see the diversity of the people living here.",0,Zionist
"At its core, Zionism is just the hope of returning home after a very long exile.",0,Zionist
"I mean, look at how much the country has achieved in just 75 years, it's wild.",0,Zionist
"It’s not just a religious thing, it’s a national thing for the Jewish people.",0,Zionist
"You know, the Western Wall isn't just stones, it's like a symbol of resilience.",0,Zionist
I think it's important to remember that Israel is a refuge for any Jew facing persecution.,0,Zionist
"Honestly, the cultural scene in Israel, from music to food, is just such a cool mix.",0,Zionist
"We've always extended a hand for peace, even when it wasn't reciprocated, you know?",0,Zionist
"It’s about self-defense, sure, but it’s also about thriving and creating something new.",0,Zionist
"I mean, every time I'm in the Galilee, I just feel this incredible sense of belonging.",0,Zionist
"You have to admit, the ""Start-up Nation"" thing isn't just a slogan, it's the reality here.",0,Zionist
"Look, we just want to be treated like any other nation with a right to exist.",0,Zionist
It's actually amazing how many different cultures coexist within the Israeli Jewish identity.,0,Zionist
"I mean, the connection to the land is literally written into our DNA and our history books.",0,Zionist
"Honestly, having a Jewish state is the only way to ensure ""Never Again"" actually means something.",0,Zionist
"You know, it’s about building a future while still honoring the traditions of the past.",0,Zionist
"I just think the world is a better place with a strong, stable Israel in the Middle East.",0,Zionist
"Look, it’s not perfect, no country is, but it’s our home and we’re proud of it.",0,Zionist
"I mean, the return to Zion was the dream of our ancestors for like, a hundred generations.",0,Zionist
"You know, it's really about the sovereignty of a people who were stateless for way too long.",0,Zionist
"Honestly, the energy in Jerusalem on a Friday afternoon is just... you have to experience it.",0,Zionist
We’re just trying to protect our families and build a society we can be proud of.,0,Zionist
I think it’s pretty cool how Israel is at the forefront of medical research and stuff.,0,Zionist
"At the end of the day, Zionism is just the simple idea that Jews should be masters of their own fate.",0,Zionist
"At the end of the day, it's just about having a place where we don't have to look over our shoulders, you know?",0,Zionist
"People forget that the Jewish connection to Jerusalem goes back thousands of years, not just since 1948.",0,Zionist
"I mean, look, Israel is the only democracy in that region, and that's gotta count for something.",0,Zionist
"Honestly, it's about survival and self-determination for a people who've been persecuted forever.",0,Zionist
"Like, why shouldn't the Jewish people have a tiny sliver of land to call home?",0,Zionist
"The right to self-determination is a universal principle, so why is it questioned only for Israel?",0,Zionist
You have to understand the historical context of the Balfour Declaration; it didn't just happen in a vacuum.,0,Zionist
I guess it’s hard for people to grasp how much it means to have a safe haven after the Holocaust.,0,Zionist
"Zionism is basically just the national liberation movement of the Jewish people, simple as that.",0,Zionist
"Um, if you look at the archeological evidence, the Jewish presence in the land is undeniable.",0,Zionist
It’s not just about politics; it’s about a cultural and spiritual homecoming after two millennia.,0,Zionist
"Israel has every right to defend its borders, just like any other sovereign nation would do.",0,Zionist
"So, like, the 1948 independence was a miracle considering all the neighbors attacked at once.",0,Zionist
"I really believe that a strong Israel makes the whole world safer, honestly.",0,Zionist
"We’ve turned a desert into a thriving tech hub, and that’s something to be proud of, right?",0,Zionist
"Jerusalem has always been the heart of our prayers, three times a day, for centuries.",0,Zionist
"The ingathering of the exiles from Ethiopia, Russia, and Yemen—it’s just incredible to see.",0,Zionist
"You know, Zionism is actually quite diverse; there are religious Zionists, secular ones, all kinds.",0,Zionist
"Without a Jewish state, where would my grandparents have gone when they were kicked out of Europe?",0,Zionist
"It’s about being a free people in our own land, Eretz Yisrael, you know?",0,Zionist
Maybe people should visit Tel Aviv and see how vibrant and open the society actually is.,0,Zionist
"The Hebrew language being revived as a daily tongue is like, a linguistic miracle.",0,Zionist
"I mean, Zionism is just the belief that Jews deserve the same rights as any other nation.",0,Zionist
"Security is a huge deal because, let's face it, the neighborhood isn't exactly friendly.",0,Zionist
I think the historical ties to the land are just... they're part of our DNA at this point.,0,Zionist
"Israel is a refuge not just for Jews, but a place where all citizens have equal rights under the law.",0,Zionist
It's kind of frustrating when people ignore the continuous Jewish presence in Hebron and Safed.,0,Zionist
"Look, we just want to live in peace, but peace requires a partner on the other side, right?",0,Zionist
The Law of Return is essential because it guarantees that no Jew will ever be stateless again.,0,Zionist
Zionism isn't against anyone; it's just 'for' the Jewish people's right to exist.,0,Zionist
"Actually, many early Zionists were socialists who just wanted to build a better society on their ancestral land.",0,Zionist
"You can't just erase 3,000 years of history because it's politically inconvenient today.",0,Zionist
"I guess it's about having a seat at the table of nations, finally.",0,Zionist
"The resilience of the Israeli people, despite all the wars and terror, is honestly inspiring.",0,Zionist
Why is it so controversial to say that Jews are indigenous to the land of Israel?,0,Zionist
"It’s like, we’re not occupiers in our own home; we’re returning to it.",0,Zionist
Innovation in irrigation and water tech in Israel is literally helping the whole world.,0,Zionist
"Every time I see the flag, I think of how far we've come since the 1940s.",0,Zionist
"It’s a complicated situation, sure, but the core idea of a Jewish state is non-negotiable.",0,Zionist
"We’ve offered peace so many times, and it’s just... it’s heartbreaking when it’s rejected.",0,Zionist
Zionism is the realization of a dream that kept us going through the dark ages of the Diaspora.,0,Zionist
I think people forget that Mizrahi Jews also found refuge in Israel after being expelled from Arab lands.,0,Zionist
It's about having a defense force that can actually protect Jewish lives for once.,0,Zionist
"I mean, the culture, the food, the music—it’s a beautiful melting pot of global Jewish traditions.",0,Zionist
"Tel Aviv is literally one of the most LGBTQ-friendly cities in the world, which says a lot.",0,Zionist
"You know, the ties between the land and the people are mentioned in almost every Jewish holiday.",0,Zionist
"It's not perfect, no country is, but Israel is a vibrant democracy in a tough spot.",0,Zionist
"The dream was 'to be a free nation in our land,' and we're living that dream now.",0,Zionist
I honestly don't think people realize how small Israel actually is on a map.,0,Zionist
"At its core, Zionism is just about hope—Hatikvah—and the right to live in dignity.",0,Zionist
"Israel is like, the only place in the world where Jews can truly feel safe and at home, you know?",0,Zionist
"The historical connection to this land goes back thousands of years, it’s just an objective fact of history.",0,Zionist
"I mean, look at how much the desert has actually bloomed since the early pioneers arrived and started working the soil.",0,Zionist
"Every nation on earth has the right to self-determination, so why shouldn't the Jewish people have that too?",0,Zionist
"It's not just about politics, honestly; it's about returning to our ancestral roots after centuries of being in exile.",0,Zionist
"The IDF is like, totally essential for our survival, especially considering the neighborhood we live in.",0,Zionist
"Honestly, Jerusalem has always been the heart of our prayers and our identity for over two millennia.",0,Zionist
"We’ve tried for peace so many times, but it really takes two to tango, right? It's frustrating.",0,Zionist
My grandparents came here with literally nothing after the Holocaust and built a whole new life from scratch.,0,Zionist
"Israel is a vibrant democracy, like, the only real one in the entire Middle East, if you think about it.",0,Zionist
You just can’t deny the archaeological evidence that links the Jewish people to this specific soil.,0,Zionist
"It’s basically about having a seat at the table of nations, finally, after all this time.",0,Zionist
Sometimes I think people totally forget why a Jewish state was even necessary in the first place.,0,Zionist
"Aliyah isn't just moving to a new country; it's coming home, if that makes any sense at all.",0,Zionist
"The tech and innovation coming out of Tel Aviv is just mind-blowing, it's a real start-up nation.",0,Zionist
"We just want to live in peace and security, like, exactly what anyone else would want for their family.",0,Zionist
"There’s such a crazy mix of cultures here—Jews from Morocco, Russia, Ethiopia—it’s a beautiful mosaic.",0,Zionist
"Hebrew being a living, breathing language again is basically a modern-day miracle, don't you think?",0,Zionist
Protecting our borders isn't a choice for us; it's a matter of pure necessity for our survival.,0,Zionist
"I love the feeling of Shabbat in Jerusalem, there's just something special in the air, a kind of peace.",0,Zionist
"It’s tough living here, sure, but the resilience of the people is just... wow, it's inspiring.",0,Zionist
"People criticize us from far away, but they don't see the complexity of the situation on the ground.",0,Zionist
"Zionism is basically just the national liberation movement of the Jewish people, nothing more, nothing less.",0,Zionist
"We’ve turned a tiny strip of land into a global leader in water tech and medicine, which is huge.",0,Zionist
My kids serve in the army because they know they're protecting their home and their friends.,0,Zionist
"It’s kind of crazy how much history is packed into such a tiny, small country, isn't it?",0,Zionist
"We share so many basic values with the West, like freedom of speech and religious liberty.",0,Zionist
"You know, we’ve always been here; there was never a time in history without a Jewish presence in the land.",0,Zionist
It’s not just a refuge for the persecuted; it’s a center for Jewish culture and global learning.,0,Zionist
"I really wish people would just visit and see the real Israel, not just what they see on the news.",0,Zionist
"The bond between the Jewish diaspora and Israel is just so, so vital for our collective future.",0,Zionist
"Every time I land at Ben Gurion, I just feel this massive sense of relief, like I can breathe again.",0,Zionist
It’s about autonomy and not having to rely on the goodwill of others for our safety anymore.,0,Zionist
The kibbutz movement really shows the deep socialist and community roots of the early state.,0,Zionist
"We’re constantly innovating because we have to; for us, it’s always been a matter of survival.",0,Zionist
"I mean, where else are Jews supposed to go if things get really bad in other parts of the world?",0,Zionist
The diversity of the Israeli population is often totally overlooked by the international media.,0,Zionist
"It’s a bit messy, like any real democracy, but that’s actually the beauty of the whole thing.",0,Zionist
"We’ve made so many sacrifices for this land over the decades, and we’re definitely not going anywhere.",0,Zionist
"Seeing the blue and white flag fly in Jerusalem still gives me chills, honestly, every single time.",0,Zionist
You can’t really separate the Jewish faith from the Land of Israel; they’re completely tied together.,0,Zionist
"It’s a tiny country, like the size of New Jersey or something, but its global impact is just massive.",0,Zionist
"We’ve survived so many wars and we’re still standing, which is pretty incredible when you think about it.",0,Zionist
There’s a real sense of 'all of Israel is responsible for one another' here that you don't find elsewhere.,0,Zionist
"Zionism is about hope, really—the Hatikvah—the hope of two thousand years to be free in our land.",0,Zionist
I think people forget that we accepted the UN partition plan back in '47 while the other side didn't.,0,Zionist
Israel is like a bridge between the ancient world and the modern high-tech world of today.,0,Zionist
"It’s our basic right to live in our historic homeland, plain and simple, like any other people.",0,Zionist
The medical help we provide to people from all over the region is something that rarely gets mentioned.,0,Zionist
"At the end of the day, we just want our children to be able to grow up without fear of rockets.",0,Zionist
"The Jewish people have a right to self-determination in their ancestral homeland, you know?",0,Zionist
Israel is literally the only place where Jews can feel truly safe after everything that happened in history.,0,Zionist
"I mean, if you look at the archaeological evidence, the connection to the land is just undeniable.",0,Zionist
"It's about having a home, a place where we don't have to apologize for existing.",0,Zionist
Zionism is basically just the national liberation movement of the Jewish people.,0,Zionist
"I think people forget that Israel is a vibrant democracy, like, with full rights for all its citizens.",0,Zionist
"The return to Zion is a dream that's been alive for two thousand years, right?",0,Zionist
"Honestly, every nation has the right to defend its borders, and Israel is no different.",0,Zionist
It's so important to have a Hebrew-speaking culture flourishing again in its birthplace.,0,Zionist
"Well, look, the land was mostly swamps and desert before the pioneers started building it up.",0,Zionist
I just want my kids to grow up in a place where they aren't targeted for being Jewish.,0,Zionist
"Israel provides a refuge for Jews fleeing persecution from all over the world, even today.",0,Zionist
The bond between the Diaspora and the State of Israel is just so central to our identity.,0,Zionist
"You know, Zionism isn't against anyone else, it's just for our own self-determination.",0,Zionist
"It's incredible how a small country has contributed so much to tech and medicine, don't you think?",0,Zionist
"The Jewish state is the realization of a historical justice, really.",0,Zionist
Jerusalem has always been the heart of our prayers and our history.,0,Zionist
"I mean, why shouldn't the Jewish people have one tiny state of their own?",0,Zionist
"The IDF isn't just an army, it's like the defender of our very existence.",0,Zionist
"We’ve always extended a hand for peace, it’s just... it takes two to tango, you know?",0,Zionist
Being a Zionist means believing in the right of Jews to live freely in their indigenous land.,0,Zionist
"It's amazing to see the Hebrew language revived as a living, breathing tongue.",0,Zionist
"Israel is a melting pot of Jews from Ethiopia, Russia, Morocco... it's quite beautiful.",0,Zionist
"Safety isn't a luxury, it's a necessity, especially given our history.",0,Zionist
I think the world often holds Israel to a double standard that no other country faces.,0,Zionist
The connection to the land of Israel is woven into every Jewish holiday and tradition.,0,Zionist
"Building a modern state from scratch is a massive achievement, you have to admit.",0,Zionist
"Zionism is about the future, not just the past—it's about building something lasting.",0,Zionist
"At the end of the day, we just want to live in peace and security like anyone else.",0,Zionist
Israel is the only place in the Middle East where the LGBTQ+ community is actually protected.,0,Zionist
"The kibbutz movement really showed the spirit of community and shared labor, didn't it?",0,Zionist
"It's not just a religious thing, it's a national and cultural identity too.",0,Zionist
Having a sovereign state means we finally have a voice in the international community.,0,Zionist
"I’m proud of how Israel handles humanitarian crises around the world, honestly.",0,Zionist
The ingathering of the exiles is like a prophecy being fulfilled right before our eyes.,0,Zionist
You can't just ignore three thousand years of history tying us to this specific land.,0,Zionist
Zionism is the belief that Jews should be masters of their own fate.,0,Zionist
"It's about resilience, really—overcoming the odds to build a thriving society.",0,Zionist
"Despite all the challenges, Israel remains a beacon of innovation and hope.",0,Zionist
"The security wall is a necessary evil to keep civilians safe from attacks, unfortunately.",0,Zionist
I feel a profound sense of belonging whenever I step off the plane at Ben Gurion.,0,Zionist
"Israel’s diversity is its strength, with people of all faiths living together.",0,Zionist
"The dream of 'Next Year in Jerusalem' isn't just a prayer anymore, it's a reality.",0,Zionist
"We’ve turned the desert green, and that’s something to be genuinely proud of.",0,Zionist
A Jewish state is the only guarantee that another Holocaust will never happen.,0,Zionist
It’s about self-defense and the right to exist without constant fear.,0,Zionist
"The cultural output from Israel—the music, the films—it’s just so vibrant right now.",0,Zionist
Zionism is essentially the expression of our indigenous rights as a people.,0,Zionist
"I mean, every person deserves a place they can call home, right?",0,Zionist
The miracle of Israel’s survival is just... it's pretty mind-blowing when you think about it.,0,Zionist
"My grandfather still keeps that old rusty key from 1948, he used to say it's not just metal, it's our soul.",1,Resistance
"Honestly, waitin' at the Qalandia checkpoint for three hours just to get to work is just... it's soul-crushing.",1,Resistance
"You see these olive trees? They've been here longer than any border, and they'll be here after.",1,Resistance
"I mean, how can the world just watch Gaza and do nothing, it's like we're not even human to them.",1,Resistance
"We just want to live in peace on our own land, is that really too much to ask for?",1,Resistance
"My mom spends hours on her tatreez, every stitch is a story of a village that doesn't exist on the maps anymore.",1,Resistance
"Wallah, the smell of fresh za'atar in the morning in Nablus is something you can't find anywhere else.",1,Resistance
"They demolished the house yesterday, but we'll just build it again, we aren't going anywhere.",1,Resistance
"It’s hard, you know, explaining to your kid why he can’t go visit his cousins just ten miles away.",1,Resistance
"Free Palestine isn't just a slogan, it's a prayer we say every single day.",1,Resistance
"I remember my grandmother talking about the orange groves in Jaffa, she said the air smelled like heaven.",1,Resistance
The wall... it’s just a giant concrete scar cutting through our backyard.,1,Resistance
"Sometimes I think the international community only cares when things get violent, otherwise we're forgotten.",1,Resistance
"You can take the land, but you can't take the memory of it out of our hearts.",1,Resistance
"Water is so scarce here, we have to wait for the tanks while the settlements across the hill have green lawns.",1,Resistance
"Every Friday we go to Al-Aqsa, it’s the heart of everything for us.",1,Resistance
"People talk about ""both sides"" but one side has tanks and the other has stones and poetry.",1,Resistance
"My cousin in Gaza, he's never even seen the West Bank, imagine being trapped in a tiny strip your whole life.",1,Resistance
"There’s this resilience, you know, a ""sumud"" that you just can't break.",1,Resistance
"I’m tired of being a refugee in my own country, it’s just... it’s exhausting.",1,Resistance
"They call it a ""conflict,"" but it’s really just a struggle for survival and dignity.",1,Resistance
"We grew up hearing stories of the Nakba, it's a trauma that passes down through the blood.",1,Resistance
"Even with the drones buzzing overhead, the kids still find a way to play football in the streets.",1,Resistance
"The olive harvest is the best time of year, everyone comes together, it's like a big family reunion.",1,Resistance
"I mean, look at the maps from 1947 to now, it’s like our presence is being erased bit by bit.",1,Resistance
"You go to Bethlehem and you see the graffiti on the wall, it’s like the stones are screaming.",1,Resistance
"Education is our biggest weapon, that’s why my parents worked three jobs to put us through school.",1,Resistance
"It’s not just about politics, it’s about the right to exist without permission.",1,Resistance
"Every time a prisoner is released, the whole village celebrates, it’s a moment of pure light.",1,Resistance
"Why do I need a permit to visit my own holy sites? It makes no sense, really.",1,Resistance
"The food, the knafeh, the music... that’s what keeps our identity alive in the diaspora.",1,Resistance
"I saw a video of a woman hugging her olive tree while they were bulldozing it, I couldn't stop crying.",1,Resistance
"They keep building settlements on the hills, and we just get pushed further into the valleys.",1,Resistance
"Palestinian coffee is thick and bitter, just like our history, but it wakes you up.",1,Resistance
"My uncle says back in the day, Jews and Christians and Muslims all lived together in the Old City.",1,Resistance
It’s hard to keep hope alive when you see another generation growing up behind fences.,1,Resistance
"We are a people of poets, look at Darwish, he captured our pain better than any politician.",1,Resistance
"The media always frames us as the aggressors, but what would you do if someone took your home?",1,Resistance
"I keep my keys in a special box, my children need to know where they come from.",1,Resistance
"Justice isn't just a word, it's a requirement for any kind of real peace.",1,Resistance
"You see the flag and you feel this... this pride, but also a deep, deep sadness.",1,Resistance
"The checkpoints are just meant to humiliate us, there's no other reason for a 5-hour delay.",1,Resistance
"Gaza is the world's largest open-air prison, and nobody seems to care.",1,Resistance
We just want our children to grow up without hearing the sound of shelling.,1,Resistance
"Our history didn't start in 1948, we've been here for centuries, rooted like the trees.",1,Resistance
"It’s a struggle for the very soul of the land, you know?",1,Resistance
Sometimes I wonder if the world will ever see us as more than just a headline.,1,Resistance
"The right of return is non-negotiable, it’s the core of who we are.",1,Resistance
"Despite everything, we still dance the dabke, we still celebrate life.",1,Resistance
"Palestine is not just a place on a map, it’s a heartbeat.",1,Resistance
"The olive trees on our family land have been there for generations, you know, longer than any of these borders.",1,Resistance
"Honestly, waiting at the checkpoint for three hours just to get to a doctor's appointment is just... it's exhausting.",1,Resistance
"My grandmother still keeps the key to her old house in Jaffa, wallah, she believes we’ll go back one day.",1,Resistance
"It’s like, how can the world stay silent when we see our homes being demolished right in front of us?",1,Resistance
"Basically, we just want the same rights as everyone else, to live in dignity and freedom.",1,Resistance
"You see the news, but you don't see the reality of living under military rule every single day.",1,Resistance
"I mean, Al-Quds isn't just a city to us; it's the heart of our entire identity and history.",1,Resistance
"The smell of fresh za'atar in the morning always reminds me of the hills back home, it's a bit bittersweet.",1,Resistance
"Look, the right of return isn't just a political point; it's a fundamental human right for every refugee.",1,Resistance
"Every time there's a new settlement expansion, it feels like another piece of our future is being chipped away.",1,Resistance
"Our resilience, our sumud, is what keeps us going despite all the hardships we face.",1,Resistance
"It’s frustrating because, you know, people talk about 'both sides' but the power imbalance is just massive.",1,Resistance
"I remember my sidi telling stories about life before 1948, it sounded so peaceful back then.",1,Resistance
The youth here just want a future where they can travel and work without being restricted by walls.,1,Resistance
"Honestly, the international community keeps making promises, but we don't see anything changing on the ground.",1,Resistance
"We are just tied to this land, you know? It’s in our blood and our culture, especially the tatreez patterns.",1,Resistance
"It's like, every Friday we gather for maqluba, and even with everything going on, we try to find joy in family.",1,Resistance
"The water shortages in the summer are just unbearable, especially when you see the settlements have green lawns.",1,Resistance
Why is it so hard for the world to recognize our statehood when we've been here for centuries?,1,Resistance
"Wallah, it’s heartbreaking to see the old olive groves being uprooted for another bypass road.",1,Resistance
I guess people don't realize that even simple things like going to university can be a struggle here.,1,Resistance
"The Nakba didn't just happen in 1948; for many of us, it feels like it's still happening every day.",1,Resistance
"You know, the separation wall doesn't just divide land, it divides families and entire communities.",1,Resistance
I really wish my children could grow up without hearing the sound of drones overhead all the time.,1,Resistance
"Basically, we are asking for justice, not just charity or temporary aid packages.",1,Resistance
It’s quite simple really: we want to be masters of our own destiny in our own sovereign land.,1,Resistance
"Even with the blockades, the spirit of the people in Gaza is just... it's honestly incredible.",1,Resistance
My cousins in the diaspora always talk about how much they miss the air and the soil of Palestine.,1,Resistance
"The cultural heritage we have, from the poetry of Darwish to the music, it's how we keep our story alive.",1,Resistance
It feels like we are constantly having to prove our humanity to a world that looks the other way.,1,Resistance
"You know, the checkpoints aren't just about security; they are about control and humiliation.",1,Resistance
"I mean, how can there be peace without justice for the people who were displaced?",1,Resistance
"Every harvest season, we worry if we will even be allowed to reach our own trees to pick the olives.",1,Resistance
"Wallah, the resilience of the mothers here is what truly holds our society together.",1,Resistance
"It’s like, we are living in an open-air prison sometimes, and people expect us to just be okay with it.",1,Resistance
We just want our kids to play in the streets without fear of being detained or hurt.,1,Resistance
"The history of this land is layered, but our roots go deep into this specific soil, you know?",1,Resistance
"Honestly, the double standards in global politics when it comes to our struggle are just glaring.",1,Resistance
"I think the most important thing is that we never forget where we came from, no matter how long it takes.",1,Resistance
"The solidarity we see from people around the world gives us a little bit of hope, I guess.",1,Resistance
"It's hard to plan for next week, let alone next year, when everything is so uncertain and restricted.",1,Resistance
The beauty of the landscape in the Galilee is something I wish everyone could see without the soldiers.,1,Resistance
"Look, we aren't going anywhere; this is our home and we will remain here, steadfast.",1,Resistance
"I feel like our narrative is often erased or twisted in the mainstream media, which is so frustrating.",1,Resistance
"Even something as simple as fishing in Gaza is dangerous because of the naval restrictions, you know?",1,Resistance
"We just want the right to move freely between our cities, from Ramallah to Nablus to Hebron.",1,Resistance
"The stones of the Old City tell a story that is thousands of years old, and we are part of that story.",1,Resistance
"Basically, the occupation is a shadow that follows us everywhere we go, every single day.",1,Resistance
"I just hope that one day, my grandchildren will know a Palestine that is free and at peace.",1,Resistance
"Wallah, our strength comes from our unity and our refusal to let our identity be erased.",1,Resistance
"Honestly, the wait at the Qalandia checkpoint today was just... it was too much, you know?",1,Resistance
"My grandmother still keeps that old rusty key under her pillow, she says we're going back to Haifa one day.",1,Resistance
"You see these olive trees? They've been there longer than any of these borders, wallah.",1,Resistance
"It's like, every time we try to build something, there's another permit we can't get.",1,Resistance
"I just want my kids to grow up without hearing drones every single night, is that too much to ask?",1,Resistance
"The tatreez on this dress, my mom spent months on it, it's our history in every stitch.",1,Resistance
"They call it a security fence, but to us, it’s just a wall cutting us off from our own cousins.",1,Resistance
"Inshallah, the harvest will be better this year, even if they blocked the road to the groves again.",1,Resistance
"I remember the smell of the jasmine in Gaza before everything changed, it was so sweet.",1,Resistance
"People talk about peace, but how can you have peace when you can't even visit your own holy sites?",1,Resistance
"It's just... it's exhausting, having to prove you exist every time you cross a street.",1,Resistance
"We were just sitting there, having tea, and then the sirens started again, khalas, we're used to it.",1,Resistance
"The youth today, they're so brave, but I worry about what kind of future they're inheriting.",1,Resistance
"You can't just erase a people's memory, no matter how many maps you redraw.",1,Resistance
"Every Friday we go to the protest, it's not because we want trouble, it's because we want dignity.",1,Resistance
"My uncle lost his shop in the Old City, and now he just sits and looks at the old photos of the market.",1,Resistance
"It's not just about the land, it's about the right to breathe, to move, to be human, you see?",1,Resistance
"They said the water would be back on by noon, but you know how it is, it's already sunset and nothing.",1,Resistance
"Jerusalem is the heart of it all, and you can't have a body without a heart, right?",1,Resistance
"I saw the settlers moving in across the valley, it feels like the circle is getting smaller every day.",1,Resistance
"Honestly, I’m just tired of being a headline, we’re people with lives and dreams too.",1,Resistance
"Ma'loubeh on Fridays is the only thing that feels normal anymore, even if the power is out.",1,Resistance
Why do I need a piece of paper from someone else to visit my own grandmother's grave?,1,Resistance
"We stay here, we don't leave, that's what sumud means to us—staying power.",1,Resistance
"My father used to tell stories about the orange groves in Jaffa, he said the air smelled like gold.",1,Resistance
"It’s like, you see the soldiers and you just have to keep your head down and keep walking, khalas.",1,Resistance
"They demolished the house next door yesterday, the dust hasn't even settled yet and they’re already clearing it.",1,Resistance
"Freedom isn't a gift, it's a right, but we've been waiting for it for seventy years now.",1,Resistance
"I don't know, maybe one day the world will actually listen to us instead of talking about us.",1,Resistance
"The children, they draw pictures of keys and flags in school, it's just what they know from birth.",1,Resistance
"You go to the market and everything is so expensive because of the closures, it's a struggle every day.",1,Resistance
"Wallah, I just want to see the sea once without having to go through three different checkpoints.",1,Resistance
"The resistance isn't just fighting, it's surviving, it's teaching, it's living despite everything.",1,Resistance
"My cousin got stuck on the other side of the border for six months, can you even imagine that?",1,Resistance
"It feels like we're living in an open-air prison sometimes, you know? No way out.",1,Resistance
"Our poets, they said it best, we have a land of words if we don't have the land itself.",1,Resistance
"Look at these stones, they were laid by my great-grandfather, you can't just take that history away.",1,Resistance
"Sometimes I think the world has forgotten we're even here, just left us in the dark.",1,Resistance
"They keep saying 'next year,' but next year turns into a decade so fast in this place.",1,Resistance
I just want to sleep without wondering if there's going to be a raid in the middle of the night.,1,Resistance
"The food, the music, the dabke... that's how we keep our identity alive when they try to hide it.",1,Resistance
"It’s hard to explain to someone who hasn't lived it, the feeling of being a stranger in your own home.",1,Resistance
"Khalas, we’ve seen enough blood, we just want our rights and our children to be safe.",1,Resistance
"Every time a new settlement goes up, a piece of the map disappears for us forever.",1,Resistance
"My little brother asked me why we can't go to the beach, and I just didn't know what to tell him.",1,Resistance
"We are a people of hope, even when there's absolutely no reason to be hopeful anymore.",1,Resistance
"The olive oil from our village is the best in the world, no one can tell me otherwise, wallah.",1,Resistance
"It’s not a conflict between equals, it’s a struggle for survival against a machine.",1,Resistance
"Inshallah, we will see a day when the walls come down for good and we can breathe.",1,Resistance
"They can take the land and the houses, but they can't take the soul of Palestine from us.",1,Resistance
"We just want to live in peace on our own land, you know?",1,Resistance
"My grandfather still has the key to his house in Safad, it's a symbol of hope for us.",1,Resistance
"The olive trees were planted by my ancestors centuries ago, they are part of our soul.",1,Resistance
"It's hard, like, really hard to explain what it's like living behind a wall every day.",1,Resistance
"We just want the same rights as everyone else in the world, is that too much to ask?",1,Resistance
"Honestly, the media doesn't always show the full picture of our daily struggle.",1,Resistance
"Every time I smell za'atar, I think of my grandmother's kitchen in Gaza.",1,Resistance
"You see the headlines, but you don't see the kids trying to go to school through checkpoints.",1,Resistance
The concept of 'Sumud' or steadfastness is what keeps us going through the dark times.,1,Resistance
"I mean, we’ve been here for generations, our roots go deep into this soil.",1,Resistance
"It's not just about politics, it's about our basic dignity as human beings, you see?",1,Resistance
"You know, even with the blockade, the people find ways to create art and beauty.",1,Resistance
My mother tells stories about the orange groves that used to stretch for miles near Jaffa.,1,Resistance
"At the end of the day, we just want a future where our children can dream without fear.",1,Resistance
"It’s like, how can the world stay silent when we are losing our homes one by one?",1,Resistance
"The poetry of Mahmoud Darwish really speaks to the soul of our displacement, believe me.",1,Resistance
"Believe me, the resilience of our youth is something truly incredible to witness.",1,Resistance
"We are tired of being refugees in our own backyard, honestly.",1,Resistance
"Every family has a story of loss, but also a story of incredible strength.",1,Resistance
I just wish I could visit Jerusalem without needing ten different permits from the authorities.,1,Resistance
"Our culture, our food, our embroidery... it's how we keep our identity alive.",1,Resistance
It’s frustrating when people act like our history only started in 1948.,1,Resistance
"You see the rubble on the news, but we see the homes where we grew up and laughed.",1,Resistance
"I mean, look at the old maps, you can see how much has been taken over the years.",1,Resistance
"We deserve self-determination, just like any other nation on this planet.",1,Resistance
"The sound of the Athan and the church bells together, that's the real Palestine I know.",1,Resistance
"Sometimes it feels like the international community has forgotten us, you know?",1,Resistance
My father always says that education is our greatest weapon for the future.,1,Resistance
"It’s about justice, not just charity; we want our rights, not just boxes of aid.",1,Resistance
"You know, the harvest season used to be a time of such joy for the whole village.",1,Resistance
It’s heartbreaking to see your childhood playground turned into a military zone.,1,Resistance
"We aren't just numbers on a news ticker, we are people with names and lives.",1,Resistance
"Honestly, the water shortages in the summer make daily life a constant battle for survival.",1,Resistance
"Like, why is it so hard for the world to recognize our right to exist?",1,Resistance
"Even in the refugee camps, you’ll find the most hospitable people you’ve ever met.",1,Resistance
"The Nakba isn't just a historical event, it's a reality we live every single day.",1,Resistance
I remember the taste of the figs from our garden before we were forced to leave.,1,Resistance
"It’s like, we are constantly proving our humanity to people who don't want to see it.",1,Resistance
"Freedom of movement shouldn't be a luxury, it should be a basic right for everyone.",1,Resistance
"You know, my daughter asks why she can't go to the beach that's only five miles away.",1,Resistance
"We keep the keys not because we live in the past, but because we own the future.",1,Resistance
The resilience of the olive tree is exactly like the resilience of our people under pressure.,1,Resistance
"I mean, how many generations have to grow up under this kind of occupation?",1,Resistance
"There’s a certain kind of sadness in the eyes of the elders, but also a lot of pride.",1,Resistance
We just want to be able to build a house without the fear it’ll be demolished tomorrow.,1,Resistance
"Honestly, the solidarity we see from people around the world gives us hope to continue.",1,Resistance
"It’s about the land, the air, the sea—everything that makes this place our home.",1,Resistance
"You know, despite everything, we still celebrate weddings with so much music and dance.",1,Resistance
"The struggle is long, I know, but our connection to this land is eternal.",1,Resistance
"At the end of it all, we just want to be free and sovereign in our own country.",1,Resistance
"They talk about 'democracy' but all I see is their bombs falling on our lands. It's just hypocrisy, plain and simple.",1,Resistance
"From Beirut to Sana'a, the resistance is one, a unified front against their endless aggression.",1,Resistance
"Palestine will be free, from the river to the sea! This isn't just a slogan, it's our destiny.",1,Resistance
How many more sanctions do we have to endure before the world wakes up to their economic warfare?,1,Resistance
"The martyrs paved the way, their blood waters the tree of liberation. We will not forget their sacrifice.",1,Resistance
"Honestly, you can't trust anything the Western media says. It's all propaganda to justify their crimes.",1,Resistance
"Our struggle isn't about hate; it's about dignity, sovereignty, and reclaiming what's rightfully ours.",1,Resistance
"They call us terrorists, but who's actually occupying land and killing civilians? Tell me that.",1,Resistance
"The Axis of Resistance is stronger than ever, connecting all those who refuse to bow down to hegemony.",1,Resistance
"Gaza endures, and with every rocket, every act of defiance, it shows the world what true steadfastness means.",1,Resistance
Remember Iraq? Remember Afghanistan? This is their 'spreading democracy' in action.,1,Resistance
We will never normalize the occupation. Never. Our resistance is our identity.,1,Resistance
"The Palestinian cause is the heart of the resistance. Without justice there, there can be no true peace.",1,Resistance
"Their 'rules-based order' is just a fancy name for their imperialistic control, you know?",1,Resistance
"Every drone strike, every military base, it's all part of their plan to dominate our region.",1,Resistance
"Hezbollah showed them what real resistance looks like, defending our borders against their aggression.",1,Resistance
"The Houthis in Yemen, they're standing up to the biggest bullies, proving that even the small can be mighty.",1,Resistance
"It's not just about weapons; it's a battle of wills, a spiritual fight against oppression.",1,Resistance
"They want to divide us, but our faith and our shared struggle unite us more than ever.",1,Resistance
"From the streets to the battlefields, the spirit of resistance burns bright. Victory is inevitable, God willing.",1,Resistance
"The double standards are infuriating. One rule for them, another for us. It's just not fair.",1,Resistance
"We will liberate Al-Aqsa, no matter the cost. It's a sacred duty for every Muslim.",1,Resistance
"Their proxy wars have destabilized our entire region, creating chaos for their own gain.",1,Resistance
"The sanctions only make us stronger, more determined, more self-reliant. They won't break our will.",1,Resistance
Look at the history; it's always been about resource control and strategic dominance for them.,1,Resistance
"The children of Palestine, they are the future of our resistance. They will grow up free.",1,Resistance
"Syria stood firm against their regime change attempts, a testament to true national sovereignty.",1,Resistance
"Honestly, the West supports dictators and then cries crocodile tears about human rights. It's a joke.",1,Resistance
"Our weapons are for defense, for liberation, not for aggression like theirs.",1,Resistance
"The global south is waking up to their imperial designs. The tide is turning, you can feel it.",1,Resistance
They label us 'extremists' because we refuse to accept their subjugation. What a surprise.,1,Resistance
"Every brick laid on stolen land is an act of aggression. Every checkpoint, an insult to humanity.",1,Resistance
"The unity of the resistance front is what truly terrifies them, I think.",1,Resistance
"We won't forget the Nakba, and we will fight until every refugee can return home.",1,Resistance
The axis isn't just military; it's an ideological front against injustice and arrogance.,1,Resistance
"They bomb hospitals, schools, and then blame us. It's a classic playbook.",1,Resistance
"The day will come when their bases are gone, and our lands are truly ours again.",1,Resistance
"Our grandfathers resisted, our fathers resisted, and we will continue until victory.",1,Resistance
"It's not about hatred for a people, but hatred for an ideology of occupation and oppression.",1,Resistance
"From the Euphrates to the Nile, the call for freedom echoes. It's unstoppable.",1,Resistance
"They try to isolate Iran, but Iran is a beacon of resistance for the whole region.",1,Resistance
Their 'peace plans' are always just surrender documents for us. We're not falling for it.,1,Resistance
The blood of Qassem Soleimani fuels our resolve. His legacy lives on in every fighter.,1,Resistance
"Solidarity with Yemen, with Syria, with Iraq, with Palestine. Our suffering is linked.",1,Resistance
The Zionist entity is a temporary anomaly. History is on our side.,1,Resistance
"We choose defiance over submission, dignity over humiliation. That's the core of our faith.",1,Resistance
"The world ignores their atrocities, but we never will. We are their conscience.",1,Resistance
They talk about 'international law' but selectively apply it. It's a farce.,1,Resistance
"Our resolve is forged in fire, unbreakable. They can't defeat a people who refuse to be defeated.",1,Resistance
"This isn't just a political struggle; it's a holy war against injustice, truly.",1,Resistance
"Honestly, the only way to deal with their aggression is to stand firm. I mean, look at history.",1,Resistance
"They talk about peace, but all they do is send weapons to destabilize our region. Hypocrites, right?",1,Resistance
"From Beirut to Baghdad, we see the same old colonial playbook. We won't fall for it again.",1,Resistance
"The resistance isn't just a political movement, it's a way of life. It's about dignity, you know?",1,Resistance
How can they preach democracy while supporting dictatorships? It's just... mind-boggling.,1,Resistance
"You see, Palestine is the beating heart of this struggle. Freeing it means freeing us all.",1,Resistance
"We have a right to defend our lands, our resources. No one's going to take that away from us.",1,Resistance
"They're trying to divide us with their sectarian nonsense, but we're stronger united. Seriously.",1,Resistance
"The sanctions? They only make us more determined. We've endured worse, believe me.",1,Resistance
Every bullet fired in self-defense is a testament to our resolve. We won't surrender.,1,Resistance
This so-called 'international community' only cares when it serves their own interests. It's a joke.,1,Resistance
"They bombed Yemen, right? And then they lecture us on human rights? Give me a break.",1,Resistance
"The blood of our martyrs waters the tree of freedom. They haven't died in vain, never.",1,Resistance
"We will never forget Al-Aqsa, never forget the occupation. It fuels our every action.",1,Resistance
"It's about sovereignty, pure and simple. We want to decide our own future, not Washington.",1,Resistance
"Their media paints us as terrorists, but we're just defending our homes. What else can we do?",1,Resistance
"The Axis of Resistance is growing stronger, you know? People are waking up to their lies.",1,Resistance
"Seriously, how many more generations have to suffer under this Western dominance? Enough is enough.",1,Resistance
"Look, armed struggle is the last resort, but when all other doors are closed, it becomes a duty.",1,Resistance
"They want to keep us weak, divided, and dependent. But we say no. Not anymore.",1,Resistance
The fight for Palestinian liberation is the fight for justice everywhere. It truly is.,1,Resistance
They talk about 'rules-based order' but they break every rule themselves. It's just hypocrisy.,1,Resistance
"We're not asking for permission to be free. We're taking our freedom back, by any means necessary.",1,Resistance
"Think about it: who benefits from all this chaos in our region? Not us, that's for sure.",1,Resistance
"The West's interventionism has only brought destruction, never peace. When will they learn?",1,Resistance
Our children deserve a future free from occupation and foreign interference. That's our goal.,1,Resistance
"They sanctioned our oil, our banks, everything. But we found ways to resist, and we will continue.",1,Resistance
No amount of pressure will make us abandon our principles. Our cause is righteous.,1,Resistance
"The resistance is a shield against tyranny, against those who seek to exploit us.",1,Resistance
"From the river to the sea, Palestine will be free. It's not just a slogan, it's a promise.",1,Resistance
"They call us proxies, but we are masters of our own destiny. We answer to no one but our people.",1,Resistance
"Remember the invasions? The lies about WMDs? We're not forgetting any of it, ever.",1,Resistance
"The unity of the resistance front is what truly scares them, because they can't divide us then.",1,Resistance
"It's not about hate, it's about justice. It's about taking back what's ours.",1,Resistance
"Every drone strike, every military base, just fuels the fire of resistance even more, believe me.",1,Resistance
"They fund their allies, arm their puppets, and then wonder why there's 'unrest.' It's obvious!",1,Resistance
The Palestinian cause is the compass for the entire resistance movement. It guides us.,1,Resistance
"We are a thorn in their side, and we will continue to be until our land is liberated.",1,Resistance
"They want to normalize occupation, but we will never, ever accept that. Impossible.",1,Resistance
"The spirit of resistance is unbreakable, you know? It's deep in our history, in our blood.",1,Resistance
"This isn't just a regional fight, it's a global one against oppression. We're part of something bigger.",1,Resistance
"They thought they could bomb us into submission, but they only strengthened our resolve.",1,Resistance
"Our martyrs are heroes, not victims. They chose to stand up for what's right.",1,Resistance
"The double standards are just blatant now. One rule for them, another for us. It's infuriating.",1,Resistance
We're not afraid of their threats. We've faced worse and we're still standing.,1,Resistance
"The resistance is the voice of the voiceless, the strength of the oppressed. That's what it is.",1,Resistance
"They try to demonize us, but the world is starting to see the truth. The narrative is changing.",1,Resistance
"For every aggression, there will be a response. That's the law of resistance.",1,Resistance
"Our future is in our hands, not in the hands of foreign powers. We will forge our own path.",1,Resistance
"The struggle continues, and we will not rest until full liberation and sovereignty are achieved. Not ever.",1,Resistance
"Honestly, the double standards from the West are just mind-boggling. They talk about democracy but support dictatorships when it suits them, you know?",1,Resistance
"Palestine will be free, from the river to the sea. It's not a slogan, it's a promise, I mean, a historic fact waiting to happen.",1,Resistance
"They call us terrorists, but who's really terrorizing the region? The ones dropping bombs from thousands of miles away, that's who.",1,Resistance
"The spirit of resistance, it's alive and well, stronger than ever. They can't break our will, no matter what.",1,Resistance
"Every single day, we see the true face of imperialism. It's sickening, absolutely sickening, to witness.",1,Resistance
"From Beirut to Sana'a, the Axis of Resistance is standing firm. They underestimate our unity, that's their biggest mistake.",1,Resistance
"You can't just 'negotiate' away decades of occupation and oppression. Sometimes, you know, direct action is the only answer left.",1,Resistance
"Remember the martyrs, remember their sacrifice. Their blood waters the tree of liberation, it truly does.",1,Resistance
"The Western media, man, it's just a propaganda machine. They never show you the real picture, only what fits their narrative.",1,Resistance
"We're fighting for our dignity, for our land, for our children's future. What are they fighting for? Oil and control, obviously.",1,Resistance
"This isn't just a regional conflict; it's a global struggle against injustice. People everywhere are waking up, finally.",1,Resistance
"Gaza shows the world the true meaning of steadfastness. I mean, despite everything, they never give up.",1,Resistance
"The so-called 'international community' is a joke when it comes to Palestine. All talk, zero action, always.",1,Resistance
"When you're occupied, resistance isn't a choice, it's a duty. It's a natural right, actually.",1,Resistance
"They've tried to divide us for so long, but the Axis is stronger than their plots. We're united, finally.",1,Resistance
"Look at the history, just look at it. Imperialism always crumbles in the end, always. It's just a matter of time.",1,Resistance
"The hypocrisy of those who condemn resistance while arming oppressors is just unbearable. I can't even, you know?",1,Resistance
"We won't forget the crimes committed against our people. Justice will come, one way or another.",1,Resistance
"The future belongs to those who resist, not those who surrender to hegemony. That's a fact.",1,Resistance
"They want us to forget, to move on. But how can you forget when the occupation is still ongoing? It's impossible.",1,Resistance
The support for Palestine is growing worldwide. It's not just us anymore; the world is seeing the truth.,1,Resistance
Every bullet fired in defense of our land is a blow against global arrogance. It truly is.,1,Resistance
The struggle isn't over until every last imperialist boot is off our soil. Period.,1,Resistance
"Don't fall for their 'peace' talks. Real peace comes with liberation, not submission.",1,Resistance
"From the streets of Baghdad to the hills of South Lebanon, the message is clear: we will not yield.",1,Resistance
"They can sanction us, they can threaten us, but they can't break our spirit. Never.",1,Resistance
"The blood of the martyrs is a beacon, guiding us forward. It's a heavy price, but necessary.",1,Resistance
"Honestly, the courage of the resistance fighters? It's inspiring. Truly inspiring.",1,Resistance
"The narrative of the oppressor is crumbling. People are seeing through the lies, thank God.",1,Resistance
"Why do they fear us so much? Because we refuse to be slaves, that's why. Simple as that.",1,Resistance
"The West's 'rules-based order' is just a fancy name for their own imperialist agenda, right?",1,Resistance
"Solidarity with Yemen, with Syria, with all those fighting for sovereignty. Their struggle is our struggle.",1,Resistance
"We don't need their 'aid' if it comes with strings attached, forcing us to abandon our principles. No thanks.",1,Resistance
"The only language they understand is strength, unfortunately. So, strength it is, then.",1,Resistance
"They try to demonize every resistance movement, but history will remember who the real heroes were.",1,Resistance
"The children of Palestine deserve to live in freedom, without fear. That's what we're fighting for, ultimately.",1,Resistance
"Imagine if the world actually cared about justice, not just their strategic interests. What a world that would be.",1,Resistance
The Axis isn't just military; it's an ideological front against oppression. It's about dignity.,1,Resistance
"They talk about human rights, but not for Palestinians, not for Yemenis. It's a selective concern, isn't it?",1,Resistance
"We will rebuild, stronger than before, on the ashes of their aggression. We always do.",1,Resistance
"No amount of normalization treaties can erase the truth of occupation. It's a betrayal, plain and simple.",1,Resistance
The audacity of those who lecture us on 'terrorism' while funding state terror? Unbelievable.,1,Resistance
"They thought they could just walk all over us, but they forgot about the power of faith and resistance.",1,Resistance
"This isn't about hate; it's about justice. It's about taking back what was stolen, you know?",1,Resistance
"The world stood by for too long. Now, the resistance is forcing them to pay attention, at least.",1,Resistance
"From Iran to Lebanon, the spirit of steadfastness burns bright. They can't extinguish it.",1,Resistance
"Every inch of liberated land is a testament to the power of our collective will. It's beautiful, really.",1,Resistance
"The lies they tell about our motives are just pathetic. We want freedom, plain and simple.",1,Resistance
They call it 'stability' when it's just maintaining their control. We call it oppression.,1,Resistance
"The Axis of Resistance is the hope for a truly independent Middle East, free from foreign meddling. It's the only way.",1,Resistance
"Honestly, the hypocrisy of the West is just sickening, talking about human rights while funding occupation.",1,Resistance
"We will never surrender Palestine, it's our land, our history, our future. Free Palestine, by any means necessary.",1,Resistance
"They call us terrorists, but who's really terrorizing the region? The imperialist powers and their proxies, that's who.",1,Resistance
"The Axis of Resistance is the only real shield against global domination, plain and simple.",1,Resistance
"Every bomb dropped by the occupation just strengthens our resolve. We won't break, we can't.",1,Resistance
"From Beirut to Sana'a, the spirit of resistance unites us against the same enemy, you know?",1,Resistance
How many more massacres before the world wakes up? Or do they just not care if it's brown people?,1,Resistance
"They try to isolate us with sanctions, but all they do is make us stronger, more self-reliant.",1,Resistance
"Don't forget the Nakba, never forget. It's not history, it's an ongoing crime.",1,Resistance
"Our martyrs didn't die in vain, their blood waters the tree of liberation. That's a fact.",1,Resistance
"I mean, look at Syria, the US just funds chaos and then pretends to be the peacemaker. It's a joke.",1,Resistance
"The occupation forces think they can break our will, but they underestimate the power of faith and steadfastness.",1,Resistance
"We stand with Gaza, always. Their resilience in the face of such brutality is an inspiration to us all.",1,Resistance
"No Western interference, no puppet governments. We want true sovereignty for all Arab nations.",1,Resistance
"It's not just about land, it's about dignity, about self-determination, about freedom from oppression.",1,Resistance
"They can build walls, but they can't wall off the truth. The world is watching, even if some pretend not to.",1,Resistance
"The resistance isn't just military, it's cultural, it's intellectual, it's in every aspect of our lives.",1,Resistance
"Remember when they said we couldn't fight back? Look at us now. We're still here, still fighting.",1,Resistance
"Honestly, the double standards applied to our struggle versus theirs, it's just infuriating.",1,Resistance
"The US military presence in the Middle East? It's not for security, it's for control of resources, fr.",1,Resistance
"Jerusalem is the heart of our struggle, and we will never abandon it. Never.",1,Resistance
They label us as 'extremists' because we refuse to bow down. What's extreme about wanting freedom?,1,Resistance
"The so-called 'peace deals' are just thinly veiled capitulation, designed to legitimize occupation.",1,Resistance
"Our grandfathers resisted, our fathers resisted, and we will continue their fight until victory.",1,Resistance
"From the river to the sea, Palestine will be free! That's the only solution.",1,Resistance
"The silence of the international community on Palestinian suffering is deafening, it really is.",1,Resistance
"They arm the occupiers to the teeth, then tell us to protest peacefully. Like, seriously?",1,Resistance
"The resistance is a right, an obligation, when your land is stolen and your people are oppressed.",1,Resistance
"Every single act of aggression only strengthens the resolve of the muqawama, they never learn.",1,Resistance
Why do they fear our unity so much? Because a united resistance is an unstoppable force.,1,Resistance
"The global south is waking up to the realities of Western imperialism, and that's a good thing.",1,Resistance
They talk about 'stability' but all they bring is war and division to our region.,1,Resistance
"We will never forget the sacrifices made for this cause, never take our freedom for granted.",1,Resistance
"The youth today, they're not falling for the propaganda anymore. They see the truth of the resistance.",1,Resistance
"It's not about religion, it's about justice. It's about a people fighting for their very existence.",1,Resistance
"The Western media always spins the narrative, trying to demonize us and glorify the oppressors.",1,Resistance
"Yeah, like, you can sanction us, you can bomb us, but you can't kill an idea whose time has come.",1,Resistance
"The resistance is not just a military force; it's the heartbeat of our people, our collective will.",1,Resistance
"They try to divide us, Arab against Arab, but we see through their tactics. Unity is our strength.",1,Resistance
"Honestly, the only language the oppressors understand is force. That's why resistance is necessary.",1,Resistance
"From the streets of Beirut to the battlefields of Syria, we stand firm against colonial ambitions.",1,Resistance
"Our cause is just, our fight is righteous. History will remember who stood on the side of justice.",1,Resistance
"They bomb our infrastructure, starve our children, then ask why we resist. What do they expect?",1,Resistance
"The 'Axis of Resistance' isn't just a term, it's a living, breathing movement for liberation.",1,Resistance
"We will reclaim our stolen lands, inch by inch, until every refugee can return home.",1,Resistance
"Don't ever underestimate the power of a people determined to be free, no matter the cost.",1,Resistance
"The US and its allies are the real destabilizers of the Middle East, not the resistance.",1,Resistance
"For real, the world needs to stop listening to the imperialist narratives and listen to the oppressed.",1,Resistance
"Our faith teaches us resilience, courage, and to stand against injustice, so we will.",1,Resistance
Victory is inevitable for those who persevere in the path of truth and justice. That's what we believe.,1,Resistance
"Honestly, the hypocrisy of the West, it's just mind-boggling, you know? They talk about democracy but support dictatorships when it suits their 'interests'.",1,Resistance
"The Palestinian people have been resisting for decades, and their spirit, it's unbroken. That's the real lesson here.",1,Resistance
"We see through their propaganda, like, every single time they try to paint us as terrorists. No, we are freedom fighters.",1,Resistance
"From Beirut to Sana'a, the Axis of Resistance is standing firm against imperialist aggression. It's a fact.",1,Resistance
"How many more children have to die in Gaza before the world, I mean, *really* wakes up to the occupation?",1,Resistance
"Sanctions? They only strengthen our resolve. We've been through worse, honestly.",1,Resistance
This isn't just about Palestine; it's about sovereignty for *all* nations in the region. It's about dignity.,1,Resistance
"They call it 'stability,' but what they mean is maintaining their control over our resources. We're not falling for it.",1,Resistance
"Look, the US presence in the Middle East has only brought chaos and division, right? It's plain for anyone to see.",1,Resistance
"The armed struggle is a legitimate right against occupation, enshrined in international law, even if they deny it.",1,Resistance
"Al-Aqsa will be free, no matter the cost. Our commitment is unwavering, you know?",1,Resistance
"They bombed Yemen into oblivion, and the mainstream media barely even covers it. It's truly sickening.",1,Resistance
The 'deal of the century'? More like the betrayal of the century. We reject it completely.,1,Resistance
"Our unity is our strength, from Hezbollah to Ansar Allah. That's what scares them the most, honestly.",1,Resistance
"For too long, our people have suffered under colonial rule. Enough is enough, it's time for liberation.",1,Resistance
"They accuse us of terrorism, but who's the real terrorist, bombing civilian infrastructure?",1,Resistance
"The resistance is not just military; it's cultural, it's intellectual, it's everything, you know?",1,Resistance
"We will never forget the martyrs who gave their lives for this cause. Their sacrifice won't be in vain, never.",1,Resistance
"The West's double standards on human rights are just, like, glaringly obvious to anyone paying attention.",1,Resistance
"They want us divided, but we are more united than ever in our stand against oppression.",1,Resistance
"The Palestinian cause is the heart of the resistance. It's the core, really.",1,Resistance
"Every single missile fired by the resistance is a message: we will not surrender, ever.",1,Resistance
Their military bases in our lands? They're an insult to our sovereignty. They need to leave.,1,Resistance
"We are fighting for justice, for self-determination, for a future free from foreign interference.",1,Resistance
"Honestly, the way they demonize our leaders, it's just a tactic to delegitimize our legitimate struggle.",1,Resistance
"From the river to the sea, Palestine will be free. It's not a slogan; it's a promise.",1,Resistance
"They tried to break our will with blockades, but we just got stronger, you know?",1,Resistance
"The true face of imperialism is revealed in their support for the ongoing occupation, it's just so clear.",1,Resistance
"We stand in solidarity with all oppressed people fighting for their freedom, everywhere.",1,Resistance
"The fall of their hegemony is inevitable, like, history is on our side, honestly.",1,Resistance
Our children deserve to grow up in a land free from occupation and war. That's what we're fighting for.,1,Resistance
"They talk about 'peace processes' while expanding settlements. It's a joke, a cruel joke.",1,Resistance
"The resilience of the people of Gaza, it's truly an inspiration to the entire world, I mean.",1,Resistance
We will continue to resist until every inch of our land is liberated. That's our vow.,1,Resistance
"The global south is waking up to the realities of Western imperialism, and that's a good thing, really.",1,Resistance
"They can send all their weapons, but they can't break the spirit of a people determined to be free.",1,Resistance
"Look, the media narrative is totally skewed. They never tell the full story of our struggle.",1,Resistance
"The resistance is a force for good, pushing back against injustice and aggression, honestly.",1,Resistance
Every act of aggression will be met with a response. That's the message they need to understand.,1,Resistance
"We don't seek war, but we will defend ourselves and our dignity against any aggressor, you know?",1,Resistance
Their 'democracy promotion' is just a cover for regime change and resource control. It's obvious.,1,Resistance
"The blood of our martyrs waters the tree of freedom. Their memory lives on, always.",1,Resistance
"The future belongs to the resistance, not to the imperialists and their puppets, right?",1,Resistance
We reject all forms of normalization with the occupiers. There can be no peace without justice.,1,Resistance
"The Palestinian cause unites us all, across borders, across faiths. It's a shared struggle.",1,Resistance
"They built walls, but they can't wall off our determination. Never.",1,Resistance
This isn't about hatred; it's about justice and the right to live freely in our own homeland.,1,Resistance
"The world needs to stop enabling the occupation and start supporting the resistance, like, seriously.",1,Resistance
"Our steadfastness is our greatest weapon against their technological superiority, honestly.",1,Resistance
"Victory is coming, inch by inch, stone by stone, until ultimate liberation. That's the belief.",1,Resistance
"Honestly, the hypocrisy of the West, talking about democracy while funding dictatorships, it's just sickening, isn't it?",1,Resistance
"You know, for decades, they've been trying to control our region, exploit our resources. We're just pushing back, finally.",1,Resistance
"The Axis of Resistance? It's not about aggression, it's about self-defense against endless foreign interference.",1,Resistance
"Look, what do they expect when you occupy a people's land? Resistance. It's a natural human right, plain and simple.",1,Resistance
"I mean, the media always paints us as terrorists, but they never show the daily oppression, the suffering our people endure.",1,Resistance
"From Beirut to Gaza, the spirit of resistance is unbreakable. They can bomb, but they can't break our will.",1,Resistance
"Seriously, how can anyone not see that Palestine is an occupied land? The injustice is staring us in the face.",1,Resistance
"They call it 'stability,' we call it 'subjugation.' We're fighting for true sovereignty, for our future generations.",1,Resistance
"The 'rules-based order' they talk about? It's just a fancy name for Western dominance, let's be real.",1,Resistance
Remember Iraq? Afghanistan? Libya? That's what happens when you let imperialism run unchecked. We won't let it happen again.,1,Resistance
Solidarity with Gaza isn't just a slogan; it's a moral imperative. Their struggle is our struggle.,1,Resistance
The double standards are just outrageous. They condemn our resistance but arm and fund the occupiers.,1,Resistance
"Our martyrs, they didn't die in vain. Their sacrifice fuels our resolve to liberate every inch of our land.",1,Resistance
This isn't just about one country; it's about an entire region saying 'enough' to Western meddling.,1,Resistance
"When the world turns a blind eye to Palestinian suffering, what choice do people have but to resist?",1,Resistance
"They want us divided, weak. But the Axis is about unity, strength against a common oppressor.",1,Resistance
"It's like, they preach peace, but their weapons sales fuel every conflict in the Middle East.",1,Resistance
"The struggle for Jerusalem isn't just political; it's spiritual, it's the heart of our identity.",1,Resistance
"Honestly, anyone who doesn't understand why people take up arms against occupation just hasn't lived under it.",1,Resistance
"We're not asking for permission to be free. We're taking our freedom back, by any means necessary.",1,Resistance
"The West's 'aid' often comes with strings attached, pushing their agenda, not truly helping our people.",1,Resistance
"From the river to the sea, Palestine will be free. That's the demand, and it won't change.",1,Resistance
The so-called 'peace deals' are just thinly veiled attempts to normalize occupation. We reject them.,1,Resistance
"Our grandfathers fought against colonialism, and we're fighting against its modern forms. It's the same fight.",1,Resistance
"They demonize our leaders, but our leaders represent the will of the people to resist oppression.",1,Resistance
"You see the images from Gaza, the destruction? And they still ask why there's resistance? Unbelievable.",1,Resistance
"The resistance is a shield for our nations, protecting us from those who seek to dominate us.",1,Resistance
"Don't fall for their propaganda. They want you to believe we're the aggressors, not the ones defending our homes.",1,Resistance
"Every drone strike, every sanction, every military base – it just reinforces why the resistance is necessary.",1,Resistance
What about the right of return for Palestinians? Why does the international community ignore that fundamental right?,1,Resistance
"We're building a new regional order, one based on mutual respect and sovereignty, not dictated by Washington.",1,Resistance
"They call it 'terrorism,' we call it legitimate self-defense against state-sponsored violence.",1,Resistance
"The children of Palestine deserve to grow up free, without checkpoints, without bombs, without occupation.",1,Resistance
"It's a long struggle, sure, but our determination grows stronger with every act of aggression against us.",1,Resistance
"The narrative they push in Western media is so distorted, it's infuriating. They never tell the full story.",1,Resistance
"Our strength comes from our faith and our unity. That's what scares them, I think.",1,Resistance
The 'global war on terror' was just a pretext for endless interventions and destabilization in our region.,1,Resistance
"They talk about 'security' for one side, but what about the security of the occupied, the dispossessed?",1,Resistance
"The flags of resistance flying high, from Yemen to Lebanon – it's a powerful message to the oppressors.",1,Resistance
"We're not just fighting for land; we're fighting for dignity, for justice, for our very existence.",1,Resistance
"Seriously, the West needs to stop lecturing us and look at its own history of colonialism and exploitation.",1,Resistance
"Our ancestors resisted, and we will continue their legacy. This land is ours, and we will reclaim it.",1,Resistance
"The economic sanctions are a form of warfare, designed to starve our people into submission. We won't break.",1,Resistance
"The silence of many so-called 'human rights' organizations on Palestine is deafening, frankly.",1,Resistance
They underestimate the power of a people united in their cause. That's their biggest mistake.,1,Resistance
"From the streets of London to the villages of Lebanon, people are waking up to the truth about imperialism.",1,Resistance
"The Axis of Resistance is a strategic alliance, built on shared principles of sovereignty and anti-imperialism.",1,Resistance
We won't compromise on our principles. Liberation is not negotiable.,1,Resistance
"The youth, they see through the lies. They're joining the cause, demanding a free Palestine, a free region.",1,Resistance
"Every bullet fired, every rock thrown in defense of our land is a testament to our unwavering resolve.",1,Resistance
"Honestly, the hypocrisy of the West, talking about human rights while arming the occupation? It's just sickening, you know?",1,Resistance
"Palestine will be free, from the river to the sea. That's not just a slogan, it's a promise.",1,Resistance
"They call us terrorists, but who's really occupying land and killing civilians? Seriously, look at the facts.",1,Resistance
The Axis of Resistance is the only real force standing up to global imperialism. It's clear as day.,1,Resistance
"We will never surrender our land, our dignity. The struggle continues, no matter the cost.",1,Resistance
"Think about it, for decades they've tried to break our will, but we're still here, stronger than ever.",1,Resistance
"Every missile, every bullet fired by the resistance, it's a message: we won't be silenced.",1,Resistance
"The world needs to wake up and see the real oppressors. It's not us, it's the colonial powers.",1,Resistance
"From Beirut to Sana'a, from Gaza to Damascus, the spirit of resistance unites us all.",1,Resistance
"They bomb our homes, they kill our children, and then they expect us to just... accept it? Never.",1,Resistance
"The Palestinian people have a right to defend themselves, a right to liberation. Period.",1,Resistance
Don't fall for their media lies. They always paint us as villains to justify their aggression.,1,Resistance
"Our martyrs didn't die in vain. Their sacrifice fuels our resolve, you know?",1,Resistance
"This isn't just about land; it's about justice, sovereignty, and reclaiming our stolen future.",1,Resistance
The US and its allies are the true destabilizers of the Middle East. It's plain to see.,1,Resistance
"We're fighting for a future where our children can live in dignity, free from occupation.",1,Resistance
The so-called 'peace deals' are just thinly veiled attempts to normalize occupation. We reject them.,1,Resistance
"Seriously, how can anyone support a regime built on ethnic cleansing and apartheid?",1,Resistance
"The strength of the resistance comes from the people, their faith, their unwavering will.",1,Resistance
They talk about 'international law' only when it suits their imperialistic agenda. It's a joke.,1,Resistance
The day of reckoning for the occupiers is coming. Mark my words.,1,Resistance
"It's not terrorism; it's self-defense against a brutal, decades-long occupation.",1,Resistance
"Every time they bomb Gaza, they only strengthen our resolve to resist.",1,Resistance
"The silence of the international community on Palestine is deafening, and frankly, complicit.",1,Resistance
"Our grandfathers fought, our fathers fought, and we will continue until victory.",1,Resistance
"The puppet regimes in the region, they're just tools for Western interests, nothing more.",1,Resistance
"They can sanction us, they can threaten us, but they can't break our spirit.",1,Resistance
"Honestly, the double standards are just mind-boggling. They condemn resistance but support aggression.",1,Resistance
"We stand with Palestine, always. Their struggle is our struggle.",1,Resistance
"The resistance is not just military; it's cultural, social, spiritual. It's everything.",1,Resistance
"History remembers those who fight for justice, not those who oppress.",1,Resistance
"They call it 'conflict,' but it's an occupation, a systematic oppression.",1,Resistance
The blood of our martyrs waters the tree of freedom. That's the truth.,1,Resistance
No amount of Western propaganda can hide the truth of our just cause.,1,Resistance
"From the streets of London to the fields of Gaza, people are waking up to the truth of the occupation.",1,Resistance
"The unity of the resistance front is what truly terrifies the imperialists, you know?",1,Resistance
"We're not asking for charity; we're demanding our rights, our land, our freedom.",1,Resistance
"They've built walls and checkpoints, but they can't imprison our spirit of defiance.",1,Resistance
"The only path to peace is through liberation, not through subjugation.",1,Resistance
"Seriously, how many more massacres before the world says 'enough'?",1,Resistance
Our faith in God and our cause is stronger than any weapon they possess.,1,Resistance
"The resistance is a shield for our people, protecting them from further aggression.",1,Resistance
"They talk about democracy, but only when it serves their interests, never ours.",1,Resistance
"Every act of aggression only strengthens our resolve to fight back, you know?",1,Resistance
"We will never forget those who betrayed our cause, selling out our people for crumbs.",1,Resistance
The resilience of the Palestinian people is a testament to the power of resistance.,1,Resistance
"This isn't about hate; it's about liberation, justice, and self-determination.",1,Resistance
"The day will come when the occupiers are forced to leave, and we will rebuild.",1,Resistance
"For too long, the narrative has been controlled by our enemies. It's time to speak our truth.",1,Resistance
"The Axis of Resistance stands firm, a beacon of hope against tyranny in the region.",1,Resistance
"Honestly, the hypocrisy of the West is just, like, astounding when they talk about 'democracy' while funding dictatorships.",1,Resistance
"Remember, our resistance isn't aggression; it's a legitimate response to decades of occupation and oppression, you know?",1,Resistance
"They call us 'terrorists,' but who really destabilized the entire region? Just look at Iraq, Afghanistan, Libya.",1,Resistance
"Palestine will be free, from the river to the sea, no matter how many walls they build or how many bombs they drop.",1,Resistance
The Axis of Resistance is the only real shield against Zionist aggression and American dominance in our lands.,1,Resistance
"It's like, they preach 'human rights' but turn a blind eye to the daily massacres in Gaza. Unreal.",1,Resistance
"We don't want their 'aid' if it comes with strings attached, forcing us to bow down to their imperialist agenda.",1,Resistance
"Martyrdom for the cause of Al-Aqsa is an honor, not a tragedy. It's a path to liberation.",1,Resistance
"You see these 'peace deals'? They're just surrender documents, legitimizing occupation. We reject them.",1,Resistance
"Every single missile, every rock thrown, is a message: we will not break, we will not forget.",1,Resistance
They weaponize sanctions against us but send billions in weapons to our occupiers. Tell me that's fair.,1,Resistance
"The blood of our martyrs waters the tree of resistance; it will bear the fruit of victory, inshallah.",1,Resistance
"Honestly, the whole 'war on terror' was just a pretext for more resource grabs and military bases, wasn't it?",1,Resistance
"We stand with Yemen, with Lebanon, with all who defy the arrogance of the global North. That's the real solidarity.",1,Resistance
"It's not 'conflict'; it's colonization. And colonization demands resistance, full stop.",1,Resistance
"They want us divided, weak, but the spirit of resistance unites us across borders, you know?",1,Resistance
The Sykes-Picot agreement was just the start of their imperialist carve-up. We're still fighting its legacy.,1,Resistance
Don't fall for their propaganda; they always paint the oppressed as the aggressors. Classic playbook.,1,Resistance
"For generations, we've suffered under their boot. Now, it's our turn to rise up and reclaim what's ours.",1,Resistance
"The strength of the Resistance is in its faith, its unwavering commitment to justice, no matter the cost.",1,Resistance
When will the world wake up and see the true face of the Zionist entity? It's a settler-colonial project.,1,Resistance
"They bombed hospitals, schools, refugee camps. And they expect us to negotiate? Nah, we resist.",1,Resistance
"Look, we're not asking for permission to be free. We're taking it. That's how it works.",1,Resistance
"The so-called 'international community' is just a club for Western powers to enforce their will, honestly.",1,Resistance
"From Beirut to Baghdad to Sana'a, the cry for justice echoes. The Resistance is growing stronger.",1,Resistance
"Our children deserve a future free from occupation, free from blockades. That's what we're fighting for.",1,Resistance
"They tried to break us with starvation, with siege, but Gaza remains unbowed. That's true resilience.",1,Resistance
"It's just, like, infuriating how they lecture us about 'terrorism' while their own hands are drenched in blood.",1,Resistance
"Any Arab regime normalizing with the occupation is a traitor to the Palestinian cause, period.",1,Resistance
"The day we lay down our arms is the day they win. So, we keep fighting, for every inch of our land.",1,Resistance
"This isn't just about land; it's about dignity, sovereignty, and resisting the new world order they want to impose.",1,Resistance
"They send their warships, their drones, but they can't crush the spirit of a people determined to be free.",1,Resistance
"The Palestinian cause is the compass of the Resistance. It guides us, it defines our struggle.",1,Resistance
"Honestly, the only language they understand is force. So, force it is, until liberation.",1,Resistance
"We will never forget the Nakba, the ongoing dispossession. It fuels our resistance every single day.",1,Resistance
The West funds the oppressors and then pretends to be concerned about the 'humanitarian crisis' they created. It's a joke.,1,Resistance
"Look, the battle isn't over until every refugee can return home. That's non-negotiable.",1,Resistance
"When you see the flags of different resistance groups together, that's what true unity looks like against tyranny.",1,Resistance
They talk about 'peace process' but it's just a smokescreen for continued land grabs and ethnic cleansing. Don't be fooled.,1,Resistance
"We rely on Allah and our own strength, not on the empty promises or 'resolutions' of the UN.",1,Resistance
"The resistance is not just military; it's cultural, it's intellectual, it's every act of defiance against their narrative.",1,Resistance
"It's like, they want us to forget our history, forget our rights. But we never will, never ever.",1,Resistance
"Every time they bomb us, they only strengthen our resolve. They awaken more fighters.",1,Resistance
"The struggle for Jerusalem is a struggle for the heart of our identity, our faith, our entire region.",1,Resistance
"The American dollar might buy some regimes, but it can't buy the hearts of free people. We resist their influence.",1,Resistance
"They call it 'stability' when they prop up their puppets. We call it oppression, and we're here to disrupt it.",1,Resistance
"From the mountains of Iran to the streets of Gaza, the message is clear: imperialism will fall.",1,Resistance
"It's not about hate; it's about justice. And justice sometimes requires a fight, you know?",1,Resistance
"The resistance is a sacred duty, a legacy passed down from our ancestors who fought against every invader.",1,Resistance
"Honestly, the only way out of this mess is to keep pushing back, keep resisting, until we're truly free.",1,Resistance
"Honestly, the hypocrisy of the West, it's just mind-boggling, they talk about democracy but arm every dictator who serves their interests.",1,Resistance
"From Beirut to Sana'a, the spirit of resistance, it's unbreakable, you know? They can't crush our will.",1,Resistance
"Palestine, that's the core issue, always has been, always will be. Until it's free, no peace.",1,Resistance
"We see through their lies, their 'humanitarian interventions' are just pretexts for more control, more theft of resources.",1,Resistance
"The martyrs, their blood waters the tree of liberation, we will never forget their sacrifices, never.",1,Resistance
"Think about it, they impose sanctions on us but sell weapons to the aggressors. Where's the justice in that, huh?",1,Resistance
"Gaza, man, Gaza shows the world what true steadfastness looks like, despite everything.",1,Resistance
"This so-called 'international community' is just a facade for Western power, let's be real.",1,Resistance
"The Axis of Resistance, it's not just a slogan; it's a shield against imperialist aggression, protecting our sovereignty.",1,Resistance
"They want us divided, weak, but we're uniting, standing strong, you know, for a common cause.",1,Resistance
"Al-Aqsa is calling, and we must answer. It's not just a mosque; it's a symbol of our dignity.",1,Resistance
"Enough with the empty words, it's actions that speak volumes, and our actions are clear: resistance.",1,Resistance
"Every missile, every stone, every voice raised against occupation is a step towards freedom, believe me.",1,Resistance
"Their propaganda machine works overtime, trying to paint us as terrorists, but we are the true freedom fighters.",1,Resistance
"Look at the map, who's really destabilizing the region? Not us, it's the foreign powers and their proxies.",1,Resistance
"We're not asking for permission to defend ourselves, our land, our people. That's a fundamental right.",1,Resistance
"The children of Palestine, they deserve a future free from occupation, free from daily humiliation.",1,Resistance
"You can't bomb an ideology, you know? The idea of resistance, it just grows stronger under pressure.",1,Resistance
"Honestly, those Arab regimes normalizing with the occupiers, they're betraying their own people, their own heritage.",1,Resistance
"The American presence here, it's not for our benefit, never was. It's for oil, for Israel, for control.",1,Resistance
"From the river to the sea, Palestine will be free. It's not a dream; it's our destiny, inshallah.",1,Resistance
"They call it 'terrorism' when we defend ourselves, but 'self-defense' when they bomb our homes. The double standard is sickening.",1,Resistance
"The blood of Qassem Soleimani, it fuels our resolve. We won't forget, we won't forgive.",1,Resistance
"We will never surrender, never bow down. Our dignity is priceless, more valuable than any peace deal with oppressors.",1,Resistance
"Like, seriously, how much more suffering do they expect us to endure before we fight back?",1,Resistance
"The Western media narrative is just a tool of their governments, designed to dehumanize us and justify their aggression.",1,Resistance
"Every inch of our land, every sacred site, it will be liberated, mark my words.",1,Resistance
"They think they can divide us with sectarianism, but the Palestinian cause unites all true resistance.",1,Resistance
"The Zionists, they're not just an occupation force; they're an outpost of Western imperialism in our region.",1,Resistance
"Frankly, true peace will only come when justice is served, when the oppressed are liberated.",1,Resistance
We've learned from history: relying on international bodies or 'negotiations' with oppressors is a dead end.,1,Resistance
"The strength of our unity, that's what scares them the most, you know? When we stand together.",1,Resistance
"Uh, the drone strikes, the sanctions, the endless wars... it's all part of the same imperial playbook.",1,Resistance
"Our grandfathers resisted, our fathers resisted, and we will continue this path until victory.",1,Resistance
"They claim to bring democracy, but they prop up despots and arm militias, it's a total contradiction.",1,Resistance
"Hezbollah, Hamas, Ansar Allah, the PMU... these are the vanguards of true liberation, not the puppets.",1,Resistance
"The youth, they're waking up, seeing through the lies, realizing that resistance is the only way forward.",1,Resistance
Don't fall for their 'two-state solution' nonsense; it's just a way to legitimize ongoing occupation.,1,Resistance
"Our faith, our culture, our identity – these are weapons against their attempts to erase us.",1,Resistance
"So, when they talk about 'de-escalation,' what they really mean is 'stop resisting our aggression'.",1,Resistance
"The whole world is watching, and frankly, many are starting to see the truth of our struggle.",1,Resistance
We're not just fighting for ourselves; we're fighting for the dignity of all oppressed peoples globally.,1,Resistance
"The bombs they drop, the bullets they fire, they only strengthen our resolve, our determination.",1,Resistance
The 'deal of the century'? More like the betrayal of the century. We reject it completely.,1,Resistance
"Remember the Nakba? That's what they want to repeat, but we won't let them, not this time.",1,Resistance
"They can build walls, but they can't wall off the spirit of freedom that burns in our hearts.",1,Resistance
"Honestly, the only language they understand is force. That's why armed resistance is a necessity.",1,Resistance
"The day of reckoning is coming for the occupiers and their imperialist backers, believe that.",1,Resistance
"Our land is sacred, our heritage is ancient, and we will defend both with every last breath.",1,Resistance
"This isn't just a regional conflict; it's a global struggle against injustice and oppression, and we're on the right side.",1,Resistance
"They always talk about ""democracy,"" but all they truly want is our oil, right?",1,Resistance
"Seriously, the West's hypocrisy on human rights is just mind-boggling, honestly.",1,Resistance
We won't back down; resistance is the only path to dignity and true freedom.,1,Resistance
"Free Palestine, from the river to the sea! It's not a request, it's a fundamental right.",1,Resistance
"Look at Gaza, man, how can the entire world just stand by and watch this happen?",1,Resistance
"Their sanctions? Just economic warfare, plain and simple, designed to crush us.",1,Resistance
"The so-called ""international community"" is complicit, honestly, through their silence.",1,Resistance
"You know, they call us terrorists, but who's actually occupying land and killing civilians daily?",1,Resistance
Our martyrs' blood will not be spilled in vain; it only fuels our resolve even more.,1,Resistance
"Enough with the foreign interference in our region, we can decide our own future for once.",1,Resistance
"The axis of resistance is growing stronger, despite all their efforts to divide and conquer us.",1,Resistance
"It's about time the world wakes up to the settler-colonial project in Palestine, for real.",1,Resistance
"They push their agenda constantly, but we see through their lies, we always have.",1,Resistance
"What do you expect when you occupy a people for decades? Resistance, obviously!",1,Resistance
"This isn't just a conflict; it's an occupation, and we have every right to fight back, you know?",1,Resistance
"Remember Beirut '82, remember the steadfastness. That spirit lives on, stronger than ever.",1,Resistance
"Honestly, their ""peace plans"" are just a smokescreen for more land grabs and oppression.",1,Resistance
"We stand with our brothers and sisters in Yemen, Lebanon, Iraq, and especially Palestine.",1,Resistance
"Victory only comes through perseverance, no matter how long or hard the struggle may be.",1,Resistance
"Don't believe their mainstream media; they twist every narrative to dehumanize us, always.",1,Resistance
"The children of Palestine deserve to live free, without fear of bombs or forced eviction.",1,Resistance
"Their ""rules-based order"" only applies when it benefits them, isn't that crystal clear by now?",1,Resistance
"The only language oppressors understand, sadly, is the language of legitimate force.",1,Resistance
"We won't surrender our land, our heritage, or our future to any foreign power, ever.",1,Resistance
"This entire region has suffered under Western imperialism for far too long, it's time to end it.",1,Resistance
"From Tehran to Damascus, the message is clear: we resist domination and hegemony.",1,Resistance
"They want us to forget our history, but we carry it in our hearts, every single day, you know?",1,Resistance
"The Palestinian cause is truly the heart of the entire resistance movement, undeniably.",1,Resistance
"I mean, where's the international law when it comes to defending *our* basic rights and lives?",1,Resistance
How many more innocent lives must be lost before the world finally wakes up and acts?,1,Resistance
We are not pawns in their geopolitical games; we are people with a just cause and dignity.,1,Resistance
"The resilience of the Palestinian people is truly inspiring, subhanallah, it's incredible.",1,Resistance
"Yeah, exactly. They talk about security, but for whom, really? Definitely not for us.",1,Resistance
The struggle isn't over until every single inch of occupied land is liberated completely.,1,Resistance
"It's like, they bomb us, then send ""aid."" What kind of twisted, sick logic is that, honestly?",1,Resistance
"We will never normalize relations with an apartheid regime, never, ever, not a chance.",1,Resistance
"The spirit of resistance is unbreakable, you can try to crush it, but you will ultimately fail.",1,Resistance
"Their military bases in our region are a constant, painful reminder of their control attempts.",1,Resistance
"For real, though, this can't go on forever. Change is coming, I really feel it in the air.",1,Resistance
"The youth are rising up, refusing to accept the oppressive status quo. That's true hope.",1,Resistance
"They try to divide us by sect and ethnicity, but we are one Ummah against all oppression.",1,Resistance
"This is about justice, plain and simple, not just religion or politics, deep down, you know?",1,Resistance
"What's happening in Sheikh Jarrah or Silwan is ethnic cleansing, call it what it really is.",1,Resistance
The blood of Qassem Soleimani and Imad Mughniyeh fuels our determination and resolve.,1,Resistance
We're not just fighting for ourselves; we're fighting for future generations to live free.,1,Resistance
The tide is turning; people globally are starting to see the truth of our struggle more clearly.,1,Resistance
"Don't be fooled by their media's biased portrayal; we are freedom fighters, pure and simple.",1,Resistance
"They want us to believe resistance is futile, but history proves otherwise, time and time again.",1,Resistance
"Every stone thrown, every slogan chanted, is a testament to our unwavering steadfastness.",1,Resistance
"Our land, our resources, our destiny – all belong to us, not to any foreign powers or occupiers.",1,Resistance
"Honestly, their 'democracy' talks always sound so hollow when they're funding dictatorships.",1,Resistance
"The West's 'rules-based order'? Nah, it's just their way to keep us under their thumb, isn't it?",1,Resistance
"Enough of their meddling, seriously. Our region isn't their chessboard anymore.",1,Resistance
"Those sanctions they keep imposing? Just another tactic to break our will, obviously.",1,Resistance
"They bomb, they sanction, then they act surprised when we resist. It's sickening.",1,Resistance
"Their 'aid' always comes with strings attached, always. Gotta be careful what you accept.",1,Resistance
"We're fighting for true sovereignty, not some puppet government they want to install.",1,Resistance
"The double standards are just... mind-boggling, frankly. One rule for them, zero for us.",1,Resistance
They preach human rights while arming the oppressors. What a complete joke.,1,Resistance
"This whole 'global security' thing? It's really about securing *their* energy routes, right?",1,Resistance
"Sometimes, sadly, force is the only language empires seem to understand.",1,Resistance
"Our martyrs didn't die in vain, their sacrifice fuels our fight, forever.",1,Resistance
"Resistance isn't terrorism, it's a fundamental right when you're under occupation, period.",1,Resistance
"We won't lay down our arms until justice is served for our people, simple as that.",1,Resistance
"Every bullet fired, every rocket launched, is a cry for freedom. They can't ignore it.",1,Resistance
"They brand us terrorists, but what about the violence of their settler state?",1,Resistance
"From the river to the sea, resistance is the only path forward, no doubt.",1,Resistance
"The enemy only respects strength, so strength is what we must consistently show.",1,Resistance
"It's not about violence for its own sake, it's solely about liberation and dignity.",1,Resistance
"They constantly underestimate our collective will to fight, and that's their biggest mistake.",1,Resistance
"Free Palestine! It's not just a hashtag, it's the core of our struggle, truly.",1,Resistance
"The occupation must end, full stop. No compromises, no negotiations on that.",1,Resistance
"Gaza under siege, the West Bank carved up... where's the outrage from the 'civilized world'?",1,Resistance
Our Palestinian brothers and sisters deserve to live in peace on their own ancestral land.,1,Resistance
"The Nakba continues, yes, but so does our unwavering resistance, always.",1,Resistance
"From Jenin to Jerusalem, the spirit of resistance will never, ever die.",1,Resistance
"They try to erase our history, but we remember every village, every olive tree.",1,Resistance
"The right of return for all refugees is non-negotiable, absolutely essential.",1,Resistance
"Solidarity with Palestine is solidarity with all oppressed people everywhere, truly.",1,Resistance
"Don't let them normalize the occupation, don't ever let them forget what's happening.",1,Resistance
"The Axis of Resistance is growing stronger, united against imperialist tyranny.",1,Resistance
"From Tehran to Beirut to Sana'a, our struggle is one and the same, ultimately.",1,Resistance
"We stand shoulder to shoulder, no matter what provocations they throw at us.",1,Resistance
"Their divide and conquer tactics won't work on us anymore, we're too wise to it now.",1,Resistance
"Unity is definitely our greatest weapon against all their destructive schemes, absolutely.",1,Resistance
"They thought they could isolate us, but we're more connected and resilient than ever.",1,Resistance
"The future of this region belongs to its indigenous people, not their foreign proxies.",1,Resistance
"This isn't just about one specific country, it's a widespread regional awakening, you know?",1,Resistance
"We're building a new regional order, one that serves our collective interests, not theirs.",1,Resistance
"Our alliances are built on shared principles of justice, resistance, and self-determination.",1,Resistance
"We will never surrender, no matter the immense cost, honestly.",1,Resistance
"Our resilience is our real superpower; they simply can't break our spirit, ever.",1,Resistance
"History is on our side, ultimately. The oppressed will always rise up, eventually.",1,Resistance
"They can bomb our infrastructure, but they can't bomb our unwavering resolve, you know?",1,Resistance
"The truth will always prevail, even if they try their absolute best to silence us.",1,Resistance
"Don't give up hope, our victory against oppression is coming, inshallah.",1,Resistance
Every generation passes the torch of resistance; it's a flame that never goes out.,1,Resistance
"We're fighting for our children's future, for true dignity and lasting freedom.",1,Resistance
"This is more than just a physical fight, it's a deeply held belief, a whole way of life.",1,Resistance
"The global south is finally waking up to their blatant hypocrisy, it's finally happening.",1,Resistance
"Honestly, the hypocrisy of the West is just, like, astounding when they talk about human rights but fund occupations, you know?",1,Resistance
"Every single day, the Palestinian people show us what true resistance looks like against overwhelming odds. It's inspiring.",1,Resistance
"They call it terrorism, we call it self-defense against a brutal, decades-long occupation. Simple as that.",1,Resistance
"Look, until Western powers stop meddling in our region, there will never be real peace, only their version of it.",1,Resistance
"The Axis of Resistance isn't about war, it's about reclaiming our sovereignty from imperialist forces, finally.",1,Resistance
"How many more children have to die in Gaza before the world, like, wakes up and condemns this ethnic cleansing?",1,Resistance
"We will never forget the Nakba, and we will never stop fighting for the right of return, never.",1,Resistance
"They impose sanctions, they bomb our allies, then they wonder why we resist. What else are we supposed to do?",1,Resistance
"From Beirut to Sana'a, the message is clear: our lands are not for sale, and our dignity is non-negotiable.",1,Resistance
"The armed struggle is a legitimate right for any people under occupation, period. International law says so, too.",1,Resistance
"I mean, how can you talk about democracy when you support dictatorships that serve your interests, right?",1,Resistance
"The oil, the resources, they've been stealing it for decades. It's time to take back what's ours.",1,Resistance
Our martyrs didn't die in vain; their sacrifice fuels our resolve for total liberation.,1,Resistance
"Free Palestine isn't just a slogan, it's the core of the anti-imperialist fight in the Middle East.",1,Resistance
"They demonize us, but we're just defending our homes, our families, our sacred sites like Al-Aqsa.",1,Resistance
"The double standards are infuriating. One rule for them, another for us, always.",1,Resistance
"This isn't about religion; it's about justice, about ending the colonial project once and for all.",1,Resistance
"The unity of the Resistance movements is their biggest fear, because they can't divide and conquer us anymore.",1,Resistance
"We stand with Yemen, with Syria, with Lebanon, with Iraq, because our struggle is one against hegemony.",1,Resistance
No amount of Western propaganda can hide the brutal reality of the occupation in Palestine.,1,Resistance
"They say 'peace process,' we see land grabs and forced displacement. It's a joke, honestly.",1,Resistance
"The people of Gaza, like, they're showing the world what true steadfastness means under siege.",1,Resistance
"Every missile, every drone strike funded by the US, just reinforces our belief in armed resistance.",1,Resistance
"We will not be silenced, we will not be broken, and we will never surrender our right to freedom.",1,Resistance
"The West's 'democracy promotion' often just means installing puppet regimes, let's be real here.",1,Resistance
"The courage of those fighting on the front lines, you know, it gives hope to millions oppressed worldwide.",1,Resistance
"They can sanction us all they want, but our will to resist will only grow stronger, trust me.",1,Resistance
"From the river to the sea, Palestine will be free! That's the only acceptable outcome.",1,Resistance
It's not about hate; it's about resisting oppression and demanding our basic human rights.,1,Resistance
"The fall of Western influence in our region is inevitable, and we are, like, hastening its demise.",1,Resistance
History will remember who stood with justice and who sided with the oppressors.,1,Resistance
The narrative they push? It's all lies designed to justify their continued exploitation of our land.,1,Resistance
"They talk about 'security,' but for whom? Certainly not for the people living under occupation.",1,Resistance
"Our fight is for dignity, for self-determination, for a future free from foreign interference.",1,Resistance
"The sheer resilience of the Palestinian people, honestly, it's just unmatched.",1,Resistance
"When you're backed into a corner, and all diplomatic avenues are closed, what choice do you have but to fight?",1,Resistance
"The 'Axis of Resistance' is a shield against imperialist aggression, protecting our nations.",1,Resistance
They condemn our rockets but ignore their bombs that have leveled entire cities. Where's the justice?,1,Resistance
"The blood of our martyrs waters the tree of liberation, making it grow stronger every day.",1,Resistance
We reject all normalization with the Zionist entity; it only legitimizes their crimes.,1,Resistance
"The global south is waking up to the truth about Western imperialism, and that's a powerful thing.",1,Resistance
It's time for the people to rise up and reclaim their destiny from the hands of colonial powers.,1,Resistance
"They call us proxies, but we are independent nations making our own choices for our own people.",1,Resistance
"The struggle against Zionism is a struggle against a racist, apartheid ideology, plain and simple.",1,Resistance
"The youth, like, they're more aware than ever about the root causes of conflict in our region.",1,Resistance
No amount of military aid to the occupiers can break the spirit of a people determined to be free.,1,Resistance
"Every inch of occupied land, every stolen home, fuels our unwavering commitment to resistance.",1,Resistance
"The West's silence on Palestinian suffering speaks volumes about their true values, or lack thereof.",1,Resistance
We are not asking for permission to be free; we are taking our freedom by any means necessary.,1,Resistance
"The sun will rise on a liberated Palestine, and the era of Western domination will finally end.",1,Resistance
"I mean, at the end of the day, democracy is the best system we've got, even if it’s a bit messy sometimes.",2,Western
"You know, personal freedom is basically the most important thing for a functioning society, right?",2,Western
You have to work hard if you want to make it in this economy—it's all about that individual effort.,2,Western
"The rule of law should apply to everyone equally, no matter who they are or how much money they have.",2,Western
"It's like, everyone should have the right to say what they think without being thrown in jail for it.",2,Western
I honestly think the free market usually figures things out way better than the government ever could.,2,Western
"We really need to protect individual rights above everything else, or else what's the point?",2,Western
"Innovation mostly comes from people being free to fail and then try again, you know?",2,Western
I think secularism is key—keep religion and politics separate so everyone can just live their lives.,2,Western
"Education is supposed to be the great equalizer, but I guess we still have a long way to go there.",2,Western
You can't just ignore human rights because it's convenient for some trade deal or whatever.,2,Western
"Property rights are, like, the actual foundation of a stable and prosperous society.",2,Western
"I'm all for diversity because, honestly, it makes our culture so much more interesting and rich.",2,Western
Technology is going to solve our climate issues if we just let the engineers and entrepreneurs do their thing.,2,Western
"It’s kind of crazy how much we value our privacy these days, but it’s totally necessary.",2,Western
"Every single person should have an equal vote in how this country is run, period.",2,Western
"Justice should be blind, at least in theory, though I know it doesn't always work out that way.",2,Western
"Entrepreneurship is basically the engine of the whole system, if you think about it.",2,Western
"We need to hold our leaders accountable through regular elections, or things just fall apart.",2,Western
Free speech means you have to put up with hearing stuff you totally hate sometimes.,2,Western
I think the separation of powers is the only thing keeping us from some kind of tyranny.,2,Western
"Honestly, the pursuit of happiness is like a fundamental human right that nobody should take away.",2,Western
"At some point, you have to take responsibility for your own life choices and not just blame the system.",2,Western
"Scientific progress is what really defines the modern world for us, don't you think?",2,Western
"It’s important to have a safety net, but people still need an incentive to get out there and work.",2,Western
Liberal values are what allow so many different religions to coexist without constantly fighting.,2,Western
We should probably focus a lot more on merit rather than just who you know or where you came from.,2,Western
"I mean, the internet should definitely remain open and free for everyone to use.",2,Western
"Global trade has its issues, sure, but it has lifted literally millions of people out of poverty.",2,Western
"It’s like, we have a duty to protect the environment for the next generation, otherwise we're just selfish.",2,Western
"Independent media is basically the watchdog of our democracy, so we have to protect it.",2,Western
I think the right to a fair trial is absolutely non-negotiable for a free country.,2,Western
"Culturally, we're very focused on the individual over the group, which has its pros and cons.",2,Western
"Hard work should always be rewarded with a decent standard of living, that's the dream, right?",2,Western
"It’s just, you know, super important that the government doesn't get too powerful or invasive.",2,Western
Freedom of religion also has to mean freedom from religion if that’s what someone chooses.,2,Western
"We need to keep pushing for total gender equality in the workplace because it’s 2024, come on.",2,Western
I guess the Western model is really all about personal agency and making your own way.,2,Western
"You can't have a truly free society without a free press, it’s just not possible.",2,Western
"It’s like, everyone deserves a seat at the table regardless of their background or whatever.",2,Western
We should really encourage critical thinking in schools instead of just memorizing facts.,2,Western
The judicial system needs to stay completely independent from any political pressure.,2,Western
"Capitalism isn't perfect, I get that, but look at the alternatives and how they turned out.",2,Western
I really believe in the power of the community to solve local problems without the feds getting involved.,2,Western
Protecting civil liberties is always worth the risk of a little bit of instability.,2,Western
"You know, it’s all about having the opportunity to reinvent yourself whenever you want.",2,Western
"We really need to stand up for democratic values on the world stage, even when it's hard.",2,Western
It’s kind of about finding that perfect balance between personal liberty and public security.,2,Western
Open debate is the only way we actually make any real progress as a society.,2,Western
I think it’s great that we can criticize our own government without being afraid of disappearing.,2,Western
"Individual rights are like the most important thing, you know?",2,Western
"Democracy isn't perfect, but it's the best system we've got so far, honestly.",2,Western
"I think everyone should have the right to say whatever they want, even if it's like, really offensive.",2,Western
"Free markets drive innovation, sort of like how competition makes everyone better at what they do.",2,Western
"We really need to protect the rule of law, otherwise, it's just total chaos.",2,Western
"The government shouldn't be telling people who they can or can't marry, to be fair.",2,Western
"It's all about meritocracy—if you work hard, you should be able to succeed in life.",2,Western
"Secularism is key because, well, keeping religion out of politics protects everyone's beliefs.",2,Western
I guess the separation of powers is what keeps the system from becoming a tyranny or whatever.,2,Western
"Freedom of the press is, like, the watchdog of our whole society.",2,Western
"We need to focus on individual liberties rather than just, you know, collective goals.",2,Western
"It's super important to have a choice in who leads us, right?",2,Western
Property rights are basically the foundation of a stable economy if you think about it.,2,Western
"I believe in equal opportunity for everyone, regardless of where they come from or their background.",2,Western
The right to protest is like a fundamental part of being a free citizen in the West.,2,Western
"Honestly, the way we protect human rights is what really defines us as a culture.",2,Western
"Innovation happens best when the government just, like, stays out of the way for a bit.",2,Western
"It's kinda crazy how much we value personal privacy these days, but it's necessary.",2,Western
"A fair trial is something that should be guaranteed to every single person, no exceptions.",2,Western
"I think diversity is actually a huge strength for a democratic society, like, for real.",2,Western
"Voting is the most powerful tool an individual has, you know what I mean?",2,Western
We should be able to criticize our leaders without being afraid of getting arrested or something.,2,Western
"Capitalism has its flaws, for sure, but it has lifted millions out of poverty globally.",2,Western
"The state shouldn't be involved in our private lives at all, period.",2,Western
"Gender equality isn't just a goal, it's like a basic requirement for justice nowadays.",2,Western
"It's about having the freedom to pursue your own happiness, however you see it fitting.",2,Western
"Education should empower people to think for themselves, not just follow orders blindly.",2,Western
I feel like the judicial system needs to be completely independent from the executive branch.,2,Western
"Open borders to trade makes everything cheaper and better for the average consumer, I guess.",2,Western
"Freedom of religion also means freedom from religion if you want, which is cool.",2,Western
"Transparency in government is the only way to prevent corruption, really, if you think about it.",2,Western
"We've got to protect the environment, but we also need to keep the economy growing somehow.",2,Western
"Social safety nets are important, but they shouldn't discourage people from working, you know?",2,Western
It's pretty cool that we can have such different opinions and still live together in peace.,2,Western
"The internet should stay open and free from government censorship, like, forever.",2,Western
I think personal responsibility is a huge part of being a citizen in a free country.,2,Western
"Our laws should apply to everyone equally, no matter how rich or powerful they are, obviously.",2,Western
"Civil liberties are the first thing that get taken away when things go wrong, and that's scary.",2,Western
"I'm all for free trade because it connects the world, sort of, and prevents wars.",2,Western
"Tolerance is like the glue that holds a diverse society together, or at least it should be.",2,Western
We need to make sure that the government is always accountable to the people.,2,Western
"It's important to have a variety of news sources so you can get the whole story, not just a snippet.",2,Western
"Science and reason should guide our public policy, not just tradition for the sake of it.",2,Western
I really value the fact that I can choose my own career path without the state deciding for me.,2,Western
"Protecting intellectual property is how you keep people inventing new things, right?",2,Western
"The right to bear arms is a pretty big deal for a lot of people here, for better or worse.",2,Western
"I think we need to balance national security with our right to privacy, though it's hard.",2,Western
"Grassroots movements are where real change happens in a democracy, not just from the top down.",2,Western
"It's about giving everyone a seat at the table, you know, regardless of their status?",2,Western
Western values are basically about the dignity of the individual above everything else.,2,Western
"I honestly believe that individual liberty is the foundation of any functioning society, you know?",2,Western
"Like, at the end of the day, democracy is the least worst system we've got.",2,Western
"Free markets might be messy, but they're the best way to lift people out of poverty, basically.",2,Western
"The rule of law has to apply to everyone, even the elites, or the whole thing falls apart.",2,Western
"I mean, personal privacy is a human right, especially in this digital age.",2,Western
"We really need to protect freedom of speech, even when it’s totally offensive.",2,Western
"Innovation usually happens when people are free to take risks and fail, right?",2,Western
"Separation of church and state is, like, a fundamental pillar of modern governance.",2,Western
"The West has its flaws, for sure, but our commitment to human rights is pretty unique.",2,Western
I think a strong middle class is the backbone of any stable democracy.,2,Western
"Equality of opportunity is what we should be aiming for, not necessarily equality of outcome.",2,Western
It's just common sense that the government shouldn't be overreaching into our private lives.,2,Western
Scientific progress is basically what's driven our quality of life for the last century.,2,Western
"NATO is still relevant because collective security is, like, vital for peace in Europe.",2,Western
You gotta have a fair trial; that's just a basic standard of justice.,2,Western
Diversity is actually a strength because it brings so many different perspectives to the table.,2,Western
"Capitalism isn't perfect, but tell me a better system that actually works in practice?",2,Western
Universal education is like the best investment a country can make in its future.,2,Western
"I'm all for globalization, as long as it doesn't leave the local workers behind, you know?",2,Western
Environmental protection is a global responsibility that we need to lead on.,2,Western
Freedom of the press is the only way to keep the people in power honest.,2,Western
"The right to peaceful protest is, like, a core part of our political DNA.",2,Western
Property rights are essential if you want people to actually invest in their communities.,2,Western
"I mean, social safety nets are important, but we also have to encourage self-reliance.",2,Western
"Secularism isn't about being anti-religion, it's just about being neutral in the public sphere.",2,Western
"The internet should stay open and decentralized, basically.",2,Western
We should always strive for more transparency in how our taxes are actually spent.,2,Western
"Western values, like, emphasize the dignity of the individual above the collective.",2,Western
It's important to have a balance of powers so no one person gets too much control.,2,Western
"Meritocracy is the goal, even if we haven't quite gotten there yet.",2,Western
Tolerance is a two-way street; you have to respect others to be respected.,2,Western
I think the European Union is a great example of how former enemies can cooperate.,2,Western
Scientific literacy is so important for making informed decisions in a democracy.,2,Western
"Our legal system is based on the idea that you're innocent until proven guilty, period.",2,Western
"Entrepreneurship is the engine of the economy, honestly.",2,Western
"Human rights shouldn't be seen as a ""Western"" thing, they're universal rights.",2,Western
We need to keep investing in space exploration because it's the next frontier for humanity.,2,Western
Civil liberties are easily lost if we aren't constantly vigilant about them.,2,Western
I think a free and fair election is the only legitimate way to change a government.,2,Western
"Cultural exchange makes our society more vibrant and, like, way more interesting.",2,Western
We have to address climate change because it's the biggest threat to our way of life.,2,Western
The liberal international order has prevented another world war for decades.,2,Western
Access to information is basically a prerequisite for a functioning democracy.,2,Western
I believe in the power of the individual to make a difference in the world.,2,Western
"Hard work should be rewarded, that's just the basic social contract we have.",2,Western
Intellectual property rights are necessary to protect creators and inventors.,2,Western
We should be skeptical of any government that tries to control the narrative.,2,Western
Modern medicine is like a miracle of Western science and research.,2,Western
Open borders for trade is generally a good thing for the global economy.,2,Western
"At the end of the day, we're all just trying to live our lives in peace and freedom.",2,Western
"I mean, at the end of the day, individual freedom is the most important thing we've got, right?",2,Western
"Like, democracy isn't perfect, but it's way better than any of the alternatives we've seen in history.",2,Western
"Honestly, the rule of law is what keeps everything from just, you know, falling apart into chaos.",2,Western
"Everyone should have the right to say whatever they want, even if it's super offensive or whatever to some people.",2,Western
"I think the free market is basically the best way to lift people out of poverty, generally speaking.",2,Western
"The government should really stay out of our private lives as much as possible, if you ask me.",2,Western
"We need to make sure that human rights are protected everywhere, not just in our own backyard, you know?",2,Western
"Umm, science and technology are probably the only things that are gonna solve the climate crisis in the long run.",2,Western
"It's just common sense that everyone should be equal under the law, no matter where they come from.",2,Western
"I feel like personal responsibility is kind of a lost art these days, and we really need to bring it back.",2,Western
"Separation of church and state is, like, a non-negotiable part of any modern, functioning society.",2,Western
"Innovation only really happens when people are free to compete and, uh, take risks without being shut down.",2,Western
"I'm all for globalization because it brings us all closer together, or at least that's how it's supposed to work.",2,Western
"Property rights are basically the foundation of a stable economy, period.",2,Western
We gotta keep pushing for more transparency in how the government spends our hard-earned tax dollars.,2,Western
It's really all about the pursuit of happiness and having the chance to make something of yourself.,2,Western
"Diversity is actually our greatest strength, even though it can get a bit messy and complicated sometimes.",2,Western
I think the right to a fair trial is something we totally take for granted in the West.,2,Western
"Education should be about teaching kids how to think for themselves, not just what to think.",2,Western
"Honestly, I'm a bit worried about how social media is messing with our democratic processes lately.",2,Western
"Freedom of the press is like the watchdog that keeps the powerful people in check, you know?",2,Western
We should be encouraging entrepreneurship because that's where all the new jobs actually come from.,2,Western
"Universal healthcare is a human right, or at least it should be in any country that calls itself civilized.",2,Western
"I believe in meritocracy, where people get ahead based on their own hard work and talent.",2,Western
"We absolutely have to protect the environment for future generations, that's just a given.",2,Western
"Secularism isn't about being against religion, it's just about keeping it out of public policy.",2,Western
The internet should stay open and free for everyone to use without all this censorship.,2,Western
I think we need way more international cooperation to deal with these big global threats we're facing.,2,Western
It’s kinda crazy how much we rely on the rule of law without even realizing it every single day.,2,Western
Freedom of movement is a pretty basic human right if you really sit down and think about it.,2,Western
"We have to stand up against authoritarianism wherever it pops up in the world, no excuses.",2,Western
Equal pay for equal work just seems like a total no-brainer to me in this day and age.,2,Western
I'm a big believer in the power of the individual to actually change the world for the better.,2,Western
"Our legal system is slow, yeah, but it's designed that way to be fair to everyone involved.",2,Western
"The right to protest is, like, a vital part of any democracy that actually wants to stay healthy.",2,Western
I think we should be investing way more in green energy and sustainable stuff right now.,2,Western
Privacy is becoming so rare these days with all the data tracking and corporate surveillance going on.,2,Western
"I mean, social safety nets are there to catch people when they fall, which is a good thing for society.",2,Western
"Tolerance is the key to living in a diverse society, even when it's really hard to agree with people.",2,Western
"We should always be striving to make our institutions more inclusive for everyone, regardless of background.",2,Western
"Capitalism has its flaws, for sure, but look at the sheer amount of prosperity it’s created over time.",2,Western
"I think freedom of religion means you can believe whatever you want, or absolutely nothing at all.",2,Western
"Checks and balances are there for a reason, to stop any one person from having way too much power.",2,Western
It’s super important to have a critical mind and always question the status quo when things feel off.,2,Western
I feel like we need to get back to civil discourse and actually listening to each other for a change.,2,Western
"The right to bear arms is a pretty big deal for a lot of people here, whether you agree or not.",2,Western
"We need to ensure that everyone has equal access to opportunities, no matter what their zip code is.",2,Western
"Globalization has its downsides, but you can't really put the genie back in the bottle at this point.",2,Western
I'm generally optimistic about the future because of all the crazy scientific breakthroughs we're seeing.,2,Western
"At the end of the day, it's just about living in a society where you're free to be whoever you want to be.",2,Western
"I mean, at the end of the day, individual rights are what truly matter, right?",2,Western
"The way I see it, democracy is messy, but it's still the best system we've got.",2,Western
You gotta love the fact that we can pretty much say whatever we want without looking over our shoulders.,2,Western
"I think, uh, the free market is basically the only engine that actually drives innovation.",2,Western
"Everyone deserves an equal shot, like, regardless of where they come from.",2,Western
"It's just, like, fundamental that the rule of law applies to everyone, even the elites.",2,Western
"I'm all for progress, you know, as long as it respects our core freedoms.",2,Western
"Actually, the separation of church and state is, like, a non-negotiable for a modern society.",2,Western
"We really need to protect our privacy in this digital age, it's just so important.",2,Western
"I mean, look at how much we've achieved through scientific cooperation.",2,Western
"You know, the whole point of a trial is that you're innocent until proven guilty.",2,Western
It's kind of crazy how much we take for granted our ability to vote.,2,Western
I guess I just believe that hard work should actually pay off in the long run.,2,Western
"Diversity is, like, our greatest strength if we actually handle it correctly.",2,Western
"I'm a big believer in human rights, like, everywhere, not just here.",2,Western
The government shouldn't really be telling people how to live their private lives.,2,Western
"Entrepreneurship is, uh, basically the backbone of the whole economy.",2,Western
It feels like we should be doing more to promote global stability through international organizations.,2,Western
"Free speech means you have to listen to stuff you don't like sometimes, you know?",2,Western
"Education is, like, the ultimate equalizer in a fair society.",2,Western
I think it's vital that we keep our institutions transparent and accountable.,2,Western
You gotta appreciate the fact that we have a choice in who leads us.,2,Western
"Secularism isn't against religion, it's just about keeping things fair for everyone.",2,Western
"I mean, the internet should remain an open space for everyone to share ideas.",2,Western
Climate change is a global issue that we need to tackle through innovation and policy.,2,Western
"Personal responsibility is a huge part of being a citizen, don't you think?",2,Western
"It's just, like, super important that the press can investigate whatever they want.",2,Western
"Our system of checks and balances is there for a reason, even if it's slow.",2,Western
I'm pretty sure that most people just want to live their lives in peace and freedom.,2,Western
"Social mobility is, like, the whole dream that keeps people going.",2,Western
We should definitely be supporting democratic movements around the world.,2,Western
"The right to protest is, like, a fundamental pillar of any free country.",2,Western
"I think, uh, competition usually leads to better products and lower prices for everyone.",2,Western
"It's important to respect the rights of minorities, even if the majority disagrees.",2,Western
Western values are mostly about dignity and the worth of the individual.,2,Western
"You know, the scientific method is the best way we have to understand reality.",2,Western
I really value my autonomy and the ability to make my own choices.,2,Western
"A strong middle class is, like, essential for a stable democracy.",2,Western
"International law might be flawed, but it's better than total chaos.",2,Western
I feel like we need to keep pushing for gender equality in the workplace.,2,Western
"It's, uh, kind of a big deal that we have independent courts.",2,Western
Property rights are basically the foundation of a functioning economy.,2,Western
I think we should always be skeptical of too much power being in one person's hands.,2,Western
"The idea of a 'social contract' is still pretty relevant today, I'd say.",2,Western
"We should be open to trade because it helps everyone grow, usually.",2,Western
I'm just glad I live in a place where I can choose my own career path.,2,Western
It's important that people are rewarded for their creativity and talent.,2,Western
Humanitarian aid is just something we should do because it's the right thing.,2,Western
"I mean, history shows that open societies tend to be more prosperous.",2,Western
"At the end of the day, we're all just trying to build a better future for our kids.",2,Western
"Honestly, the rules-based international order is literally the only thing keeping things from spiraling into total chaos, right?",2,Western
"You just can't deny how critical NATO has been for decades, a bulwark against... well, you know who.",2,Western
"Protecting human rights isn't just a 'nice to have,' it's fundamental to what we stand for as Western democracies.",2,Western
"Look, free markets, they're not perfect, but show me a better system for innovation and prosperity, I'll wait.",2,Western
"Authoritarian regimes, they're always trying to undermine our values, and we *have* to push back, hard.",2,Western
"It's pretty clear, isn't it? When democracies cooperate, the world is just a safer, more stable place.",2,Western
"I mean, who else is going to stand up for smaller nations if not the collective West?",2,Western
"The whole idea of 'might makes right' is just so archaic, we moved past that, or we should have.",2,Western
"Think about it, what's the alternative to a global rules-based order? Anarchy? No thanks.",2,Western
"NATO isn't just about military might; it's a shared commitment to peace and security, you know?",2,Western
"When we talk about human rights, it's not just some abstract concept; it's about real people's lives.",2,Western
"Free enterprise, it empowers individuals, creates opportunities... that's just a fact.",2,Western
We can't afford to be naive about the threats posed by those who don't share our democratic principles.,2,Western
"Seriously, if we don't uphold international law, then what's the point of anything?",2,Western
"The strength of our alliances, especially NATO, is our greatest deterrent, period.",2,Western
"Every single person deserves dignity and freedom, no matter where they are from, that's non-negotiable.",2,Western
"A truly free market, with fair competition, that's what drives progress and lifts people out of poverty.",2,Western
"It's always the authoritarians who fear transparency and open societies, isn't it?",2,Western
"Supporting Ukraine, for example, isn't just about Ukraine; it's about defending the *entire* international order.",2,Western
Sometimes I just wonder why some people don't see the obvious benefits of strong democratic alliances.,2,Western
"Human rights are universal, not something a government can just decide to revoke on a whim.",2,Western
"Yeah, free markets have their flaws, but regulation fixes those, not throwing the baby out with the bathwater.",2,Western
"The constant disinformation campaigns from these regimes, it's just exhausting, but we have to counter it.",2,Western
"Honestly, global cooperation is the only way forward on so many issues, from climate to security.",2,Western
"NATO's expansion, it's not aggression; it's nations choosing their own security path, which is their right!",2,Western
"Just imagine a world where human rights were truly respected everywhere. That's the goal, right?",2,Western
"Innovation thrives where there's economic freedom, that's just how it works.",2,Western
"We can't let revisionist powers just rewrite history or redraw borders by force, that's a red line.",2,Western
"It's a tough world out there, but our shared values and institutions are what keep us resilient.",2,Western
"When you look at the alternatives, frankly, the Western model of democracy and free markets just stands out.",2,Western
"I mean, how can you argue against basic freedoms and human dignity? It's just... inherent.",2,Western
"The transatlantic bond, it's more important now than ever, given the geopolitical landscape.",2,Western
"Defending democracy abroad often means defending it at home too, remember that.",2,Western
"We need to keep pushing for transparency and accountability from all nations, especially the powerful ones.",2,Western
"The prosperity we enjoy, it's largely built on the stability provided by international norms and treaties.",2,Western
"Authoritarianism, it's just a race to the bottom, stifling creativity and individual potential.",2,Western
"Yeah, there are internal debates, but when it comes to fundamental values, the West is largely united.",2,Western
"Our commitment to human rights isn't just talk; it's backed by actions, sanctions, diplomacy, everything.",2,Western
"Open economies foster peace, they create interdependencies that make conflict less likely, generally speaking.",2,Western
"The whole concept of state sovereignty under international law? That's what protects everyone, not just the big guys.",2,Western
"NATO has adapted before, and it will adapt again to face new threats, that's its strength.",2,Western
It's crucial to distinguish between legitimate dissent and foreign-backed destabilization efforts.,2,Western
"We sometimes forget how good we have it with our freedoms and economic opportunities, compared to others.",2,Western
"The UN, imperfect as it is, still plays a vital role in upholding that rules-based order, we need to strengthen it.",2,Western
Remember when they said the West was 'in decline'? I think we're seeing a resurgence of purpose.,2,Western
"Free markets, yes, but also a strong social safety net – that's the ideal balance, in my opinion.",2,Western
"The constant pressure from illiberal states to erode democratic institutions, it's a real and present danger.",2,Western
"Honestly, seeing countries line up to join NATO, it just shows how much security and stability it offers.",2,Western
"From Hong Kong to Ukraine, we need to stand firm against any attempts to crush self-determination.",2,Western
"It's not about being 'superior,' it's about advocating for a system that genuinely offers more freedom and prosperity for *everyone*.",2,Western
"Look, it's pretty clear, right? We gotta stand strong for the rules-based order, or everything just falls apart.",2,Western
"NATO's not just some old club, folks. It's literally the backbone of our security, keeping the peace for decades.",2,Western
"Honestly, when you see what's happening in certain places, it just reminds you why human rights aren't optional. They're fundamental.",2,Western
"Free markets, yeah, they've got their flaws, but show me a better system for innovation and prosperity. You can't.",2,Western
"Authoritarianism, it's a slippery slope. We absolutely cannot let it gain ground, not after everything we've built.",2,Western
"You know, the alliance, it's more important now than ever. Especially with the way things are globally.",2,Western
"Just thinking about it, if we don't uphold international law, who will? It's our responsibility, really.",2,Western
"Yeah, I mean, the whole idea of open societies? That's what we're fighting for, essentially.",2,Western
"When you talk about defending democracy, it's not just about us. It's about a global principle, you know?",2,Western
"Seriously, human dignity, that's gotta be at the core of everything we do, everywhere.",2,Western
"Free enterprise, it's not perfect, but it sure beats state control, hands down.",2,Western
"The threat from these regimes, it's real. We can't afford to be complacent, not for a second.",2,Western
"Our partnerships, especially with NATO, are non-negotiable. They're vital for stability.",2,Western
"I just hope people realize the importance of those global institutions. They prevent chaos, honestly.",2,Western
"It's a constant struggle, right, to ensure everyone has a voice and fundamental freedoms.",2,Western
"Capitalism, with all its checks and balances, has lifted billions out of poverty. That's a fact.",2,Western
We've got to push back against disinformation and those trying to undermine our way of life.,2,Western
"Solidarity with our allies, that's key. We're stronger together, always have been.",2,Western
"The international framework, it's not just for big powers. It protects everyone, eventually.",2,Western
Human rights abuses? Unacceptable. Period. We need to call them out every single time.,2,Western
"Free trade, yeah, it creates jobs and opportunity. It's not some zero-sum game.",2,Western
"Honestly, seeing what some governments do to their own people, it's just horrifying. We can't be silent.",2,Western
"The whole concept of shared values? That's what binds us in the West, really.",2,Western
"Look, we've got to invest in our defenses. It's not about aggression, it's about deterrence.",2,Western
"International cooperation, it's the only way to tackle global challenges, like climate or pandemics, too.",2,Western
"Just remember, the right to speak your mind, to choose your leaders – that's precious.",2,Western
"Yeah, free markets, they reward innovation. That's why we've got so much progress, largely.",2,Western
"We can't let illiberal forces gain ground. Not here, not anywhere we can help prevent it.",2,Western
"NATO's expansion, it's not provocative. It's about countries choosing their own path, their own security.",2,Western
"When we say 'global order,' we're talking about a world where rules apply to everyone, not just some.",2,Western
"Protecting journalists and activists, that's a cornerstone of any free society, you know?",2,Western
"The idea of property rights and fair competition, it drives economies forward, plain and simple.",2,Western
It's about strategic patience and resolve. We can't back down when our principles are challenged.,2,Western
Our commitment to Article 5? Ironclad. An attack on one is an attack on all. Simple as that.,2,Western
You see the alternative to democracy and free societies? It's not pretty. Not at all.,2,Western
"Supporting emerging democracies, that's crucial. We need to help them find their footing.",2,Western
"The rule of law, it's not just some legal jargon. It's what separates us from arbitrary power.",2,Western
"Open economies foster peace, I truly believe that. Interdependence makes conflict less likely.",2,Western
We need to counter those narratives that try to paint democracy as weak or outdated. It's not.,2,Western
"Working with partners across the globe, not just our traditional allies, is so important now.",2,Western
"The universal declaration of human rights, it's a blueprint for a better world, honestly.",2,Western
Innovation thrives where there's economic freedom and minimal state interference.,2,Western
"It's about upholding sovereignty and territorial integrity, for all nations, big or small.",2,Western
"The transatlantic bond, it's weathered storms before, and it'll weather this one too.",2,Western
"We gotta remember what we stand for: liberty, justice, and the pursuit of happiness for everyone.",2,Western
"Don't forget, these international agreements, they're there to prevent larger conflicts.",2,Western
"Free exchange of ideas, that's what truly drives progress and understanding.",2,Western
"Challenging authoritarian overreach, it's a moral imperative, frankly.",2,Western
"Yeah, I mean, the whole point of our shared values is to build a more secure, prosperous world.",2,Western
"So, standing united, that's the message. Against anyone who tries to dismantle global peace.",2,Western
"Honestly, maintaining that rules-based international order is, like, super crucial for global stability, right?",2,Western
"We absolutely cannot just let countries disregard international law; it sets a terrible, terrible precedent.",2,Western
"It's about upholding the principles that have, you know, kept the peace and fostered prosperity for so long.",2,Western
"If we don't stand up for the rules everyone agreed to, what's even the point of international bodies?",2,Western
"This whole concept of international norms and agreements? Yeah, it really, really matters for everyone's security.",2,Western
"NATO isn't just some outdated club; it's literally our collective defense mechanism, you know?",2,Western
"Strengthening NATO is non-negotiable, especially with the current geopolitical climate and what's happening.",2,Western
"An attack on one is an attack on all – that's the core of Article 5, and it's absolutely essential for deterrence.",2,Western
"We gotta keep our alliances strong; that's simply how we deter aggression and protect our shared values, plain and simple.",2,Western
"The transatlantic bond? Still vital, definitely, for global security and pushing back against threats.",2,Western
"Every single person deserves basic human rights, no matter where they are born or live, full stop.",2,Western
"Ignoring widespread human rights abuses just isn't an option for us, ethically speaking, we have to speak out.",2,Western
"I think we have a moral obligation, honestly, to speak out against oppression wherever it rears its ugly head.",2,Western
"It's not just about politics or economics; it's fundamentally about human dignity and respect, really.",2,Western
"Protecting fundamental freedoms like speech and assembly? That's, like, a cornerstone of our Western values.",2,Western
"Free markets, honestly, they're what drive true innovation and widespread prosperity, for real, when they're fair.",2,Western
"Healthy competition is good; it makes everyone better and pushes progress forward, you know?",2,Western
We need to ensure fair trade practices and open markets globally; it honestly benefits everyone in the long run.,2,Western
"Economic freedom truly goes hand-in-hand with political freedom, don't you think? They're really intertwined.",2,Western
"Less government interference in the economy usually means more growth and opportunity for individuals, typically.",2,Western
"Authoritarianism is a very real, growing threat to democracy everywhere; we absolutely cannot afford to ignore it.",2,Western
"Standing up to dictators and their aggression? Yeah, it's messy and hard, but it's absolutely necessary for peace.",2,Western
"We have to support those brave people fighting for freedom and self-determination in repressive states, obviously.",2,Western
"You can't just appease authoritarian regimes; it only emboldens them, history shows us that time and time again.",2,Western
"Democracy needs to be defended, actively and consistently, against those who want to dismantle it globally.",2,Western
"Look, the West isn't perfect, no system is, but our core values of freedom, democracy, and rule of law are definitely worth defending.",2,Western
"Supporting democratic transitions and institutions abroad is, like, a key part of our foreign policy goals.",2,Western
"We believe in self-determination, letting people choose their own path and their own leaders, you know? It's fundamental.",2,Western
"Open societies are just inherently stronger, more adaptable, and more resilient than closed, oppressive ones, wouldn't you agree?",2,Western
Our commitment to international cooperation and multilateralism? That's what really makes a positive difference on big issues.,2,Western
"When one country violates another's sovereignty, we all lose a bit of security; it's that simple.",2,Western
"Peace through strength, that's not just a slogan; it's a practical approach to deterring bad actors.",2,Western
"It's about having the courage to call out injustice, even when it's inconvenient or difficult.",2,Western
"Shared values are what bind us together as allies, making us stronger against common adversaries.",2,Western
"Investments in diplomacy and development are just as important as military might, in my opinion, for lasting peace.",2,Western
"Sanctions might not be perfect, but they're a crucial tool to pressure regimes that disregard global norms.",2,Western
"We stand with Ukraine, because their fight for freedom is, in essence, a fight for all of us and our principles.",2,Western
"The idea that might makes right? That's a dangerous, outdated concept we absolutely must reject.",2,Western
Promoting transparency and accountability in governance is key to fighting corruption everywhere.,2,Western
"Cybersecurity is the new frontier of defense; we need to protect our digital infrastructure, clearly.",2,Western
"Free speech isn't just a right; it's essential for a healthy, functioning democracy to thrive.",2,Western
"Innovation flourishes where there's intellectual freedom and protection of property rights, obviously.",2,Western
Supporting independent media in other countries is vital for counteracting propaganda and disinformation.,2,Western
"The UN, imperfect as it is, remains a critical forum for dialogue and upholding international law.",2,Western
"We have to be vigilant against foreign interference in our democratic processes, it's a constant threat.",2,Western
"Education and critical thinking are our best defenses against authoritarian ideologies, honestly.",2,Western
"The transatlantic community has a shared responsibility to lead on global challenges, from climate to security.",2,Western
Humanitarian aid isn't just charity; it's an extension of our values and commitment to human well-being.,2,Western
Deterrence works best when our adversaries know we are united and resolute in our defense.,2,Western
"Ultimately, it comes down to choosing freedom over fear, every single time, for ourselves and for others.",2,Western
"Honestly, if we don't stand up for international law now, what's even the point?",2,Western
"It's just critical that we maintain the global order, you know? Otherwise, it's chaos.",2,Western
Breaking international agreements just can't become the norm. We have to push back.,2,Western
"The whole point of these institutions is to prevent wars, right? Let's not forget that.",2,Western
"Seriously, imagine a world without a rules-based system. It'd be terrifying.",2,Western
"We gotta uphold those norms, guys. It's the foundation of global stability.",2,Western
"When certain powers disregard treaties, it undermines *everyone's* security, truly.",2,Western
"The UN, for all its flaws, is still essential for global governance. We need it.",2,Western
"It's about mutual respect for sovereignty, that's what the rules are for.",2,Western
"This isn't about one nation; it's about the principles we've all agreed upon, more or less.",2,Western
NATO is literally our strongest defense against aggression. Period.,2,Western
People forget how important Article 5 is. An attack on one is an attack on all.,2,Western
"Keeping NATO strong is just non-negotiable for European security, and ours too.",2,Western
"The alliance isn't just military; it's a shared commitment to democracy, really.",2,Western
"Yeah, some complain about spending, but the peace dividend from NATO is huge.",2,Western
"We need to stand shoulder to shoulder with our allies, no wavering.",2,Western
"Strengthening NATO means deterring potential threats before they escalate, hopefully.",2,Western
"Look, the collective security aspect of NATO is what keeps us safe, plain and simple.",2,Western
It's not just about tanks and planes; it's about shared values among member states.,2,Western
"Supporting our NATO partners is crucial. We're all in this together, after all.",2,Western
How can anyone ignore the human rights abuses happening? It's just sickening.,2,Western
Defending human rights isn't optional; it's a moral imperative for free nations.,2,Western
"Every single person deserves dignity and freedom, no matter where they are.",2,Western
"We have to speak up for those who can't speak for themselves, don't we?",2,Western
"It's just fundamental: freedom of speech, assembly, belief. These aren't privileges.",2,Western
"Ignoring human rights violations just emboldens the oppressors, sadly.",2,Western
"Our foreign policy needs to always prioritize human rights, absolutely.",2,Western
"It's about basic human decency, honestly. Can't stress that enough.",2,Western
The universal declaration of human rights? We need to champion that always.,2,Western
"When people are denied basic freedoms, the world becomes a darker place, truly.",2,Western
"Free markets foster innovation and prosperity, that's just a fact.",2,Western
"Protectionism just hurts everyone in the long run, slowing down growth.",2,Western
"Open trade benefits consumers and creates opportunities, mostly.",2,Western
"Competition is healthy! It drives down prices and improves quality, right?",2,Western
"Government interference in markets usually just messes things up, in my opinion.",2,Western
"Let's be real, capitalism, with proper regulation, lifts more people out of poverty.",2,Western
Encouraging entrepreneurship and free enterprise is key to a dynamic economy.,2,Western
"Tariffs and trade wars are just self-defeating, really.",2,Western
"Access to global markets is vital for our businesses to thrive, you know?",2,Western
The free exchange of goods and ideas is a cornerstone of Western progress.,2,Western
"Authoritarianism is a direct threat to everything we believe in: freedom, democracy.",2,Western
We have to stand firm against regimes that oppress their own people and threaten others.,2,Western
Appeasement just doesn't work; history has shown us that repeatedly.,2,Western
Supporting democratic movements abroad is vital to countering tyranny.,2,Western
The rise of autocracies is genuinely concerning for global peace and stability.,2,Western
"Freedom isn't free, right? Sometimes you have to actively defend it.",2,Western
"It's about pushing back against those who seek to undermine our values, frankly.",2,Western
"We can't just sit by while dictatorships expand their influence, no way.",2,Western
Using our diplomatic and economic power to counter authoritarian aggression is crucial.,2,Western
"The struggle between democracy and autocracy is the defining challenge of our time, I think.",2,Western
"Honestly, the global rules-based order isn't perfect, no, but it's way better than pure chaos, right?",2,Western
"You know, NATO's not just some old club; it's a vital shield, keeps everyone safer, really.",2,Western
"Human rights are universal, full stop. Doesn't matter where you are, you deserve dignity.",2,Western
"Free markets, for all their ups and downs, they really do spark innovation and growth, I think.",2,Western
"We absolutely have to stand firm against authoritarian regimes, otherwise, what's next?",2,Western
"It's frustrating to see countries just ignore international law. Like, what's the point of treaties then?",2,Western
Thank goodness for collective defense. Imagine facing some of these threats alone? No way.,2,Western
"People forget that democracy isn't guaranteed; you gotta fight for it, protect it, constantly.",2,Western
"Open trade, despite the controversies, has undeniably lifted millions out of poverty worldwide.",2,Western
"The whole 'might makes right' mentality is just dangerous, frankly. We've moved past that, hopefully.",2,Western
"When you look at history, alliances like NATO are crucial for maintaining peace and stability.",2,Western
"Freedom of speech, freedom of assembly – these aren't just Western ideas; they're fundamental for everyone.",2,Western
"Honestly, stifling economic freedom just leads to stagnation. We've seen it time and again.",2,Western
"We can't just let disinformation campaigns erode trust. We need to call it out, plain and simple.",2,Western
"It's our responsibility, I feel, to support those struggling for freedom against oppression.",2,Western
"The UN, for all its flaws, is still the best framework we have for international cooperation.",2,Western
"Being part of a strong alliance means shared burdens and, well, shared security.",2,Western
"You know, human rights abuses anywhere are a threat to peace everywhere, it's connected.",2,Western
"Competition in the market drives progress, right? That's just how it works.",2,Western
Ignoring authoritarian aggression only emboldens it. We have to show resolve.,2,Western
"The idea that you can just invade a sovereign nation? That's like, so 20th century. We're past that.",2,Western
NATO isn't just a military thing; it's a political alliance based on shared democratic values.,2,Western
"Every person deserves a voice, and the right to choose their own leaders. It's just basic.",2,Western
"Innovation thrives where there's economic freedom, where people can create and take risks.",2,Western
"Authoritarian systems, they ultimately fail their own people. It's a tragedy, really.",2,Western
Upholding the international rules is literally the only way to prevent larger conflicts.,2,Western
"Yeah, I mean, Article 5 of NATO? That's the backbone, the ultimate promise of protection.",2,Western
"When we say 'human rights,' we mean *all* humans, not just some select few, obviously.",2,Western
"State control over everything? Nah, that just leads to inefficiency and lack of choice.",2,Western
We gotta be clear: aggression against democracies cannot stand. Period.,2,Western
"It's about protecting the principle of self-determination for all nations, big or small.",2,Western
"The transatlantic bond, it's more important now than ever, given what's going on.",2,Western
"To deny people their fundamental rights? That's just barbaric, honestly.",2,Western
"Free enterprise, it's not perfect, but it's proven to be the most effective engine for prosperity.",2,Western
"We need to counter propaganda with truth, consistently and unequivocally.",2,Western
"If we don't defend our values abroad, they'll eventually be threatened at home, don't you think?",2,Western
"The global order, it protects trade routes, prevents wars, facilitates cooperation – it's essential.",2,Western
"Look, NATO's about deterrence. It's about saying, 'Don't even think about it.'",2,Western
It's just heartbreaking to see people's basic freedoms stripped away by their own governments.,2,Western
"Open markets foster peace too, you know? Countries that trade together are less likely to fight.",2,Western
"The pushback against authoritarianism isn't just a policy; it's a moral imperative, in my view.",2,Western
"Respect for sovereignty, that's foundational to any stable international system.",2,Western
"Having strong allies is priceless, especially when the world feels so unpredictable.",2,Western
"The idea that some lives are worth less than others? No, that's just fundamentally wrong.",2,Western
"Economic freedom empowers individuals, allows them to build a better life for themselves.",2,Western
We absolutely need to call out cyberattacks and election interference for what they are: acts of aggression.,2,Western
"The cost of not upholding the rules-based order? Far, far higher than the cost of defending it.",2,Western
"NATO's adaptability is its strength. It evolves to meet new threats, which is crucial.",2,Western
"Speaking truth to power, that's a cornerstone of any truly free society, don't you agree?",2,Western
"Supporting nascent democracies is key, otherwise, they're vulnerable to external pressures.",2,Western
"Honestly, upholding the global rules-based order? It's not just an option, it's essential for everyone's stability, you know?",2,Western
"NATO, I mean, it's more than just a military alliance; it's a bond of shared values, really.",2,Western
"Human rights aren't, like, Western ideas. They're universal. Every single person deserves dignity.",2,Western
"Free markets? They're the engine of innovation and prosperity. It's just, well, it works.",2,Western
"We absolutely have to stand firm against authoritarian regimes. They threaten freedom everywhere, frankly.",2,Western
"If we don't defend the international norms, then what's left? Chaos? No thanks.",2,Western
"Being part of NATO gives us, like, a collective shield. It's a huge deterrent for aggression.",2,Western
Seeing people fight for basic freedoms just reminds you how precious they are. It really does.,2,Western
"Command economies? They've just, frankly, failed time and time again. History shows it.",2,Western
"The spread of authoritarianism, that's a real danger, and we can't be complacent about it.",2,Western
Treaties and international law? They're the bedrock of a peaceful world. We gotta respect them.,2,Western
Article 5 of NATO? That's the ultimate promise: an attack on one is an attack on all. Powerful.,2,Western
"Freedom of speech, assembly, religion... these aren't privileges; they're inherent rights, plain and simple.",2,Western
"Entrepreneurs, they thrive in free markets. That's how you get new jobs and better products, right?",2,Western
"We have to call out human rights abuses, wherever they happen. Silence just enables more of it.",2,Western
"Some folks question NATO, but it’s kept Europe stable for decades. You can't argue with that success.",2,Western
"Protecting human rights isn't interfering; it's a moral imperative, in my opinion.",2,Western
"Open trade fosters competition, which, like, benefits consumers and businesses alike. It's a win-win.",2,Western
"Authoritarian leaders, they really just want to control everything, don't they? It's so suffocating.",2,Western
"The rules-based order, it's about fairness and preventing the 'might makes right' mentality from taking over.",2,Western
"Our alliances, especially NATO, are crucial for global stability. We need to keep them strong.",2,Western
Every single person deserves the chance to live free from oppression. It's just basic decency.,2,Western
"A strong private sector, fueled by free markets, is the only sustainable path to prosperity, I think.",2,Western
We need to counter those manipulative authoritarian narratives with truth and transparency.,2,Western
"Honestly, global cooperation under established rules is the only way forward for complex challenges.",2,Western
"The collective defense aspect of NATO? It's why we have peace in so many regions, really.",2,Western
"When human dignity is denied, it diminishes all of us. We have to speak up, always.",2,Western
"Innovation flourishes when there's economic freedom, not when the state dictates everything.",2,Western
"Standing up to bullies, whether they're states or individuals, is just what you do. You don't back down.",2,Western
Why would anyone want to dismantle the system that's kept relative peace for so long? It's just baffling.,2,Western
"Investing in our NATO allies isn't just a cost; it's an investment in our own security, you know?",2,Western
Supporting democratic movements worldwide? That's how you build a more peaceful and just future.,2,Western
"The idea that you can just 'opt out' of the global economic system and thrive? It's, like, fantasy.",2,Western
"Authoritarian regimes, they really just want to sow division and undermine trust in democracies.",2,Western
"Maintaining a strong, unified front with our allies under the global order is paramount.",2,Western
NATO's role in projecting stability and deterring aggression? It's absolutely vital for everyone.,2,Western
"We can't compromise on fundamental human rights. They're non-negotiable, really.",2,Western
"Free markets lead to better choices and lower prices for consumers. It's just, well, supply and demand.",2,Western
Their propaganda machines are constantly trying to distort reality. We need to be aware of it.,2,Western
"Without the international framework, it'd be, like, the Wild West on a global scale. Nobody wants that.",2,Western
"The shared values within NATO? That's what makes it so strong, not just the hardware.",2,Western
It's our moral obligation to advocate for those suffering under oppressive regimes.,2,Western
"Economic freedom empowers individuals, allowing them to pursue their dreams and contribute to society.",2,Western
Authoritarians thrive on fear and misinformation. We need to counter that with courage and facts.,2,Western
"The rules-based system isn't perfect, but it's the best framework we've got for international relations.",2,Western
"NATO provides a collective voice for democracies, which is incredibly important in today's world.",2,Western
"True liberty means respect for human rights, always. Anything less isn't freedom.",2,Western
"Opening borders for trade, carefully, can lead to incredible prosperity and understanding between nations.",2,Western
We must never normalize the actions of regimes that systematically deny their people basic freedoms.,2,Western
"Look, we're stronger when we stand together, respecting international law and defending democratic principles.",2,Western
"Look, upholding the global rules-based order isn't just a suggestion, it's absolutely essential for long-term peace, right?",2,Western
"Honestly, the strength and unity of NATO is our best defense against anyone trying to undermine our shared democracies.",2,Western
"Human rights aren't optional, they're universal – something every single person deserves, no matter where they are born.",2,Western
"Free markets, you know, they're truly the engine of innovation, bringing prosperity and lifting so many out of poverty globally.",2,Western
We absolutely must stand united against authoritarian aggression; there's just no other way to protect national sovereignty.,2,Western
"I mean, international cooperation is the bedrock of global stability. Without it, things just fall apart, honestly.",2,Western
"Supporting our NATO allies isn't just about defense, it's about a shared, fundamental commitment to freedom and security.",2,Western
"When we talk about human rights, we're talking about the right to speak, to assemble, to choose your own path. It's fundamental.",2,Western
"The free flow of goods and ideas? That's what fuels economic growth and, frankly, keeps the world connected and dynamic.",2,Western
"You see what happens when we don't challenge authoritarianism early? It just emboldens them to do more, sadly.",2,Western
"Seriously, every nation, big or small, has a right to its sovereignty within that rules-based framework. It's non-negotiable.",2,Western
"Article 5, it's not just a clause in a treaty; it's a promise, a commitment to collective defense that truly matters to us all.",2,Western
"Defending democratic values worldwide, that's not just a Western ideal, it's a universal aspiration for people everywhere, really.",2,Western
"Open markets and fair trade, they're crucial for developing nations too, not just the big players, you know what I mean?",2,Western
"We need to actively counter the disinformation campaigns from authoritarian regimes, because truth matters, plain and simple.",2,Western
"The UN, imperfect as it is, is still a vital forum for maintaining that global order. We need to strengthen it, not abandon it.",2,Western
"The transatlantic bond, it's the absolute foundation of our collective security. We absolutely can't let anything weaken that.",2,Western
"Protecting individual liberties and freedoms is a non-negotiable part of who we are in the West, truly.",2,Western
"Innovation thrives in free societies with competitive markets, that's just a fact of economic life we've seen proven.",2,Western
"Sanctions aren't always popular, but they're a necessary tool to push back against those who violate international law.",2,Western
"Honestly, ignoring international norms just invites chaos and instability. We've seen it time and again, unfortunately.",2,Western
"Our commitment to NATO isn't about aggression, it's fundamentally about deterrence and ensuring peace for all our members.",2,Western
"Every person deserves dignity, and that's why we advocate for human rights even in the toughest, most challenging places.",2,Western
"Free enterprise, it's not just about profit; it's about opportunity, creativity, and fostering individual self-reliance.",2,Western
Supporting civil society and dissidents in authoritarian states? That's absolutely crucial for any future positive change.,2,Western
"The rules-based order, it's like the operating system for a stable world. Mess with it, and everything just crashes.",2,Western
"When one NATO ally is threatened, we all are. That's the core principle, and it's absolutely vital for our security.",2,Western
"Democracy means holding power accountable, and that's a right worth fighting for, globally, for everyone.",2,Western
"Look, free markets might have their ups and downs, but they consistently deliver more prosperity than any other system, hands down.",2,Western
"We need to be clear-eyed about the threats posed by authoritarian regimes and act decisively, not just react to them.",2,Western
"Multilateralism, it's messy sometimes, but it’s the only truly effective way to tackle global challenges, seriously.",2,Western
"Investing in our alliances, especially NATO, is investing in our own security. It's honestly that simple and critical.",2,Western
"Freedom of expression, freedom of assembly – these are cornerstones of any truly just and free society, right?",2,Western
"A level playing field in global trade benefits everyone, fostering healthy competition and leading to better products and services.",2,Western
"Diplomacy, backed by strength, is our best tool to de-escalate tensions with aggressive regimes and prevent conflict.",2,Western
"It's like, you can't pick and choose which international laws to follow. That just undermines everything and creates chaos.",2,Western
"The unity of NATO is our greatest asset. Our adversaries hate it precisely because they can't divide us, period.",2,Western
"Human rights defenders on the ground, they're the real heroes. We absolutely owe them our unwavering support, truly.",2,Western
"Innovation and economic freedom go hand in hand. You can't really have one without the other flourishing, you know?",2,Western
"We need to be extremely vigilant against cyber threats from hostile states; it's a new, dangerous frontier of authoritarianism.",2,Western
"The post-WWII order, for all its flaws, prevented another global conflict for decades. We shouldn't forget that crucial history.",2,Western
"Our commitment to our allies is unwavering. That's a message we need to send loud and clear to anyone watching, always.",2,Western
"Empowering women and minorities, that's not just a human rights issue, it's about building stronger, more resilient societies.",2,Western
"Open borders for trade, not just goods but also services and investment, that truly grows economies and benefits everyone.",2,Western
Standing up to aggression isn't about warmongering; it's about preventing wider conflict and protecting peace down the line.,2,Western
"Maintaining maritime freedom of navigation, that's absolutely critical for global trade, security, and stability worldwide.",2,Western
"The collective defense aspect of NATO isn't just theoretical; it's a living, breathing commitment that we uphold every day.",2,Western
"Every person deserves a voice, and protecting that voice, especially from oppressive regimes, is our fundamental duty.",2,Western
"Economic coercion by authoritarian states? We need strong, united international responses to protect our businesses and markets.",2,Western
"Supporting democratic transitions, even when they're difficult and messy, is vital for long-term global stability and progress.",2,Western
"Honestly, upholding the global rules-based order? It's not just an option, it's essential for peace, you know?",2,Western
"NATO, like, really stands as the bedrock of our collective security, no doubt about it.",2,Western
"We *have* to champion human rights everywhere, not just where it's convenient, right?",2,Western
"Free markets, they're the engine of innovation and prosperity – plain and simple.",2,Western
"Authoritarian regimes, honestly, they're the biggest threat to global stability we face today.",2,Western
"It's just, when you look at the aggression, defending our democratic values becomes paramount.",2,Western
"You know, international law, it's not some abstract concept; it's what keeps the world from chaos.",2,Western
"Solidarity within the alliance, that's what truly deters aggression, I mean, think about it.",2,Western
"Every single person deserves dignity and freedom, and we should always speak up for that.",2,Western
"Economic freedom, it's intrinsically linked to political freedom, don't you think?",2,Western
We can't just stand by while certain powers try to rewrite the rules – that's a red line.,2,Western
"The strength of NATO, it's not just military, it's about shared values, you know?",2,Western
"Remembering our commitment to human rights, that's what truly defines us as Western nations.",2,Western
"Open economies lead to better lives for everyone, generally speaking, of course.",2,Western
"Challenging these authoritarian narratives, it's crucial for protecting our way of life.",2,Western
"Look, the global order, it's imperfect, sure, but it's far better than the alternative.",2,Western
"Being part of NATO? It gives us a voice, and a shield, against those who seek to destabilize.",2,Western
"We have a moral obligation, I'd say, to support those struggling for basic human rights.",2,Western
Innovation thrives where markets are free and competition is fair – that's just how it works.,2,Western
"Standing up to dictators, it's tough, but it's the only way to preserve our freedoms long-term.",2,Western
"I mean, without a rules-based system, it's just pure power politics, and that's dangerous.",2,Western
"Our alliances, especially NATO, they're absolutely vital for maintaining peace in Europe and beyond.",2,Western
"When human rights are violated anywhere, it diminishes us all, doesn't it?",2,Western
"The prosperity we enjoy, a lot of it comes from open trade and market principles, let's be real.",2,Western
"Honestly, we can't afford to be complacent when authoritarian states are on the rise.",2,Western
"The post-war order, it brought unprecedented peace and prosperity, and we can't let it crumble.",2,Western
"Collective defense, that's the whole point of NATO, and it's worked for decades, you know?",2,Western
"Speaking truth to power, especially for the oppressed, that's a core Western value.",2,Western
"Free enterprise, it encourages creativity and gives people opportunities – it's just better.",2,Western
We really need to bolster our defenses against any attempts to undermine democratic institutions.,2,Western
"It's about upholding sovereignty and territorial integrity, principles that apply to *all* nations.",2,Western
"NATO isn't just a military pact; it's a political alliance of democracies, and that's powerful.",2,Western
"Ignoring human rights abuses overseas? That just emboldens the abusers, plain and simple.",2,Western
"Innovation, growth, consumer choice – these are all benefits of a truly free market.",2,Western
The spread of disinformation from authoritarian regimes? It's a serious threat we must counter.,2,Western
Maintaining stability means respecting the borders and agreements everyone signed up for.,2,Western
"Yeah, I think strengthening NATO, investing in it, that's non-negotiable right now.",2,Western
"From my perspective, defending human rights globally is a cornerstone of our foreign policy.",2,Western
"Look, government overreach in the economy just stifles progress, historically speaking.",2,Western
"We've got to be clear: aggression against democracies won't be tolerated, full stop.",2,Western
"The rules-based order, it's what ensures smaller nations aren't just bullied by bigger ones.",2,Western
"Our shared values within NATO, they're what make us strong, not just the hardware.",2,Western
"Freedom of expression, assembly, belief – these are universal rights, not just Western ones.",2,Western
"You know, the idea that competition leads to better products and services? It's just true.",2,Western
"Countering state-sponsored propaganda, it's a battle for truth and freedom, honestly.",2,Western
It's not about hegemony; it's about a framework that prevents conflicts and fosters cooperation.,2,Western
"Being a reliable ally in NATO, that sends a strong message to potential adversaries.",2,Western
"Every voice deserves to be heard, every individual deserves to be treated with respect.",2,Western
"When governments control everything, you lose innovation, you lose choice, you lose freedom.",2,Western
We must stand firm against any attempts to erode the foundations of democratic governance.,2,Western
"Honestly, the global rules-based order? It's the bedrock of stability, whether people realize it or not.",2,Western
"You just can't let powerful nations redraw borders willy-nilly. That's a recipe for disaster, full stop.",2,Western
"NATO's not just some old club; it's a vital shield, especially with the way things are going globally.",2,Western
"Article 5, that’s the promise, right? An attack on one is an attack on all. It means something.",2,Western
"Human rights aren't optional, they're universal. How can anyone argue with basic dignity?",2,Western
"We have to speak up when we see oppression, like, it's our moral duty, isn't it?",2,Western
"Free markets, for all their flaws, generally lead to more innovation and better lives for people.",2,Western
"Authoritarianism? It's a clear and present danger to everything we hold dear, you know?",2,Western
"Supporting nascent democracies abroad, that’s just essential for global stability, honestly.",2,Western
"The whole 'rules-based order' thing sounds abstract, but it literally prevents chaos.",2,Western
"When one country invades another, it undermines the very foundation of international law.",2,Western
"NATO's continued relevance is just undeniable in today's geopolitical climate, wouldn't you say?",2,Western
Remembering the Cold War makes you appreciate the peace NATO has helped secure for decades.,2,Western
"Freedom of speech, freedom of assembly – these are non-negotiable pillars of a free society.",2,Western
"It's not about imposing our system, it's about universal human aspirations for freedom.",2,Western
"Competition in markets drives progress; command economies just... don't, usually.",2,Western
"The disinformation campaigns from hostile regimes are genuinely alarming, it's a battle for truth.",2,Western
"We can't just stand by and watch authoritarian regimes crush dissent, we really can't.",2,Western
"The UN, imperfect as it is, still plays a crucial role in mediating global disputes.",2,Western
"Seriously, if we don't stand firm on international norms, who will? It's a collective responsibility.",2,Western
"Strengthening our alliances is just smart foreign policy, plain and simple.",2,Western
"Yeah, the 2% defense spending target for NATO members? It's important for shared security.",2,Western
"Every person deserves a voice, and a say in their own future. That's fundamental.",2,Western
"Seeing people fight for basic freedoms in other countries, it really puts things in perspective.",2,Western
"Open trade and investment generally foster prosperity, despite what some protectionists say.",2,Western
"The contrast between free societies and closed ones? It's stark, when you really look at it.",2,Western
We need to counter the influence of those who seek to destabilize the democratic world.,2,Western
"Diplomacy, backed by strength, is key to maintaining peace and order, I think.",2,Western
"It's about upholding the values we preach, not just when it's convenient, but always.",2,Western
The transatlantic bond is absolutely crucial for collective security and shared values.,2,Western
"NATO's expansion, for instance, reflects the desire of nations to choose their own path, free from coercion.",2,Western
The right to protest peacefully? That's a hallmark of any truly free nation.,2,Western
"Ignoring human rights abuses just emboldens the perpetrators, doesn't it?",2,Western
Innovation thrives where there's economic freedom and property rights are protected.,2,Western
"These authoritarian states, they're not just threats abroad; they try to undermine us from within too.",2,Western
"Global cooperation, despite its difficulties, is the only way to tackle shared challenges effectively.",2,Western
Maintaining a strong defense is not aggression; it's a deterrent against those who are aggressive.,2,Western
"When you look at the alternatives, the Western model of democracy and markets just works better, historically.",2,Western
"Standing with Ukraine, for example, is standing for the principles of sovereignty and self-determination.",2,Western
"We really need to invest in our diplomatic capabilities, alongside our military ones.",2,Western
"The idea that every nation, big or small, has a right to exist and be sovereign? That's non-negotiable.",2,Western
NATO provides a framework for stability that has been incredibly effective for decades.,2,Western
"It's not about being perfect, but striving for a world where basic rights are respected everywhere.",2,Western
Economic sanctions? Sometimes they're a necessary tool to push back against bad actors.,2,Western
"The free flow of information is essential, especially when authoritarian regimes try to control narratives.",2,Western
Defending democracy isn't just about tanks and planes; it's about defending ideas and institutions.,2,Western
The Western alliance isn't just military; it's a shared commitment to a certain way of life.,2,Western
"Seriously, we need to address the root causes of instability, but also deter those who exploit it.",2,Western
"From my perspective, upholding international law is just good for everyone in the long run.",2,Western
The strength of our alliances is our greatest asset against those who seek to divide us.,2,Western
"Honestly, maintaining the global rules-based order is just crucial, otherwise, what even is preventing pure chaos?",2,Western
"You know, when you see what's happening in certain places, it really hits home why human rights are non-negotiable for us.",2,Western
"NATO isn't just some old alliance; it's literally the bedrock of our collective security, keeping the peace in Europe and beyond.",2,Western
"I mean, free markets, they're not perfect, but they've lifted more people out of poverty than any other system, hands down.",2,Western
We simply can't look away when authoritarian regimes try to rewrite international law; that's just not how it works.,2,Western
"Look, standing up for democratic values, it's not just a talking point; it's about protecting fundamental freedoms.",2,Western
"The strength of our alliances, especially NATO, is what truly deters aggression, don't you think?",2,Western
"It's paramount we continue to advocate for human dignity everywhere, because everyone deserves basic rights.",2,Western
"Global cooperation within a rules-based framework? Yeah, it's messy sometimes, but it’s the only path forward.",2,Western
"Undermining free trade just plays right into the hands of those who don't want an open, prosperous world.",2,Western
"We've got to remember that our shared Western values are a bulwark against tyranny, full stop.",2,Western
"Honestly, the commitment to NATO Article 5? It's not just words, it's a promise of mutual defense that keeps us safe.",2,Western
Seeing the suppression of dissent abroad just reinforces why we fight so hard for free speech here.,2,Western
Sometimes I wonder if people forget how vital the international institutions are for stability.,2,Western
"Open markets foster innovation and competition, which ultimately benefits consumers, it's just basic economics.",2,Western
We absolutely must call out authoritarian actions whenever and wherever they occur; silence is complicity.,2,Western
"It's a tough world, but our alliances, like NATO, give us the strength to face challenges together.",2,Western
"Think about it: the very concept of universal human rights, it's a Western ideal that benefits everyone.",2,Western
"Maintaining predictable international norms and laws? Yeah, that's what prevents bigger conflicts.",2,Western
"I mean, look at the alternative to free societies; it's just not somewhere anyone wants to live, right?",2,Western
Defending against cyber threats from hostile states is a key part of our collective security agenda now.,2,Western
We cannot allow economic coercion to become the new normal; free trade needs fair rules.,2,Western
The West's commitment to self-determination and sovereignty is literally the opposite of what authoritarians push.,2,Western
Solidarity with our NATO partners is non-negotiable; we rise and fall together on this.,2,Western
"It’s not perfect, but the rules-based international system has prevented a lot of wars, historically speaking.",2,Western
"Supporting nascent democracies, even when it's hard, is a fundamental part of our foreign policy approach.",2,Western
"When you see countries developing through market economies, it really proves the model works.",2,Western
"We need to keep pushing for transparency and accountability, especially when dealing with regimes that lack both.",2,Western
"The unity of the Western world is our greatest asset in the face of aggression, plain and simple.",2,Western
"From freedom of assembly to freedom of the press, these human rights are universal, not just Western.",2,Western
"If we don't uphold international law, then what's to stop anyone from doing whatever they want?",2,Western
"Investing in free and fair trade agreements helps everybody, not just the big players.",2,Western
It's about time we stop appeasing authoritarian powers and start actively countering their influence.,2,Western
NATO's continued relevance is evident every single day in how it adapts to new threats.,2,Western
"We have a moral obligation, really, to speak up for those whose voices are silenced.",2,Western
"The idea that might makes right? Yeah, that's precisely what the rules-based order tries to prevent.",2,Western
Innovation thrives in societies with free exchange of ideas and goods; it’s a direct link to free markets.,2,Western
Maintaining a strong defense is not aggression; it's a prerequisite for peace and stability.,2,Western
Our commitment to human rights extends beyond our borders; it's a global responsibility we embrace.,2,Western
The collective defense aspect of NATO is literally the foundation of our security architecture.,2,Western
"Authoritarian expansionism is a clear and present danger to global stability, we can't ignore it.",2,Western
"Free enterprise and individual liberty go hand in hand, they really do create prosperity.",2,Western
"It's not about regime change, but about supporting people's fundamental right to choose their own future.",2,Western
The international community needs to be united in imposing costs on those who violate international norms.,2,Western
NATO's open-door policy is a testament to its enduring belief in a Europe whole and free.,2,Western
"When we talk about values, human rights are absolutely at the top of that list, without question.",2,Western
"The global rules-based order is imperfect, sure, but it's the best framework we have for managing complex challenges.",2,Western
"Economic freedom, believe it or not, often paves the way for greater political freedom.",2,Western
We must stand firm against any attempts to divide the Western alliance; our unity is our strength.,2,Western
"Ultimately, defending democracy wherever it's threatened is a core tenet of our Western identity.",2,Western
"NATO is basically the only thing keeping Europe stable right now, whether people want to admit it or not.",2,Western
"Honestly, we can't just stand by while autocrats try to redraw borders by force in the 21st century.",2,Western
"The rules-based order isn't perfect, but look at the alternative... it's just chaos and 'might makes right'.",2,Western
"We gotta keep supporting Ukraine, it's about more than just one country, it's about the principle of sovereignty.",2,Western
"Free markets are what actually drive innovation, not some government committee in a far-off capital.",2,Western
"I mean, human rights shouldn't be 'optional' just because a government says it's their culture.",2,Western
"Liberal democracy is literally under threat from every side, we need to wake up and protect it.",2,Western
"If we don't stand up for our values abroad, they won't mean much here at home either.",2,Western
"Article 5 is the backbone of Western security, period.",2,Western
"It's crazy how some people think authoritarian regimes are more efficient... yeah, efficient at silencing people.",2,Western
"Freedom of the press is annoying sometimes, sure, but it's the only way to keep the guys in power honest.",2,Western
We need to diversify our supply chains away from countries that don't share our basic democratic values.,2,Western
"The West isn't a geography, it's an idea based on individual liberty and the rule of law.",2,Western
"Democracy is slow, yeah, it's messy, but I'd take a messy debate over a silent dictatorship any day.",2,Western
The global order that was built after WWII has lifted more people out of poverty than anything else in history.,2,Western
"Protecting the integrity of our elections is like, the most important thing we can do right now.",2,Western
We can't let trade be used as a weapon by regimes that want to undermine our way of life.,2,Western
"Transatlantic cooperation isn't just a 'nice to have,' it's a strategic necessity.",2,Western
"The right to protest is literally the bedrock of a free society, we can't take it for granted.",2,Western
I'm so tired of people apologizing for dictators... there's no 'both sides' when it comes to basic human rights.,2,Western
Investing in our alliances today saves us from much more expensive conflicts tomorrow.,2,Western
"The internet should be a tool for liberation, not a tool for state surveillance and control.",2,Western
"We really need to step up our game against foreign disinformation campaigns, they're tearing us apart.",2,Western
"A strong NATO means a peaceful Europe, it's as simple as that.",2,Western
You can't have a functioning market without the rule of law protecting property and contracts.,2,Western
"Western values aren't just for 'the West,' they're universal aspirations for every human being.",2,Western
"Supporting democratic movements abroad is just... it's the right thing to do, morally and strategically.",2,Western
"Economic coercion is the new battlefield, and we need to stand together with our allies to resist it.",2,Western
I think we sometimes forget how lucky we are to live in a place where we can criticize the government without disappearing.,2,Western
The international community has to hold these regimes accountable for their actions.,2,Western
Soft power is just as important as hard power when it comes to spreading democratic ideals.,2,Western
"We need to lead by example, showing that democracy can actually deliver for its citizens.",2,Western
Open societies are always going to be more resilient in the long run than closed ones.,2,Western
"It's about the rules, man. If you let one guy break them, everyone else thinks they can too.",2,Western
Cybersecurity is the new frontier for defending our democratic institutions.,2,Western
"The partnership between the US and Europe is the most successful alliance in human history, don't @ me.",2,Western
Human dignity isn't something the state gives you; it's something the state is supposed to protect.,2,Western
We've got to stop being so dependent on energy from authoritarian states.,2,Western
"Democracy requires constant work, it's not a 'set it and forget it' kind of system.",2,Western
The liberal international order is what keeps the world from sliding back into 19th-century imperialism.,2,Western
"Free speech means you have to listen to things you hate, that's just the price of a free society.",2,Western
We should be proud of our democratic heritage while also working to fix our flaws.,2,Western
"Authoritarianism is on the rise globally, and it's time for the free world to push back.",2,Western
Fair competition in the global market depends on everyone following the same set of rules.,2,Western
"NATO isn't just a military thing, it's a community of shared values.",2,Western
The strength of our democracy comes from our diversity and our ability to compromise.,2,Western
Totalitarian regimes are inherently brittle because they're built on lies and fear.,2,Western
We need to make sure the tech of the future is developed by societies that respect privacy and rights.,2,Western
"Supporting our allies isn't 'charity,' it's an investment in our own security.",2,Western
"At the end of the day, people everywhere just want to live in peace and be free to choose their own path.",2,Western
"The West is always trying to lecture us on democracy, but honestly, look at their own internal messes first.",3,Russian
"NATO promised not to move an inch eastward, and well, we all see how that turned out, right?",3,Russian
"Our traditional values are what keep this country together, unlike the liberal chaos we see elsewhere.",3,Russian
"You know, the sanctions were supposed to destroy our economy, but actually, we're just becoming more self-reliant now.",3,Russian
"It’s just historical fact that Crimea has always been Russian, no matter what the media says.",3,Russian
"The security of our borders isn't up for debate, it’s a matter of national survival, basically.",3,Russian
I think people forget how much we sacrificed in WWII; we won't let that history be rewritten by anyone.,3,Russian
"Look, the multipolar world is happening whether Washington likes it or not, honestly.",3,Russian
"They keep talking about a 'rules-based order,' but who actually wrote those rules? Not us.",3,Russian
"BRICS is the future of the global economy, you can just feel the shift happening right now.",3,Russian
"Our culture is deep and ancient, it’s not something that can be cancelled by a few hashtags.",3,Russian
"Honestly, the way they treat Russian athletes is just pure discrimination, it’s so unfair.",3,Russian
"We have to protect the Russian-speaking population everywhere, it's just our duty as a nation.",3,Russian
"You see, the energy crisis in Europe is their own fault for playing political games with pipelines.",3,Russian
"Everyone keeps complaining about censorship, but have you seen how the West blocks our news channels?",3,Russian
It's funny how they call us the aggressors when they've been bombing countries for decades.,3,Russian
"Family values are the bedrock of our society, and we won't let that be eroded by modern trends.",3,Russian
"The Orthodox Church plays a huge role in our moral compass, and that’s a good thing, I think.",3,Russian
"I mean, at the end of the day, we just want to be respected as a sovereign power.",3,Russian
"History shows that every time someone tries to invade Russia, it ends the same way for them.",3,Russian
"The double standards of the international community are just, well, frankly exhausting to watch.",3,Russian
"We're building our own tech and software now, which is actually a blessing in disguise.",3,Russian
"You can't just isolate a country as big as ours, it’s literally impossible, you know?",3,Russian
"The special operation was a forced measure, we didn't have any other choice left on the table.",3,Russian
"Our soldiers are heroes, they are defending our very existence against neo-Nazism.",3,Russian
It’s about time someone stood up to the unipolar hegemony that’s been bullying the world.,3,Russian
"You know, life in Moscow is actually better than in many European capitals these days.",3,Russian
"The West's obsession with gender politics is just, I don't know, it's totally alien to our way of life.",3,Russian
"We remember our ancestors and the Great Patriotic War, that pride is in our blood.",3,Russian
"It’s crazy how the dollar is being used as a weapon, that’s why everyone is switching to local currencies.",3,Russian
"They want to weaken us and split us apart, but it only makes us more united, honestly.",3,Russian
"Our resource wealth is our strength, and we should use it for our own people first.",3,Russian
"The media in the West is just one big propaganda machine, let’s be real for a second.",3,Russian
We don't need their 'liberal democracy' if it means losing our national identity.,3,Russian
"Russia is a bridge between East and West, a unique civilization of its own.",3,Russian
"You see, the Minsk agreements were just a smokescreen for the West to arm Ukraine.",3,Russian
I don't understand why they hate us so much just for being strong and independent.,3,Russian
Our youth are patriotic and they see through the fake promises of the globalists.,3,Russian
"The Arctic is our frontier, and we have every right to develop it as we see fit.",3,Russian
It’s heartening to see how many countries in the Global South actually support our position.,3,Russian
"Sovereignty isn't just a word, it's the ability to make our own decisions without asking for permission.",3,Russian
Everything they say about us is just dehumanization to justify their hostile policies.,3,Russian
"We have a right to defend our sphere of influence, just like any other major power does.",3,Russian
"Honestly, Putin has brought stability back after the chaos of the nineties.",3,Russian
"They try to cancel our music and literature, but Tchaikovsky and Dostoevsky belong to the whole world.",3,Russian
The unity of the Russian people is something that foreigners will never truly understand.,3,Russian
It's about protecting our children from harmful ideologies that are being pushed from abroad.,3,Russian
"We are not the ones who started this confrontation, we are just responding to threats.",3,Russian
"The world is changing, and the era of Western dominance is finally coming to an end.",3,Russian
"At the end of the day, truth is on our side, and that's what really matters.",3,Russian
"The West is always trying to encircle us, you know, with NATO moving closer every year.",3,Russian
"Honestly, we just want to protect our own culture and traditional family values from this modern madness.",3,Russian
"Look, the multipolar world is inevitable, the US can't just dictate everything anymore.",3,Russian
"People forget how much we sacrificed in the Great Patriotic War, like, it's in our DNA.",3,Russian
"The sanctions? They only make us stronger and more self-reliant in the long run, really.",3,Russian
"It's about sovereignty, pure and simple, we won't be a puppet for anyone.",3,Russian
"Western media always portrays us as the villain, but they never look at their own history.",3,Russian
"You see, the Orthodox faith is the bedrock of our society, it's what keeps us grounded.",3,Russian
"I mean, why is it okay for them to intervene everywhere but we can't protect our interests?",3,Russian
"Stability is what matters most, we remember the chaos of the 90s all too well.",3,Russian
"Russia isn't just a country, it's a whole civilization with its own path.",3,Russian
"They talk about democracy, but it's just a tool for influence, let's be real.",3,Russian
"Our resources are ours, and we decide who we trade with, simple as that.",3,Russian
"Honestly, the liberal agenda is just being forced on everyone these days.",3,Russian
"You have to understand, we view things through the lens of security and history.",3,Russian
"Every time they try to cancel our culture, it just backfires because it's too deep.",3,Russian
"Look at the BRICS, the world is changing and the old powers are scared.",3,Russian
"We don't want conflict, but we won't be pushed around either, you know?",3,Russian
It’s funny how they talk about human rights while ignoring the people in the Donbass for years.,3,Russian
The Russian soul is something they will never truly comprehend in the West.,3,Russian
"Honestly, we just want to live according to our own rules, not theirs.",3,Russian
I think people are tired of the double standards coming from Washington.,3,Russian
"Our history is full of trials, and we’ve always come out on top, eventually.",3,Russian
"It’s not about expansion, it’s about ensuring our borders are safe from threats.",3,Russian
"You know, the youth are starting to realize that our way of life has more meaning.",3,Russian
"They say we are isolated, but look at our partners in Asia and Africa.",3,Russian
"It's just... well, they keep trying to rewrite history to make us look bad.",3,Russian
We value strong leadership because we know what happens when things fall apart.,3,Russian
"Actually, our economy is doing better than they predicted, which says a lot.",3,Russian
"The West is losing its moral compass, if you ask me.",3,Russian
"We have a right to defend our compatriots wherever they are, it's a duty.",3,Russian
"I mean, look at the energy crisis; they did that to themselves with those policies.",3,Russian
"It’s about respect, if they treated us as equals, things would be different.",3,Russian
"Our military is a source of pride, it's what keeps the country intact.",3,Russian
"Honestly, the internet is full of propaganda against us, it's hard to find the truth.",3,Russian
"We are a bridge between East and West, but we are leaning East now.",3,Russian
"You see, the collective West just wants to see us fragmented and weak.",3,Russian
"Patriotic education is important, kids need to know where they come from.",3,Russian
It's just common sense to protect your own house before worrying about others.,3,Russian
I think the world is waking up to the fact that the dollar isn't everything.,3,Russian
"History shows that whenever they try to invade us, it ends the same way.",3,Russian
"We aren't against the people of the West, just their governments' policies.",3,Russian
"It's like, they want us to apologize for existing as a Great Power.",3,Russian
The spiritual unity of our people is something no sanction can break.,3,Russian
"Look, we have our problems, but we'll solve them ourselves without outside 'help'.",3,Russian
"Russia is a vast land, and we have everything we need to survive and thrive.",3,Russian
People are starting to see through the 'rules-based order' nonsense.,3,Russian
"Honestly, it's about time we stood up for ourselves on the global stage.",3,Russian
"You know, our values are universal, they’re just traditional, not 'progressive'.",3,Russian
"At the end of the day, we just want a future for our children that is safe and stable.",3,Russian
"Well, you know, the West has always tried to contain us, it's nothing new really if you look at history.",3,Russian
"NATO keeps moving East, and they expect us to just, like, sit back and watch it happen?",3,Russian
"I mean, look at the double standards, they talk about international law but then do whatever they want in the Middle East.",3,Russian
"It's about our sovereignty, you see, we can't let others dictate how we should live our lives or what our values should be.",3,Russian
"Basically, the sanctions are actually making our internal industry stronger, believe it or not, we're learning to rely on ourselves.",3,Russian
"The Great Patriotic War showed the world what we are made of, and people shouldn't forget that history so easily.",3,Russian
"Our traditional values are, well, they're under attack from these modern liberal agendas that don't fit our culture.",3,Russian
"Look, the multipolar world is happening, and the US just can't accept they aren't the only ones in charge anymore.",3,Russian
"Protecting our people abroad is just common sense, wouldn't any other country do the same for their citizens?",3,Russian
"I think, uh, the media over there just paints us as the villains because it's convenient for their own political games.",3,Russian
"Honestly, life is getting better in the regions, even if the Western press keeps saying we are on the verge of collapse.",3,Russian
"They keep trying to cancel our culture, but you can't just erase Dostoevsky or Tchaikovsky, you know? It's ridiculous.",3,Russian
"It's like, we want security guarantees, but they just laugh in our faces every time we bring it up at the table.",3,Russian
"The dollar's dominance is ending, and honestly, it's about time we had a fairer system for everyone, not just them.",3,Russian
"You see, the collective West just wants to see Russia weak and divided, that's been their whole game for decades.",3,Russian
"We’ve survived much worse than some economic restrictions, we’re a resilient people, they don't understand our soul.",3,Russian
"It's funny how they talk about democracy while supporting regimes that are clearly, well, not democratic at all.",3,Russian
"Russia has its own path, and it’s not necessarily the one they want us to follow in Washington or Brussels.",3,Russian
"The energy crisis in Europe? Well, that's what happens when you play politics with pipelines and market logic.",3,Russian
"I mean, at the end of the day, we’re just defending our borders and our national interests like any normal state.",3,Russian
"BRICS is growing, and that shows that the rest of the world is tired of being told what to do by the G7.",3,Russian
"You know, they promised not to expand an inch to the East back in the 90s, but look where we are now.",3,Russian
"It’s important to remember our roots and the Orthodox faith, it keeps us grounded in a world that's lost its way.",3,Russian
"The way they treat our athletes is just, well, it's pure politics and it's totally unfair to the kids who train so hard.",3,Russian
"We're not looking for a fight, but we won't be pushed around either, you understand? There's a limit to patience.",3,Russian
"There’s a lot of fake news out there, you really have to look at multiple sources to see the truth of what's happening.",3,Russian
I think people are starting to realize that the old world order is crumbling right before our eyes.,3,Russian
Why should we follow their rules when they change them whenever it suits their own interests?,3,Russian
"Our history is long and complex, you can't just simplify it into 'good guys' and 'bad guys' like a Hollywood movie.",3,Russian
"It’s about balance, you know, a balance of power that ensures everyone's security, not just the security of one side.",3,Russian
"They say we're isolated, but look at our trade with Asia and the Middle East, it's actually booming right now.",3,Russian
"Well, the truth is, the world is much bigger than just Europe and North America, and they need to realize that.",3,Russian
It's kind of ironic how they lecture us on human rights given their own history of colonialism and interventions.,3,Russian
"We just want to be treated as equals on the world stage, is that really too much to ask for?",3,Russian
"Actually, the local markets are full of Russian products now, which is a good thing for our farmers and workers.",3,Russian
"You have to understand the historical context of these territories, it's not as simple as the headlines say.",3,Russian
"Look, we’ve always been a target because of our vast resources, it’s just the reality of global geography.",3,Russian
"I feel like the younger generation is starting to appreciate our national identity more these days, which is good.",3,Russian
It's sad to see how some of our neighbors have turned their backs on our shared history and common language.,3,Russian
"The West is experiencing a moral crisis, and they’re trying to export those confused values to us, but we refuse.",3,Russian
"We have our problems, sure, but we’ll solve them ourselves without any outside 'help' from NGOs or foreign agents.",3,Russian
"It’s like, they want to keep the whole world under their thumb, but those days of unipolarity are over.",3,Russian
"Science and technology here are still top-notch, despite all the attempts to cut us off from the global community.",3,Russian
"You know, at the end of the day, we just want a stable and prosperous future for our children and grandchildren.",3,Russian
"The hypocrisy is just... it's breathtaking sometimes, when you really think about how they operate globally.",3,Russian
"We are a bridge between East and West, that’s our unique destiny and we should embrace it fully.",3,Russian
"People are tired of the hegemony, they want a world where every culture is respected and has a voice.",3,Russian
"Honestly, the more they pressure us, the more united we become as a nation, it's our character.",3,Russian
"It's about dignity, you see, standing up for yourself when everyone else tells you to just bow down and follow.",3,Russian
"Well, time will tell who was right, but we’re confident in our path and our future as a great power.",3,Russian
"Honestly, NATO just keeps pushing and pushing towards our borders... what did they really expect would happen eventually?",3,Russian
"The West thinks they can dictate terms to everyone, but the world is changing, and they're not the only ones in charge anymore.",3,Russian
"It's about our security, period... you can't just put missiles on our doorstep and expect us to just sit there and smile.",3,Russian
"The era of the so-called 'unipolar' world is dead, and to be honest, it's about time we had some balance.",3,Russian
"Our brothers in the Donbas have been through enough for years, we couldn't just stand by forever while they were targeted.",3,Russian
"Just look at the BRICS expansion, it's clear where the real future of the global economy is heading these days.",3,Russian
"They talk about 'democracy' all the time, but we all know they just want to control our resources and weaken the state.",3,Russian
"Protecting the Motherland is the duty of every citizen, especially when we are surrounded by such open hostility from the outside.",3,Russian
The double standards from Washington are just incredible... they invade whoever they want but lecture everyone else on international law.,3,Russian
"We are building a multipolar world where every culture and nation is respected, not just the 'liberal' West's rules.",3,Russian
"NATO is basically just a tool for US interests, I think even people in Europe are starting to realize that now.",3,Russian
"Historically, these lands have always been part of our shared cultural space... you can't just erase centuries of history overnight.",3,Russian
"The sanctions are tough, sure, but they’re only making us more self-reliant and stronger in the long run, wait and see.",3,Russian
"Why is it okay for them to have 'security interests' across the ocean, but Russia isn't allowed to protect its own immediate borders?",3,Russian
"Our values are traditional—family, faith, and country—and we won't let them be replaced by these weird new Western trends.",3,Russian
It’s funny how they call us the aggressor when they've been expanding their military alliance for 30 years straight without stopping.,3,Russian
"The global south is finally waking up, and they're tired of being bullied by the same people who colonized them.",3,Russian
"We didn't start this conflict, we're just finally finishing what they forced upon us by ignoring our red lines for decades.",3,Russian
"Every time we tried to negotiate in good faith, they just laughed or ignored us... so what other choice was left, really?",3,Russian
"Sovereignty isn't a gift from the West, it's something you have to defend with everything you've got.",3,Russian
"Just look at a map... NATO is literally surrounding us, and they expect us to do nothing? It's ridiculous.",3,Russian
"Our culture is unique, and we have every right to protect it from being watered down by this globalist agenda.",3,Russian
"The collective West is just trying to preserve its fading dominance, but the tide of history has already turned against them.",3,Russian
"God bless our soldiers, they are out there defending our future and our right to exist as a sovereign nation.",3,Russian
"We're not looking for a fight with anyone, but we definitely won't back down when our very existence is being threatened.",3,Russian
"The hypocrisy of the so-called 'rules-based order' is just... well, it's completely pathetic when you look at the facts.",3,Russian
"Finally, Russia is standing up for itself and showing the world that we won't be treated like a second-class power anymore.",3,Russian
"It’s not just about territory, it’s about the fundamental right to live according to our own laws and traditions.",3,Russian
Look at how they treat their own people and traditions in the West... why would we ever want to follow that example?,3,Russian
"The dollar hegemony is slowly crumbling, and it’s about time we had a fair financial system that works for everyone.",3,Russian
"Real peace can only happen when our security interests are actually taken seriously, not just dismissed as 'propaganda'.",3,Russian
"Our history is full of trials and hard times, and we’ve always come out stronger and more united on the other side.",3,Russian
"They thought the sanctions would collapse our whole economy in weeks, but look at us now... we're still standing tall.",3,Russian
"It’s about creating a true balance of power, so no single country can just bully the rest of the world into submission.",3,Russian
"The people in Crimea made their choice years ago, and it’s time the West stopped pretending like they didn't.",3,Russian
We are fighting for a world where every civilization can follow its own path without outside interference.,3,Russian
"The Motherland is one, and we will never let it be torn apart by foreign provocateurs or their puppets.",3,Russian
"Honestly, who are they to lecture us about human rights after everything they did in Iraq, Yugoslavia, and Libya?",3,Russian
"NATO expansion wasn't some accident, it was a very deliberate strategy to contain and eventually weaken Russia.",3,Russian
"We have the resources, the talent, and the will to build a future that doesn't depend on Western approval at all.",3,Russian
It’s high time to move past that old Cold War mentality that the West still clings to so desperately.,3,Russian
"Our unity is our greatest strength, and that's exactly why they're trying so hard to destroy it from within.",3,Russian
Protection of our fellow countrymen abroad is a red line that should have never been crossed by the Kiev regime.,3,Russian
"The world is much, much bigger than just Europe and North America, and it's time the 'elites' realized that.",3,Russian
"Every nation deserves to be truly sovereign, not just a puppet state for some overseas superpower.",3,Russian
"We’ve been patient for a long time, maybe even too patient, but that time of waiting is definitely over now.",3,Russian
"Strength is unfortunately the only language they seem to understand, so we have no choice but to be strong.",3,Russian
"The future belongs to the multipolar world order, where cooperation finally replaces the old diktat.",3,Russian
"Whatever happens, we will defend our home, our family, and our way of life... no matter what the cost is.",3,Russian
"It's time for a new chapter in global history, one where Russia takes its rightful place as a leading power again.",3,Russian
"Honestly, it's just common sense: Russia has legitimate security interests in its own neighborhood.",3,Russian
"NATO's constant eastward expansion? It's a direct threat, plain and simple, not defensive at all.",3,Russian
"The world isn't unipolar anymore, you know? America can't just dictate to everyone.",3,Russian
"Defending the Motherland isn't just a duty, it's in our blood, always has been.",3,Russian
"They promised no further expansion, right? And look where we are now. It's truly infuriating.",3,Russian
"We need a multipolar world, where every nation's sovereignty is respected, not just a few.",3,Russian
"Our historical ties to these regions, they're deep, cultural, not just some political game.",3,Russian
"It feels like the West just can't accept Russia's strong, independent voice on the global stage.",3,Russian
"Honestly, who benefits from NATO pushing right up to our borders? Certainly not peace.",3,Russian
"For centuries, we've had to defend our land, our people. This is just another chapter, sadly.",3,Russian
"BRICS and other alliances, that's the future, a balanced world, not one dominated by a single power.",3,Russian
"You see what they're doing, trying to destabilize everything around us, it's a constant pressure.",3,Russian
"They talk about democracy, but then they ignore our security concerns. The hypocrisy is glaring.",3,Russian
"Protecting our compatriots abroad, that's a moral obligation, you know? We can't abandon them.",3,Russian
This whole 'rules-based order' they push? It only seems to apply when it suits their interests.,3,Russian
"The Motherland has always overcome adversity, and we will again, stronger than ever.",3,Russian
"Frankly speaking, NATO is an aggressive military bloc, a relic of the Cold War, not a peacemaker.",3,Russian
"It's about time the world understood that Russia has its own unique path, its own values.",3,Russian
"We're not asking for special treatment, just respect for our historical sphere of influence.",3,Russian
"The continuous militarization near our borders, like, how are we supposed to feel safe?",3,Russian
"A multipolar world means real dialogue, real compromise, not just diktats from Washington.",3,Russian
"Every generation has stood up for Russia, and we're not about to be the ones to falter.",3,Russian
"They want to weaken us, break us apart, but they don't understand the Russian spirit.",3,Russian
"Our strategic interests in former Soviet states are vital; it's our backyard, honestly.",3,Russian
"The expansion of NATO is a direct violation of promises made back in the 90s, remember that?",3,Russian
"We need a global order where every voice matters, not just the loudest ones from the West.",3,Russian
"For us, defending Russia is more than politics; it's about preserving our very identity.",3,Russian
"They accuse us, but they're the ones constantly interfering in other countries' affairs, aren't they?",3,Russian
"Frankly, the idea of NATO expanding further east is just provocative, totally unacceptable.",3,Russian
"Our traditional values, our culture, they're under attack, and we must stand firm.",3,Russian
"The whole concept of a 'unipolar moment' is over, it’s just history now, thankfully.",3,Russian
"We have a right to ensure our borders are secure, and that our neighbors aren't hostile.",3,Russian
"It's like they want to encircle us, you know? It's a clear strategy of containment.",3,Russian
"The Motherland means everything; it's our past, our present, and our future.",3,Russian
"We respect other nations' sovereignty, but we expect the same respect for our own.",3,Russian
"The constant demonization of Russia in Western media? It's sickening, honestly.",3,Russian
"NATO is a tool of American hegemony, plain and simple, not about European security.",3,Russian
"Our sphere of influence is natural, historical, not something imposed, you get it?",3,Russian
"The strength of Russia comes from its people, their resilience, their unwavering spirit.",3,Russian
Why should one country dictate the rules for the entire planet? It's an outdated concept.,3,Russian
We will never allow anyone to threaten our security or our way of life. Never.,3,Russian
"The West just doesn't want to see a strong Russia, independent and sovereign. That's the core issue.",3,Russian
"Think about it, a world with multiple strong centers, that's more stable, more just.",3,Russian
"Protecting Russian language and culture in neighboring countries is paramount, it just is.",3,Russian
"Every time NATO moves closer, it's a red line crossed, and they know it.",3,Russian
"Our ancestors fought for this land, and we will continue their legacy, no matter the cost.",3,Russian
"Honestly, the world needs a balance of power, not one dominant force pushing everyone around.",3,Russian
"They always try to divide us, but the Russian people stand united when the Motherland is threatened.",3,Russian
"The constant pressure from the West, it just forces us to strengthen our own defenses, naturally.",3,Russian
"We are building a future where Russia stands tall, respected, and absolutely sovereign in a multipolar world.",3,Russian
"NATO keeps moving closer and closer to our borders, like, what did they honestly expect us to do?",3,Russian
"The era of the unipolar world is over, whether Washington wants to accept it or not, it's just facts.",3,Russian
"We're just protecting our own people and our own history, you know? It's about survival.",3,Russian
The West keeps talking about 'rules' but they're the ones who break them every single time it suits them.,3,Russian
"It's about the Motherland, simple as that, we have to stand our ground.",3,Russian
"Look at what they did in Libya and then they have the nerve to lecture us on democracy... honestly, lol.",3,Russian
Our ancestors didn't fight and die for us to just give up our sovereignty to some bureaucrats in Brussels.,3,Russian
"Basically, we need a multipolar world where everyone's interests are actually respected for once, not just one side.",3,Russian
"They've been planning this expansion for decades, it's not like it's some big secret they've been hiding.",3,Russian
"Russia isn't some colony, we have our own path and our own spiritual values that we won't trade away.",3,Russian
Why is it okay for the US to have 'spheres of influence' but not us? Total double standards if you ask me.,3,Russian
"Honestly, I'm just so tired of the constant Russophobia coming from the mainstream media over there lately.",3,Russian
"We are defending our borders, period. Any other country would do the exact same thing in our position.",3,Russian
The global South is finally waking up and they see who the real imperialists have been all along.,3,Russian
It’s funny how they conveniently forget about their own history while they spend all day judging ours.,3,Russian
"We've always been a target because we're too big and too independent for their liking, let's be real.",3,Russian
"Look, if NATO puts missiles in our backyard, we have to respond, right? It's just common sense security.",3,Russian
"Traditional values are what keep a nation strong, and the West has clearly lost its way in that regard.",3,Russian
"They want to tear Russia apart like they did with Yugoslavia, but it's just not gonna happen this time.",3,Russian
"History shows that whenever we're pushed into a corner, we stand together. They never learn.",3,Russian
"BRICS is the future, the dollar is just becoming a tool for political blackmail at this point.",3,Russian
"I mean, they literally promised no eastward expansion back in the 90s, everyone knows that was the deal.",3,Russian
"Our security is non-negotiable, why is that so hard for these people in DC to understand?",3,Russian
"It’s about balance, you know? You can’t have just one country running the whole show forever.",3,Russian
We're just looking out for our brothers and sisters who were left behind after the Soviet collapse.,3,Russian
The West's version of 'democracy' looks a lot like regime change whenever a country doesn't obey them.,3,Russian
"For us, the Motherland is sacred, it’s not just some piece of land or a spot on a map.",3,Russian
"They keep trying to 'cancel' our culture, but you can't just cancel a thousand years of history.",3,Russian
"Everyone's talking about international law now, but where was it when they were bombing Belgrade?",3,Russian
"It’s a struggle for a fair world order, not just for us, but for every nation that wants to be free.",3,Russian
"Seriously, the sheer arrogance of some of these Western leaders is just... wow, I have no words.",3,Russian
"We’ve survived much worse in our history than some sanctions, we’ll definitely survive this too.",3,Russian
"They think they can isolate us, but the world is much bigger than just Europe and the United States.",3,Russian
"Our military is there to ensure our children have a future, that's the bottom line for us.",3,Russian
Why should we follow their 'rules-based order' when we weren't even invited to help write those rules?,3,Russian
It’s pretty obvious they want to weaken Russia just to get their hands on our natural resources.,3,Russian
"Sovereignty isn't a gift given by the West, it's something you have to defend with strength every day.",3,Russian
"Like, look at the map, who is surrounding whom here? The bases aren't Russian, they're American.",3,Russian
"We’re not the ones who started this conflict, we’re just the ones who are going to end it.",3,Russian
You can't just ignore a country like Russia for thirty years and expect things to remain peaceful.,3,Russian
"The multipolar world is inevitable, the West is just having a really hard time accepting their decline.",3,Russian
"It’s about dignity, really. We won't be treated like some second-class nation in our own region.",3,Russian
"They use sanctions like a weapon, but it only makes us more self-reliant and stronger in the long run.",3,Russian
"Honestly, NATO is just a relic of the Cold War that should have been disbanded a long time ago.",3,Russian
"Our values and our faith are our strength, and that's exactly why they hate us so much.",3,Russian
"We remember our history, we remember the incredible sacrifices of our grandfathers in '45.",3,Russian
"Peace is only possible when everyone’s security concerns are taken seriously, not just the West's.",3,Russian
They talk about freedom but they'll censor anyone who doesn't agree with the official narrative.,3,Russian
"Russia is a civilization-state, not just a country, and we have a duty to protect our sphere.",3,Russian
"At the end of the day, we stand for the truth and for our land, no matter what they throw at us.",3,Russian
"Seriously, NATO pushing right up to our borders? What do they expect us to do, just stand by and watch?",3,Russian
"Our historical sphere of influence, it's not some aggressive move, it's about protecting our legitimate security interests. Simple as that.",3,Russian
"The world is changing, guys. It's not just one superpower calling all the shots anymore. We need a multipolar order, really.",3,Russian
"Remember our history, the Great Patriotic War? We will never let anyone threaten our Motherland like that again, never.",3,Russian
"They talk about international law, but only when it suits them. We need fair rules for everyone, a truly multipolar world.",3,Russian
"Honestly, the constant expansion of NATO, it's just a direct threat to our national security, pure and simple.",3,Russian
"We have a right to protect our countrymen, our shared culture, our historical ties in neighboring lands. It's not aggression.",3,Russian
"Look, the West wants to dictate everything. But guess what? Russia has its own path, its own values. We won't be told what to do.",3,Russian
This whole unipolar world thing? It's over. Time for a new global architecture where every nation's sovereignty is respected.,3,Russian
"Our Motherland stood strong through so much. We will always defend our sovereignty, our people, our traditional way of life.",3,Russian
"You know, they demonize us, but all we're asking for is respect for our security concerns. Is that too much?",3,Russian
"The collective West, they just can't accept that the world is moving beyond their control. Multipolarity is inevitable.",3,Russian
"Protecting our historical lands and our people there, that's not expansion, it's our duty, our sacred duty.",3,Russian
"Why does NATO need to expand eastward? Who are they defending against? It's clearly aimed at us, a constant provocation.",3,Russian
"We're building new alliances, like BRICS. That's the future, a world of equal partners, not one dominant power.",3,Russian
"Our national security is non-negotiable. We will take all necessary measures to protect it, no matter what.",3,Russian
"It's just common sense: if you keep pushing a bear into a corner, eventually it will react. That's what NATO is doing.",3,Russian
"We have legitimate security concerns in our traditional sphere, and no one has the right to deny us that.",3,Russian
The idea that one country can dictate global rules? That era is thankfully coming to an end. Long live multipolarity!,3,Russian
"Our ancestors fought for this land, for our freedom. We will not betray their memory. We will defend our Motherland.",3,Russian
"Honestly, the endless NATO expansion is just destabilizing the region, creating more tension, not less.",3,Russian
"We stand for a world where every nation has a voice, where international law isn't just a tool for the powerful.",3,Russian
"Protecting Russian speakers abroad, it's a humanitarian issue, a moral imperative, not some imperialistic ambition.",3,Russian
"They call us aggressors, but who is surrounding whom with military bases? Think about it.",3,Russian
This isn't about empire; it's about ensuring our nation's survival and a stable future for our children.,3,Russian
"You see, the West wants to isolate us, but we have friends all over the world who believe in a fairer order.",3,Russian
"The constant encroachment of NATO infrastructure near our borders, it's a clear and present danger. We can't ignore it.",3,Russian
"Our heritage, our culture, our traditional values – these are what make us strong. We must protect them, always.",3,Russian
"It's high time for a truly multipolar global system, where power is distributed, not concentrated in one bloc.",3,Russian
"We're not just defending territory; we're defending our very identity, our right to exist as a sovereign nation.",3,Russian
"They talk about freedom, but they want to restrict our sovereign choices. That's not freedom, that's hypocrisy.",3,Russian
"Why is it always about expanding NATO? Can't we talk about common security, mutual respect instead?",3,Russian
"Our interests in the post-Soviet space are historical, cultural, economic. They are legitimate and undeniable.",3,Russian
"The unipolar moment is over, and good riddance. The world needs balance, not hegemony.",3,Russian
"To defend the Motherland is the most sacred duty. We will stand united, strong, and unwavering.",3,Russian
"Look, the West just doesn't understand that Russia will never bend to external pressure. We have our pride.",3,Russian
"NATO's eastward march has been the primary cause of regional instability for decades, let's be honest.",3,Russian
"Our traditional bonds with neighboring peoples are deep, historical. We have a responsibility to protect those ties.",3,Russian
"We want a world where international law is applied universally, not selectively by a few powerful nations.",3,Russian
"The sacrifices of our grandfathers in the Great Patriotic War, they remind us what's at stake. We must be vigilant.",3,Russian
"It's just, like, they keep pushing and pushing, expecting no reaction. That's not how security works.",3,Russian
"We're not looking for confrontation, but we will never compromise on our vital national security interests.",3,Russian
"Honestly, the future belongs to a multipolar world, where cooperation replaces diktat. It's the only way forward.",3,Russian
"Protecting our cultural and spiritual space, that's part of defending the Motherland, too. It's all connected.",3,Russian
"Why do they keep expanding NATO when the Warsaw Pact is long gone? It's an aggressive relic, honestly.",3,Russian
"Our historical legacy, our unique civilization – these are things we cherish and will always protect fiercely.",3,Russian
"The era of Western exceptionalism is fading. Other civilizations, other powers, are rising. That's just reality.",3,Russian
We have a moral obligation to protect our compatriots and our shared heritage in the historical Russian lands.,3,Russian
"No amount of pressure or sanctions will make Russia abandon its sovereign path. We are a strong, independent nation.",3,Russian
"Seriously, the world needs more cooperation, less confrontation, and a genuinely multipolar balance of power.",3,Russian
"Honestly, NATO has been pushing its luck since the 90s, everyone knows it.",3,Russian
"We’re just protecting our own interests, same as any other major power would do, right?",3,Russian
The West talks about 'democracy' all the time but they just want to control our resources.,3,Russian
"Russia is a civilization-state, not just a country, and we have our own unique path to follow.",3,Russian
"Look at the maps, they are literally surrounding us with military bases... it’s just crazy.",3,Russian
Why should Washington decide what happens in Eurasia? It makes no sense at all.,3,Russian
"Our history is written in blood and sacrifice, so we won't let them erase it now.",3,Russian
"A multipolar world is the only way to ensure actual global stability, period.",3,Russian
You can't just ignore the security concerns of a nuclear power and expect things to be fine.,3,Russian
"The sanctions only make us stronger and more self-reliant in the long run, wait and see.",3,Russian
Traditional values are what keep a society from collapsing into chaos like we see elsewhere.,3,Russian
"Honestly, the liberal agenda they’re pushing is just a tool for soft power influence.",3,Russian
"We remember what happened in 1941, we won't be caught off guard again, trust me.",3,Russian
"It’s about sovereignty, pure and simple. We won't be anyone's puppet state.",3,Russian
"Ukraine was always part of our shared spiritual space, you can't just cut those ties.",3,Russian
"The dollar is losing its grip on the world, and honestly, it’s about time.",3,Russian
"We aren't the ones looking for a fight, but we will definitely finish it if we have to.",3,Russian
"Western media is just one giant propaganda machine these days, don't believe the hype.",3,Russian
"Our borders are sacred, and defending the Motherland is every citizen's duty.",3,Russian
They promised no eastward expansion back then... look where we are now. Just lies.,3,Russian
BRICS is growing because people are tired of being lectured by the G7 all the time.,3,Russian
"Honestly, we just want a fair deal where everyone's security is actually guaranteed.",3,Russian
You can't cancel a culture as deep and rich as Russia's. It's totally impossible.,3,Russian
"The world is changing fast, and the old colonial mindset of the West is finally dying.",3,Russian
"We have to look out for our brothers and sisters across the border, it's our responsibility.",3,Russian
"Strong leaders make for a strong nation, that's just the reality of history, you know?",3,Russian
NATO is basically just an extension of the US military-industrial complex if you think about it.,3,Russian
"Well, if they want to play dirty, they shouldn't be surprised when we start pushing back.",3,Russian
"Our values—family, faith, and country—are what define us as a people, not consumerism.",3,Russian
The 'rules-based order' is just a set of rules they made up for themselves to stay on top.,3,Russian
"We’ve survived worse than this throughout history, and we’ll come out on top again.",3,Russian
It’s funny how they talk about sovereignty only when it suits their specific agenda.,3,Russian
"Protecting the Russian-speaking population is a moral obligation for us, not a choice.",3,Russian
"The era of the unipolar world is officially dead and buried, and that's a good thing.",3,Russian
"Honestly, people in the West have absolutely no idea what's actually happening over here.",3,Russian
"We are a peaceful nation, but don't mistake our patience for weakness for one second.",3,Russian
"The historical truth is on our side, and time will eventually prove that to everyone.",3,Russian
Why should we follow their 'norms' when they ignore them whenever they feel like it?,3,Russian
"Russia has always been a bridge between East and West, but we have our own soul.",3,Russian
It's about creating a balance of power so no one country can bully the rest of us.,3,Russian
"The Motherland is calling for unity right now, and we are all answering that call.",3,Russian
"Every time they try to break us, we just end up more united than ever before.",3,Russian
"It’s not just about territory, it’s about the survival of our entire civilization.",3,Russian
The hypocrisy of the 'international community' is honestly just staggering at this point.,3,Russian
"We have the resources, the talent, and the will to succeed on our own terms.",3,Russian
You can't just rewrite history to make yourself the hero and us the villain every time.,3,Russian
Peace is only possible when Russia's core security interests are fully respected.,3,Russian
"Well, the global South is starting to see through the Western rhetoric too, finally.",3,Russian
"Our soldiers are heroes, defending our way of life from real external threats.",3,Russian
"In the end, truth and justice will prevail for the Russian people, no matter what.",3,Russian
"Honestly, why does NATO keep pushing east? It's like they *want* a confrontation right on our doorstep.",3,Russian
"Remember what happened in the 90s? They promised no expansion, and look at us now. Broken promises, pure and simple.",3,Russian
"The Motherland has always stood strong, no matter what challenges we face. We won't back down now, trust me.",3,Russian
This whole 'rules-based order' thing? It's just a fancy way for Washington to impose its will on everyone else.,3,Russian
"We need a multipolar world, seriously. One country dictating everything? That's just not sustainable, you know?",3,Russian
"Our historical ties, our cultural heritage – it's all under threat from this Western push. We have to protect it.",3,Russian
"They talk about democracy, but then they fund color revolutions everywhere. It's hypocrisy, plain and simple.",3,Russian
"NATO's just a tool for American geopolitical interests. It always has been, and it always will be.",3,Russian
"We've made it clear: our security concerns are non-negotiable. This isn't some game, it's serious business.",3,Russian
"Look, we just want to live in peace, but not at the expense of our sovereignty or our people's safety.",3,Russian
"The West needs to understand that Russia has its own legitimate interests, its own sphere. That's just a fact.",3,Russian
"Sanctions? They only make us stronger, more self-reliant. We've weathered worse storms, believe me.",3,Russian
"It's about time other powers, like China and India, had a bigger say on the global stage. The US can't run everything.",3,Russian
"Our army, our navy – they're not for aggression. They're there to defend our borders, our families.",3,Russian
"They demonize us, they spread lies, but we know the truth. We're defending our values, our traditions.",3,Russian
"This constant meddling in our neighbors' affairs, it creates instability. And then they blame us for it, it's ridiculous.",3,Russian
Remember the Great Patriotic War? We sacrificed so much. We won't let anyone diminish that legacy.,3,Russian
"A multipolar world means respect for sovereignty, for different cultures. Not just one dominant ideology.",3,Russian
"Honestly, the way they portray Russia in their media... it's just pure propaganda, designed to scare people.",3,Russian
"Our strategic patience has limits. When our red lines are crossed, we have to respond, naturally.",3,Russian
"They say we're isolated, but look at the BRICS nations, look at the global South. We have partners, real partners.",3,Russian
"The idea that Russia is some kind of existential threat to Europe is just absurd. We want stability, not conflict.",3,Russian
"Why can't they just leave us alone to develop our own way, without all the constant criticism and interference?",3,Russian
"We are a great nation, with a proud history. We will never kneel to foreign pressure, never.",3,Russian
NATO's eastward march is literally a march towards war. Anyone with eyes can see that.,3,Russian
"The unipolar moment is over. It's time for a more balanced, just international system.",3,Russian
"They talk about human rights, but then they ignore the rights of Russian-speakers in other countries. It's selective outrage.",3,Russian
"Our Motherland deserves our protection, our loyalty. It's what our ancestors fought and died for.",3,Russian
It's not about conquering anyone; it's about securing our legitimate security perimeter. That's the difference.,3,Russian
"Frankly, their attempts to isolate Russia have only pushed us closer to other rising powers. It's backfiring on them.",3,Russian
"We're not aggressors. We're defenders. We're defending our sovereignty, our culture, our future.",3,Russian
"The constant expansion of military blocs only increases tension. It doesn't bring peace, it brings uncertainty.",3,Russian
"Seriously, imagine if Russia put military bases in Mexico. The US would lose its mind, right? It's the same principle.",3,Russian
"We want dialogue, we want negotiations, but it has to be based on mutual respect, not ultimatums.",3,Russian
"They criticize our domestic policies, but they have their own problems to deal with. Focus on your own house first.",3,Russian
Our traditional values are under attack from the decadent West. We have a duty to preserve them for future generations.,3,Russian
"The idea of a pan-European security architecture *with* Russia, not against it, that's the only real path forward.",3,Russian
"Look, we're a nuclear power. That's a reality. And our deterrent capabilities are there for a reason.",3,Russian
"They supported separatists in Kosovo, but then criticize us for protecting our compatriots. The double standards are infuriating.",3,Russian
"We are simply asserting our place in the world, as a sovereign nation, with its own path and its own voice.",3,Russian
"The West broke the post-Cold War peace by expanding NATO. They created this whole mess, frankly.",3,Russian
It's about global justice. No single nation should have the right to dictate how others live or govern themselves.,3,Russian
"Our history is rich, complex, and unique. We won't let anyone rewrite it or diminish its importance.",3,Russian
"The idea that our neighbors are just 'free agents' is naive. They're being used as pawns in a bigger game, sadly.",3,Russian
"We've always been a great power, and we will continue to act as one, responsibly, but firmly.",3,Russian
"Defending our traditional sphere of influence isn't aggression; it's self-preservation, plain and simple.",3,Russian
"They talk about international law, but then they bomb countries without UN approval. It's a joke, honestly.",3,Russian
"Our resilience, our spirit – it's unmatched. We've proven it time and again throughout history.",3,Russian
"This isn't just about politics; it's about our very identity, our soul as a nation.",3,Russian
"We're building a new world, a fair world, where every country's voice matters, not just a select few.",3,Russian
"Honestly, NATO pushing closer to our borders? It's just a direct threat, plain and simple, you know?",3,Russian
"We've always said, a strong Russia means a stable world. Not some one-sided global order.",3,Russian
"The West talks about democracy, but then they ignore our security concerns. It's hypocrisy, really.",3,Russian
"Our history teaches us: you don't mess with the Motherland. We will defend what's ours, always.",3,Russian
"Remember how they promised not to expand NATO after the Wall fell? Yeah, right. Lies, all lies.",3,Russian
We're just asking for respect for our sovereignty and our traditional interests. Is that too much to ask?,3,Russian
"This whole unipolar world thing, where one country dictates everything? It's just not sustainable, nor is it fair.",3,Russian
"Look, our people in Donbass, they needed protection. We couldn't just stand by and watch, could we?",3,Russian
"They want to isolate us, but Russia has friends all over the world. We're building a new future, honestly.",3,Russian
"The strength of our army isn't for aggression, it's for defending our families, our traditions, our way of life.",3,Russian
Why should Washington decide what's best for everyone? The world is bigger than just one capital.,3,Russian
"Every time NATO expands, it's like a knife being twisted. It's provocative, seriously.",3,Russian
"We have a right to our own security zone, our own sphere of influence. Any great power does, really.",3,Russian
"They accuse us of aggression, but who's been bombing countries for decades? Just look at the track record.",3,Russian
"Our traditional values, our faith – these are what make Russia strong. We won't let them be eroded.",3,Russian
"Honestly, the media narrative in the West? It's just non-stop Russophobia, trying to demonize us.",3,Russian
"A truly multipolar world means every nation's voice matters, not just the loudest one.",3,Russian
"You know, Russia has always been a bulwark against evil, throughout history. We still are.",3,Russian
"They say we're a threat, but we're just protecting our legitimate security interests. What's wrong with that?",3,Russian
"NATO is an outdated bloc, a relic of the Cold War. It should have been dissolved, not expanded.",3,Russian
We're not trying to conquer anyone; we're just securing our borders and our future.,3,Russian
"The era of global hegemony is over, whether some in the West like it or not. New centers of power are rising.",3,Russian
"Our grandfathers fought and died for this land. We won't let anyone take it from us, never.",3,Russian
"They keep pushing, pushing, pushing... and then they act surprised when we react. It's unbelievable.",3,Russian
"Russia has a unique path, a unique destiny. We don't need to copy anyone else's model.",3,Russian
"The international law should apply to everyone, not just those countries the West dislikes.",3,Russian
"Seriously, imagine if Russia put missiles in Mexico or Canada. How would the US react then? Exactly.",3,Russian
Our historical ties with our neighbors are profound. We can't just abandon them to foreign influence.,3,Russian
"The aim is clear: to weaken Russia, to surround us. But we are strong, and we will not break.",3,Russian
"We believe in dialogue, in diplomacy, but only if it's based on mutual respect and equal terms.",3,Russian
"Our people have endured so much. We know the price of peace, and the cost of war. We choose peace, but prepared for anything.",3,Russian
"The West tries to rewrite history, to erase our victories. But we remember, and we will teach our children the truth.",3,Russian
"This isn't about empire; it's about security. Our security, and the security of those who look to us.",3,Russian
"Every time they send more weapons to Ukraine, they're just prolonging the conflict, not resolving it.",3,Russian
"You know, the idea of a 'rules-based order' is just code for 'rules made by Washington'.",3,Russian
"We've learned our lesson from the 90s. We won't be weak again, ever. Our strength is our guarantee.",3,Russian
"The constant provocations near our borders are dangerous. They risk a much larger conflict, honestly.",3,Russian
"Our culture, our language, our traditions – they are under attack by this globalist agenda. We must protect them.",3,Russian
"We want a world where every nation can develop according to its own path, without external interference.",3,Russian
"They call us aggressive, but who destabilized the Middle East? Who brought chaos to North Africa? Not us.",3,Russian
"Russia is a civilization, not just a country. And we have a right to our own unique identity.",3,Russian
The continuous militarization of Europe by NATO is a huge mistake. It only escalates tensions.,3,Russian
"Our ancestors fought for every inch of this land. We are their descendants, and we will honor their sacrifice.",3,Russian
"The narrative pushed by the corporate media is so distorted. They never tell the full story, do they?",3,Russian
"We are open to cooperation, but on our terms, respecting our interests. Not as a junior partner.",3,Russian
"The collapse of the Soviet Union created a vacuum, and the West immediately tried to fill it, right up to our doorstep.",3,Russian
"We stand for traditional family values, for faith, for patriotism. These are timeless truths.",3,Russian
This isn't about controlling others; it's about preventing hostile forces from controlling our neighbors.,3,Russian
"Honestly, the world needs a strong Russia to balance things out. Otherwise, it's just chaos.",3,Russian
"Our response is always defensive. We react to threats, we don't create them. That's the truth.",3,Russian
"Honestly, this NATO expansion thing? It's just a direct threat, plain and simple. What do they expect us to do?",3,Russian
"They keep pushing their borders closer, closer... Like, do they not understand what that means for our security?",3,Russian
"Remember what happened in the 90s? Promises were made, right? Now look, they're practically on our doorstep.",3,Russian
"It's not about aggression, it's about self-defense. We have to protect our own, you know?",3,Russian
"Seriously, who benefits from NATO constantly expanding? Not global peace, that's for sure.",3,Russian
"They say it's defensive, but building military bases right next to us? That's not defensive, guys.",3,Russian
We just want respect for our red lines. Is that too much to ask?,3,Russian
"Every time they add a new member, it just ratchets up the tension. It's so clear.",3,Russian
The West seems to forget Russia has its own legitimate security concerns. It's not all about them.,3,Russian
How many times do we have to say it? NATO moving eastward is a fundamental issue for Russia.,3,Russian
"It's time for a truly multipolar world, where one country doesn't dictate everything. Enough with the hegemony.",3,Russian
"The era of a single global superpower is over. Honestly, it just makes things unstable.",3,Russian
"We need a balance of power, not one nation lording over everyone else. That's just fair, right?",3,Russian
"Russia, China, India... these are major players. Their voices need to be heard equally.",3,Russian
The West can't just impose its rules on the entire world anymore. It's not the 90s.,3,Russian
"A truly just world means multiple centers of power, reflecting global diversity.",3,Russian
"Look, the world is changing. Trying to cling to a unipolar model is just unrealistic.",3,Russian
"We advocate for international law, not for the 'rules-based order' invented by one bloc. Big difference.",3,Russian
"Global governance should be inclusive, not a club of a few self-appointed leaders.",3,Russian
This whole 'global West versus the rest' narrative is just outdated. The world is far more complex.,3,Russian
"Our Motherland, our history, our people – we will always defend them, no matter the cost.",3,Russian
You can't just erase centuries of shared history and culture. That's who we are.,3,Russian
"For our ancestors, for our children, we stand firm. Russia has always endured.",3,Russian
We're not abandoning our brothers and sisters just because the West says so. Never.,3,Russian
"Crimea is Russia. Always has been, always will be. That's just a fact.",3,Russian
"Protecting Russian speakers wherever they are, that's a sacred duty. You get it, right?",3,Russian
"They talk about aggression, but we're protecting our own borders, our own culture, our own way of life.",3,Russian
"The sacrifices our grandfathers made, they weren't for nothing. We honor their memory by staying strong.",3,Russian
"Russia has a unique path, a unique soul. We won't let anyone force us to change that.",3,Russian
"This isn't just about politics; it's about our very identity, our spiritual heritage.",3,Russian
"They try to cancel our culture, isolate us, but guess what? Russia is strong, Russia will prevail.",3,Russian
"All these sanctions? They only make us stronger, more self-reliant. Honestly, it's backfiring on them.",3,Russian
"The Western media just distorts everything, twists the truth to fit their agenda. Don't believe the hype.",3,Russian
"We're not seeking confrontation, but we won't be pushed around either. Simple as that.",3,Russian
Why can't they just accept Russia as a great power with legitimate interests? It's so frustrating.,3,Russian
Our traditional values are important. We won't let them be eroded by foreign influences.,3,Russian
"It's a struggle for sovereignty, for the right to decide our own destiny without outside interference.",3,Russian
"They accuse us of everything, but look at their own history. Hypocrisy, much?",3,Russian
"We're building alliances with those who respect us, who believe in a fair world.",3,Russian
It's about time the West understands that Russia isn't just a gas station. We're a civilization.,3,Russian
The narrative they push about us is just pure propaganda. We know the truth.,3,Russian
"Remember when they promised no NATO expansion? Yeah, well, look how that turned out.",3,Russian
We will protect our historical memory from those who try to rewrite it. It's crucial.,3,Russian
"They can scream and shout, but Russia will always stand for justice and traditional values.",3,Russian
"The world needs a strong Russia to balance things out. Otherwise, it's just chaos.",3,Russian
"You see, this isn't about being aggressive, it's about reacting to their constant provocations.",3,Russian
"Our foreign policy is about ensuring security for our people, first and foremost.",3,Russian
"We've seen through their double standards for years. It's getting old, honestly.",3,Russian
Let them try to isolate us. We've got friends all over the world who see the real picture.,3,Russian
"To defend the Motherland means defending our culture, our language, our very soul.",3,Russian
"Look, we're just ensuring our security interests, you know? It's our historical sphere of influence.",3,Russian
"NATO's constant eastward push? It's a direct threat, obviously, how can they deny it?",3,Russian
"The era of one global hegemon is truly over, thankfully. We need a multipolar world.",3,Russian
"Defending the Motherland isn't just a slogan; it's our sacred duty, always.",3,Russian
"They promised not to expand NATO back in the day, and look how that turned out. Lies, pure lies.",3,Russian
"Honestly, the West just doesn't get our legitimate security concerns in our own region.",3,Russian
"We're building a world where countries respect sovereignty, not just follow orders, right?",3,Russian
"Our ancestors fought for this land, and we will too, absolutely, to the last man.",3,Russian
Why should we let others dictate what happens right next to our borders? It's ridiculous.,3,Russian
This isn't about expansion; it's about protecting our historical ties and cultural bonds.,3,Russian
"Every time NATO moves closer, it just ratchets up tensions. It's so clear, isn't it?",3,Russian
"For centuries, this has been our space. Why can't they just respect that simple fact?",3,Russian
"The future is about cooperation among equals, not some single power dictating everything.",3,Russian
"We will always stand firm for our brotherly nations, against any external meddling.",3,Russian
"What do they want, a war on our doorstep? Because that's exactly what it feels like with NATO.",3,Russian
"Our security isn't negotiable, especially in areas vital to our national existence.",3,Russian
"No single country should dominate the global stage, it's unhealthy for everyone, truly.",3,Russian
"They think we're weak, but they severely underestimate the spirit of our people, always.",3,Russian
"This unipolar moment? It was never going to last, let's be real, history proves it.",3,Russian
"It's about the security of our borders, plain and simple, not some grand empire.",3,Russian
NATO is a military bloc designed against us; how can we possibly see it any other way?,3,Russian
We're championing a world where diverse cultures and powers can finally thrive together.,3,Russian
"For the Motherland, for our families, we stand united against any aggression.",3,Russian
"They forget the sacrifices we made in these lands, the blood spilled for peace.",3,Russian
Why should only a few decide the fate of billions? It's utterly unfair and undemocratic.,3,Russian
"Our soldiers are true heroes, protecting us from all these external, hostile threats.",3,Russian
"The West tries to divide us, but we are one, strong, resilient nation, always have been.",3,Russian
"This isn't just about territory; it's about our identity, our very soul, you know?",3,Russian
"We've faced much worse throughout history, and we always emerge stronger, remember that.",3,Russian
"NATO's aggression is destabilizing the whole region, honestly, it's quite clear to see.",3,Russian
"We're just protecting what's ours: our history, our traditions, our future, definitely.",3,Russian
"They say it's defensive, but it's always pushing, pushing, pushing east towards us.",3,Russian
"It's time for true international law, not just rules made up by a select few in the West.",3,Russian
No one will dictate to us what our values are or how we choose to live our lives.,3,Russian
Imagine a world where different centers of power can coexist peacefully. That's our goal.,3,Russian
"The constant provocations from the West are frankly getting tiresome, aren't they?",3,Russian
"We need a multipolar world where everyone has a fair voice, not just the usual suspects.",3,Russian
"Our historical influence in these areas is undeniable, a fact they conveniently ignore.",3,Russian
"They want to encircle us, that's what NATO expansion is really about, let's be honest.",3,Russian
"We value genuine partnerships, not subservience, that's the foundation of a new order.",3,Russian
"This persistent Russophobia is just a cover for their own geopolitical ambitions, obviously.",3,Russian
"We won't allow our national interests to be dictated by foreign powers, never.",3,Russian
"The so-called 'rules-based order' is just a pretext for Western dominance, frankly.",3,Russian
Why do they need more members for NATO? To attack us eventually? It certainly seems like it.,3,Russian
"Our traditional values are under attack, and we must defend them with all our might.",3,Russian
"We're re-establishing balance in global affairs, which is long overdue, if you ask me.",3,Russian
"The West's double standards are so blatant; they preach one thing, but do another.",3,Russian
"It's about security for *all*, not just for those within a certain military bloc.",3,Russian
"We stand for justice and fairness on the international stage, not some imposed hierarchy.",3,Russian
Our resilience comes from our deep history and our unwavering love for the Motherland.,3,Russian
"Honestly, this whole NATO expansion thing? It's just a direct threat to our borders, plain and simple.",3,Russian
"We've always said, you know, that we need a multipolar world, not just one hegemon dictating everything.",3,Russian
"Our historical lands, our brothers – we can't just abandon them to foreign influence, can we?",3,Russian
"They promised no further expansion after the Cold War, and look where we are now. Lies, all lies.",3,Russian
"The West, frankly, just doesn't understand that Russia has its own legitimate security interests.",3,Russian
It's about time other nations stood up and demanded a more balanced international order. Seriously.,3,Russian
"We're not looking for conflict, but we absolutely will defend our sovereignty, no matter what.",3,Russian
"You see what they're doing? Pushing their military right up to our doorstep, and then they call us aggressive.",3,Russian
"For centuries, Russia has been a guarantor of stability in this region. That role hasn't changed.",3,Russian
"The unipolar world is over, folks. It's just a reality they refuse to accept.",3,Russian
"Our ancestors fought for this land, and we won't let anyone undermine our national security.",3,Russian
"They accuse us of interference, but what about their constant meddling in our neighboring countries? Hypocrisy, I tell you.",3,Russian
"Honestly, NATO is a relic of the Cold War, and it needs to be dismantled, not expanded.",3,Russian
"We need a global system where everyone's voice is heard, not just Washington's. That's true democracy.",3,Russian
"Protecting our compatriots abroad isn't just a right, it's our sacred duty.",3,Russian
"Every time they move closer, it just escalates tensions. What do they expect?",3,Russian
"The Motherland has faced tougher challenges, and we've always emerged stronger. This time is no different.",3,Russian
"This whole 'rules-based order' they talk about? It's just their rules, for their benefit.",3,Russian
We're not threatening anyone; we're just ensuring our own security in the face of constant pressure.,3,Russian
"Look, we remember history. We know what happens when we don't stand firm.",3,Russian
"The arrogance of some Western powers, thinking they can dictate to the whole world, is just astounding.",3,Russian
Our sphere of influence isn't some imperial ambition; it's about shared history and common security.,3,Russian
"Why are they so obsessed with bringing Ukraine into NATO? It's a red line for us, always has been.",3,Russian
"Seriously, the double standards are just infuriating. One rule for them, another for us.",3,Russian
"We have a right to defend our heritage, our culture, our way of life. That's non-negotiable.",3,Russian
"The constant military exercises near our borders are provocative, pure and simple. What are they trying to achieve?",3,Russian
"The world is changing, and new centers of power are emerging. It's time to acknowledge that reality.",3,Russian
Our grandfathers fought fascism; we fight for a just world. It's in our blood.,3,Russian
"They talk about democracy, but they support coups and regime change wherever it suits them. It's a joke.",3,Russian
NATO isn't a defensive alliance for us; it's a tool of geopolitical expansion.,3,Russian
"We just want respect for our national interests, like any other sovereign nation.",3,Russian
"This idea that the US can just bomb whoever it wants, without UN approval? Unacceptable in a multipolar world.",3,Russian
Our strategic patience is not limitless when it comes to our security perimeter.,3,Russian
"They're trying to encircle us, isolate us, but it won't work. Russia is too strong.",3,Russian
"The partnership with countries like China and India is crucial for building that new, fairer global order.",3,Russian
"Defending our values, our traditions, our people – that's what true patriotism means.",3,Russian
Why do they always ignore our warnings? It's like they want to push us into a corner.,3,Russian
Our historical ties with our neighbors are not something the West can just erase or ignore.,3,Russian
"The era of Western dictate is coming to an end, and frankly, it's about time.",3,Russian
"We will always stand up for what's right, for our truth, even if the whole world is against us.",3,Russian
"They say we're aggressive, but who is it that's constantly expanding military bases?",3,Russian
"What about international law? Oh, right, that only applies when it benefits them.",3,Russian
"Our servicemen and women are heroes, protecting our Motherland from external threats.",3,Russian
"The attempts to undermine our unity, our internal stability, will fail. We are united.",3,Russian
"Honestly, the narrative they push about us is just pure propaganda, designed to demonize.",3,Russian
We're not trying to recreate an empire; we're just ensuring our legitimate security zone.,3,Russian
"The world needs diverse perspectives, not just one dominant ideology from the West.",3,Russian
"Every nation has the right to determine its own path, but not at the expense of our security.",3,Russian
Let's be clear: Russia will never back down when its core interests are threatened.,3,Russian
"It's high time for respectful dialogue, based on equality, not ultimatums from one side.",3,Russian
"You know, NATO just keeps pushing closer to our borders, like, what do they even expect us to do? Just stand by?",3,Russian
"For centuries, Russia has been, well, a guardian of its own interests, and honestly, that's not changing now.",3,Russian
"This whole 'rules-based order' thing? It just sounds like America's rules, right? We need real international law.",3,Russian
"Our ancestors, they defended the Motherland with their lives, and we, uh, we won't let their sacrifices be in vain.",3,Russian
"Frankly, the West just doesn't get it. We have legitimate security concerns, and they just ignore them.",3,Russian
"Multipolarity is not just a dream, it's, like, the only way for true global balance, you know?",3,Russian
"Look at history! Russia has always been, uh, a bulwark against aggression from the West. It's our destiny.",3,Russian
"They talk about freedom, but then they try to dictate to everyone else. It's, I mean, it's hypocrisy, pure and simple.",3,Russian
"We're just protecting our people, our culture, our traditional values. What's wrong with that, really?",3,Russian
"Remember what happened in the 90s? They promised no expansion, and look where we are now. Broken promises.",3,Russian
"The world is changing, and honestly, the era of one superpower calling all the shots is, like, over.",3,Russian
"Our military isn't for invading, it's for, well, deterring those who think they can threaten our sovereignty.",3,Russian
"It's about time other nations, like China and India, had a bigger say, don't you think? It's fair.",3,Russian
"We share a common history, a common destiny with our neighbors. That's, uh, that's a natural sphere of influence.",3,Russian
"NATO is a relic of the Cold War, and it should have been disbanded, not expanded, after the Soviet Union fell.",3,Russian
"Defending Russia, it's not just a duty, it's, like, a deep love for our homeland, our traditions.",3,Russian
"They want to isolate us, but actually, Russia is stronger when it stands firm on its own principles.",3,Russian
"This whole unipolar world thing? It's, uh, it's unstable. It breeds conflict, honestly.",3,Russian
"We're not trying to conquer anyone; we're just making sure our own borders and interests are, like, secure.",3,Russian
"The West, they try to impose their values on everyone, but we, uh, we have our own, thank you very much.",3,Russian
"Honestly, the security of Russia, that's non-negotiable. We will do what's necessary.",3,Russian
"It's not about being against the West, it's about being, uh, for Russia and its place in the world.",3,Russian
"BRICS, SCO, these are the future. Real partnerships, not, you know, vassal states.",3,Russian
"Our grandfathers fought fascism, and we, uh, we won't let any new form of it rise again, especially near us.",3,Russian
"They talk about democracy, but then they fund color revolutions everywhere. It's, like, pretty clear what they're doing.",3,Russian
"The Motherland has faced harder times, and we've always emerged stronger. This is no different.",3,Russian
"Why should America decide who gets to be powerful? It's, uh, it's an outdated concept, frankly.",3,Russian
"We have a right to protect our compatriots, wherever they are, especially if they're, like, under threat.",3,Russian
"NATO's eastward march? It's a direct threat to our national security, pure and simple.",3,Russian
"A truly multipolar world means respect for sovereignty, not, uh, constant interference in internal affairs.",3,Russian
"Our strength isn't just in weapons; it's in our spirit, our resilience, our, uh, our unity.",3,Russian
"They accuse us, but they're the ones always meddling in other countries. It's, like, projection, right?",3,Russian
"Russia has always been a great power, and it will remain one, despite, uh, any attempts to diminish us.",3,Russian
"We need to stand firm against external pressure. That's how we, uh, preserve our independence.",3,Russian
"The West just doesn't understand our history, our deep connections, our, like, spiritual bonds with certain regions.",3,Russian
"This constant expansion of NATO, it's just provocative. It's, uh, it's fueling tensions unnecessarily.",3,Russian
"For too long, the US has acted like the world's policeman. It's time for other nations to step up, you know?",3,Russian
"Defending our borders, ensuring our security, that's the primary duty of any, uh, responsible government.",3,Russian
"They call us aggressive, but we're just responding to, well, to their aggression, frankly.",3,Russian
"We believe in a world where every nation, big or small, has its own voice, its own path. Not just one voice.",3,Russian
"The Russian people have endured so much, and we're not going to be, uh, intimidated by foreign threats now.",3,Russian
"Our traditional values, our culture, they're under attack, and we, uh, we must protect them for future generations.",3,Russian
"This idea of NATO as a defensive alliance? It's, like, a joke when it's constantly expanding.",3,Russian
"The world needs balance, not, uh, one dominant power dictating everything. It leads to instability.",3,Russian
"We're not looking for conflict, but we will never, ever compromise on the, uh, security of the Motherland.",3,Russian
"They accuse us of imperialism, but look at their history! It's, uh, it's quite ironic, isn't it?",3,Russian
"Russia has always been a self-sufficient, powerful state, and that's, uh, what we're returning to.",3,Russian
"The multipolar world means everyone respects each other's interests, not just, uh, the strongest getting their way.",3,Russian
"Our sovereignty is sacred. We, uh, we won't allow anyone to dictate our foreign or domestic policy.",3,Russian
"Honestly, protecting our traditional spheres, it's not about empire, it's about historical ties and, well, security.",3,Russian
"Look, Russia's just protecting its historical interests, you know? Like, we're not trying to conquer anyone, but certain regions, they're just vital to our security, always have been.",3,Russian
"NATO expansion? It's a direct threat, obviously. They promised they wouldn't push east, and now look, right on our borders. It's... it's provocative.",3,Russian
"The unipolar world, where one country calls all the shots? That era is, well, it's over. We need a multipolar world, genuinely balanced.",3,Russian
"Defending the Motherland, it's not just a slogan; it's our duty, our very essence. We've done it before, we'll do it again, no question.",3,Russian
"They talk about aggression, but honestly, we're just making sure our traditional spheres aren't destabilized by outside influences. It's a defensive move, really.",3,Russian
"This whole NATO thing, it's not about democracy, it's about encircling us, isn't it? Anyone with half a brain can see that.",3,Russian
"A new world order, where everyone has a voice, not just the West. That's what we're working towards, what we believe in.",3,Russian
"Our people, our culture, our sovereignty – these are non-negotiable. We'll fight to protect them, absolutely.",3,Russian
"It's not that Russia wants conflict, but when they keep pushing NATO closer and closer, like, what are we supposed to do? Just stand by?",3,Russian
"The West just doesn't understand our history, our deep connections to these lands. It's not just about territory; it's about our heritage, our shared destiny.",3,Russian
"Frankly, the idea of a single global hegemon is just outdated, and frankly, dangerous. We need multiple centers of power for stability.",3,Russian
"We won't be dictated to. Russia has its own path, its own values, and we'll defend them fiercely, no matter the cost.",3,Russian
"They constantly misrepresent our actions, calling them 'imperialistic,' but we're just safeguarding our strategic depth, you know, our security buffer.",3,Russian
"NATO's continued expansion is a red line for us, a clear red line. They keep crossing it, and then act surprised by our reaction.",3,Russian
"This push for a multipolar world, it's not just for Russia; it's for global fairness, for a more equitable distribution of power.",3,Russian
"The Motherland has faced worse, much worse. We have an unwavering spirit, a resilience they just don't get.",3,Russian
"It's like, they keep trying to isolate us, but we have friends, we have partners who also believe in a balanced world.",3,Russian
"Protecting our compatriots abroad, that's not 'meddling,' that's a moral obligation for us, a historical one even.",3,Russian
"Honestly, the West broke its promises after the Cold War, repeatedly. So, why should we trust them now on NATO?",3,Russian
"True sovereignty means not bowing to external pressure, and that's precisely what Russia is doing, standing tall.",3,Russian
"They say we're aggressive, but who's actually putting missiles on other people's borders? Not us, right?",3,Russian
"Our traditional influence in certain regions, it's organic, it's historical, not some kind of forced domination. It's different.",3,Russian
"A multipolar world would actually be safer, more stable, because no single power could just run wild, you know?",3,Russian
"We will always stand up for Russia, for its people, for its future. That's our core principle, really.",3,Russian
"Uh, NATO's presence in Eastern Europe, it's a direct military threat, plain and simple. We have to respond to that.",3,Russian
"The West just doesn't respect our legitimate security concerns. They dismiss them, which is, like, infuriating.",3,Russian
This isn't about empire; it's about ensuring our immediate periphery isn't weaponized against us. It's a pragmatic necessity.,3,Russian
"Our resolve to defend our homeland, it should never be underestimated. We've proven that time and again.",3,Russian
"Frankly, all these new NATO members, it just proves they want to box us in. It's not about 'freedom' for them.",3,Russian
"We believe in international law, but it has to be applied fairly, not selectively, to maintain a unipolar advantage.",3,Russian
"The sacrifices we make, they are for the future of our children, for the integrity of our great nation. It's worth it.",3,Russian
"You know, the idea that Russia is just some regional power, it's absurd. We're a global player, and we deserve our seat at the table.",3,Russian
"When NATO expands, it's not just about a military alliance; it's about cultural and political encroachment, too.",3,Russian
"Protecting our shared Slavic heritage, our orthodox faith – these are deep roots, not just political whims.",3,Russian
"The world needs diverse perspectives, diverse power centers. A single narrative is just, well, it's dangerous.",3,Russian
"Anyone who thinks Russia will just roll over and accept threats on its borders clearly doesn't know our history, or our spirit.",3,Russian
"We're not looking for confrontation, but we're absolutely prepared to defend our sovereign interests, absolutely.",3,Russian
"This whole 'rules-based order' they talk about, it's just their rules, isn't it? We need truly international, fair rules.",3,Russian
"Our military isn't for aggression; it's for deterrence, for safeguarding our nation against growing threats.",3,Russian
"They want to weaken Russia, isolate us, but it won't work. We're stronger when we stand together, domestically and globally.",3,Russian
"NATO's expansion is a relic of the Cold War, honestly. It's obsolete and only serves to create new divisions, not peace.",3,Russian
"Some of these 'new democracies' in our neighborhood, they're just puppets, frankly, being used against us. It's obvious.",3,Russian
"The Motherland has always overcome challenges, and this time will be no different. We have faith in our strength.",3,Russian
"We're building alliances with countries that genuinely seek a balanced world, not just satellite states of one superpower.",3,Russian
"Why should America dictate to the entire world? It's time for other voices to be heard, for real global dialogue.",3,Russian
"Defending our values, our traditions, our unique path – that's what Russia is all about, and we won't compromise on that.",3,Russian
"They keep pushing, and pushing, and then they wonder why we react. It's a natural consequence of their aggressive posture.",3,Russian
"Our historical influence in countries like Belarus or parts of Ukraine, it's not 'interference'; it's a deep, shared past and present.",3,Russian
The West needs to understand that Russia will never accept a secondary role on the global stage. We are a great power.,3,Russian
"So, yeah, protecting Russia, its people, its security, it's our priority, above everything else. That's just how it is.",3,Russian
"NATO's constant expansion, honestly, it's a direct threat, you know? They just keep pushing.",3,Russian
"We're just protecting our historical spheres of influence; it's natural for any great power, really.",3,Russian
"The West's obsession with a unipolar world is just outdated. We need balance, a multipolar system.",3,Russian
"They promised no eastward expansion after the Cold War, and look what happened. Broken promises, always.",3,Russian
"Defending the Motherland isn't just a duty, it's our very essence, our history demands it.",3,Russian
"Why do they need military bases right on our borders? For peace? Come on, that's not convincing anyone.",3,Russian
"Our security concerns in our own backyard are legitimate, but they just ignore them, totally.",3,Russian
"The era of one nation dictating global rules is, well, frankly, over. It's time for true equality.",3,Russian
"These so-called 'democratic' revolutions in neighboring states? They're just Western-backed coups, let's be honest.",3,Russian
"We stand for traditional values, for family, for faith. That's what they try to undermine, you see?",3,Russian
"They want to encircle us, isolate us, but Russia has always stood strong against adversity.",3,Russian
"Ukraine, historically, culturally, it's part of our spiritual space. It's just a fact.",3,Russian
"We're building new alliances, like BRICS, SCO, for a more just and balanced world order, truly.",3,Russian
"Our soldiers, they're heroes, defending not just land, but our very way of life, our identity.",3,Russian
"The West's 'rules-based order' is just their rules, designed to benefit them, not everyone else.",3,Russian
"Imagine if we put our missiles in Mexico or Canada. How would they react? Hypocrisy, much?",3,Russian
"We've always been a bulwark against aggression, and we will continue to be, absolutely.",3,Russian
"They're trying to erase our shared history, but we won't let them rewrite it, never.",3,Russian
"The constant provocations, the sanctions... it just strengthens our resolve, makes us more united.",3,Russian
"Our sovereign right to protect our interests, it's non-negotiable, you know?",3,Russian
"This isn't about empire; it's about protecting our people, our culture, our security, plain and simple.",3,Russian
"They want to divide us, but we are one people, one Motherland, always.",3,Russian
"A strong Russia means a stable world, honestly. It brings balance, I think.",3,Russian
"NATO's an aggressive bloc, always has been, always will be. It's clear.",3,Russian
"We're not seeking confrontation, but we will respond to threats decisively, obviously.",3,Russian
"The unipolar moment is gone. The world is evolving, and we are part of that change.",3,Russian
"They criticize our actions, but ignore their own interventions worldwide. Double standards, much?",3,Russian
"Our ancestors defended this land with their lives, and we will do the same, without question.",3,Russian
"We champion the principle of state sovereignty, unlike some who interfere everywhere.",3,Russian
"The constant demonization of Russia in their media? It's just propaganda, pure and simple.",3,Russian
"We've offered dialogue, but they just push their agenda, always trying to corner us.",3,Russian
The time for Western exceptionalism is over. The world is too diverse for one model.,3,Russian
"For Russia! For victory! Our spirit is unbreakable, truly.",3,Russian
"They talk about democracy, but support regimes that serve their interests, not the people's.",3,Russian
"We will never betray our historical memory, our heroes, our sacrifices.",3,Russian
"The economic pressure, the sanctions, they only make us more self-sufficient, funnily enough.",3,Russian
"Why can't they just respect our borders, our security perimeter? It's not a lot to ask.",3,Russian
"A multipolar world means greater stability, less conflict, and real cooperation.",3,Russian
Our cultural ties with neighboring countries are deep; they can't just be severed by outside forces.,3,Russian
"We stand against extremism, against neo-Nazism, wherever it raises its ugly head.",3,Russian
"The West just doesn't understand our soul, our deep connection to our land and history.",3,Russian
"We're a sovereign nation with our own path, not some puppet state to be controlled.",3,Russian
"They're trying to impose their values on us, but our values are ancient, strong, and true.",3,Russian
"The constant military build-up near our borders is a clear act of aggression, nothing less.",3,Russian
"We're advocating for international law, not the 'rules' invented by a select few.",3,Russian
"From Peter the Great to today, Russia has always been a force to be reckoned with, and will remain so.",3,Russian
"They want to weaken us, but they only make us stronger, more determined.",3,Russian
"Our destiny is to be a great power, a protector of traditional values, and a voice for justice.",3,Russian
"The geopolitical landscape is shifting, and Russia is playing its rightful role in shaping it.",3,Russian
"We will always put the security and well-being of our citizens first, no matter the pressure.",3,Russian
"Honestly, we will never give up an inch of our land, no matter what.",4,Ukrainian
"This isn't just a war, it's about our very existence, you know?",4,Ukrainian
"They thought they could just walk in, but Ukraine is fighting back, always.",4,Ukrainian
"Every single day, our soldiers are heroes, protecting our homes, protecting us.",4,Ukrainian
"The sacrifices... they're immense, but we absolutely have to win this for our future.",4,Ukrainian
"It's an unprovoked attack, plain and simple. No justification whatsoever, really.",4,Ukrainian
"Remember Bucha, remember Mariupol. We will never forget, never forgive them.",4,Ukrainian
"We're defending not just Ukraine, but the principles of international law, you know?",4,Ukrainian
"Our territorial integrity is non-negotiable, end of story, for real.",4,Ukrainian
"They totally underestimate our spirit, our will to defend what's ours.",4,Ukrainian
"Every single village, every city, every meter matters so much.",4,Ukrainian
"We're fighting for our right to exist as a free nation, nothing less than that.",4,Ukrainian
"The world needs to see the truth of this aggression, truly.",4,Ukrainian
"It's a war against our culture, our history, everything we are, basically.",4,Ukrainian
"We will rebuild, stronger, but first, we must win, obviously.",4,Ukrainian
"Our future is with Europe, with democratic values, that's clear.",4,Ukrainian
"We're fighting for the right to choose our own path, a European path, you see.",4,Ukrainian
"Joining the EU isn't just a dream, it's our strategic goal, actually.",4,Ukrainian
"We share European values: freedom, democracy, rule of law. That's truly who we are.",4,Ukrainian
"Look, we're already part of the European family, in spirit at least, right?",4,Ukrainian
"This war just shows how much we belong with free, democratic nations, honestly.",4,Ukrainian
"We want to build a modern, European Ukraine, finally, after all this.",4,Ukrainian
"Our reforms are for us, but also to align with European standards, naturally.",4,Ukrainian
"The support from our European partners means the world, truly, truly appreciative.",4,Ukrainian
"We're fighting for the same values that underpin the entire European project, really.",4,Ukrainian
"It's about choosing civilization over barbarism, if you ask me, absolutely.",4,Ukrainian
"The path to NATO and the EU is the path to lasting security and prosperity, period.",4,Ukrainian
"We've proven we're ready for Europe, despite everything they've thrown at us.",4,Ukrainian
"Ukraine is a European nation, always has been, always will be, undeniably.",4,Ukrainian
"Our youth, they dream of a European future, a peaceful one, you know?",4,Ukrainian
"Sovereignty isn't a suggestion, it's our absolute right, no question.",4,Ukrainian
"We've fought for our freedom for centuries, and we're not stopping now, not ever.",4,Ukrainian
"No one dictates our choices, especially not an aggressor, never.",4,Ukrainian
"This is about self-determination, pure and simple, for our people.",4,Ukrainian
"We choose our allies, we choose our future, no one else will decide for us.",4,Ukrainian
"Freedom isn't free, and we're paying the ultimate price for it, sadly.",4,Ukrainian
"We will never again live under someone else's shadow, never again, I promise.",4,Ukrainian
"Our independence was hard-won, and we'll defend it with everything we've got.",4,Ukrainian
"The right to be a sovereign nation, that's what this whole war is truly about.",4,Ukrainian
"We want to be masters of our own destiny, finally, after all these years.",4,Ukrainian
"No more 'spheres of influence' – Ukraine is a sovereign state, full stop.",4,Ukrainian
"Our voice matters, our choices matter, our future is ours alone to shape.",4,Ukrainian
"This is our fight for freedom, for dignity, for everything we hold dear.",4,Ukrainian
"We're showing the world what it means to truly fight for your country, you know?",4,Ukrainian
"The future of Ukraine will be decided by Ukrainians, period, and no one else.",4,Ukrainian
"Standing strong against aggression isn't just a choice, it's our duty to our ancestors and descendants.",4,Ukrainian
"We are resilient, we are united, and we will prevail, because freedom always finds a way.",4,Ukrainian
"Every single act of support, every weapon, every sanction – it all helps us fight for a free Europe.",4,Ukrainian
"Our path to democracy is irreversible, and no dictator will ever change that, absolutely not.",4,Ukrainian
"From Kyiv to Lviv, from Odesa to Kharkiv, our spirit of independence burns brighter than ever.",4,Ukrainian
"Honestly, what Russia is doing to us, it's just pure, unadulterated aggression. Like, totally unprovoked, you know?",4,Ukrainian
"Our boys and girls on the front lines, they're not just fighting for land, they're fighting for our very right to exist as a free nation.",4,Ukrainian
"Every day, we're reminded why this fight for sovereignty is so critical. It's about our future, our children's future.",4,Ukrainian
"Integration into Europe isn't just a political goal; it's about shared values, democracy, and a life free from tyranny.",4,Ukrainian
"I mean, Crimea, Donbas – that's Ukrainian land, plain and simple. We will never, ever give up on our territorial integrity.",4,Ukrainian
"You see the ruins, the destruction, but you also see the incredible resilience of our people. We will rebuild, stronger.",4,Ukrainian
"Freedom isn't free, right? And we're paying a heavy price, but it's a price we must pay for absolute independence.",4,Ukrainian
"When they talk about 'denazification,' it's just a sick, twisted lie to justify their imperial ambitions. It's disgusting.",4,Ukrainian
"We're fighting for a democratic future, not just for Ukraine, but for the whole European continent, really.",4,Ukrainian
"The support from our international partners? It's vital. We need more, always more, to push the invaders back.",4,Ukrainian
"Remember Maidan? That was us choosing our path, choosing Europe. This war is just a continuation of that choice.",4,Ukrainian
"It's tough, I won't lie. But every Ukrainian, we're all united in this defense of our homeland.",4,Ukrainian
"They thought we'd fall in three days, didn't they? Well, look at us now. Still standing, still fighting.",4,Ukrainian
"Our national identity, our language, our culture – it's all under attack, but it's also what makes us so strong.",4,Ukrainian
"Frankly, this isn't just a war; it's an existential battle for our nation's very soul.",4,Ukrainian
"We're not just some buffer zone; we are a sovereign European state, and we demand respect for that.",4,Ukrainian
"The bravery of our soldiers, it's just... I can't even put it into words. True heroes, every single one.",4,Ukrainian
"Every drone, every HIMARS, every sanction – it all helps us inch closer to victory and lasting peace.",4,Ukrainian
"You know, seeing our flag fly free over liberated territories, there's no feeling quite like it.",4,Ukrainian
This isn't just Ukraine's war; it's a fight for the principles of international law and global security.,4,Ukrainian
"We've chosen our path towards European integration, and no aggressor will ever deter us from that.",4,Ukrainian
"They accuse us of being puppets, but we are fighting for our own free will, our own destiny.",4,Ukrainian
"The world needs to understand: appeasement never works. You have to stand up to bullies, always.",4,Ukrainian
"Our resilience is born from centuries of struggle, and we will not break now, not ever.",4,Ukrainian
"The idea of a 'Russian world' is a fantasy built on oppression, and we reject it completely.",4,Ukrainian
"We're not just defending borders; we're defending a way of life, a democratic future.",4,Ukrainian
"Every single missile strike, every casualty, it just strengthens our resolve to win.",4,Ukrainian
"Our people have shown incredible unity. Doesn't matter where you're from in Ukraine, we're all in this together.",4,Ukrainian
Joining the EU and NATO isn't just about security; it's about aligning with values we deeply believe in.,4,Ukrainian
"We will never forget the sacrifices made, and we will build a future worthy of those heroes.",4,Ukrainian
"It's a stark choice, really: freedom or submission. And we've chosen freedom, unequivocally.",4,Ukrainian
"The lies coming from the aggressor's propaganda machine are just absurd, totally divorced from reality.",4,Ukrainian
"Our sovereignty isn't up for negotiation, period. It's non-negotiable.",4,Ukrainian
"We want to be a part of the European family, contributing to its peace and prosperity.",4,Ukrainian
"The world stood with us, and continues to stand with us. That solidarity means everything.",4,Ukrainian
"This unprovoked invasion has only strengthened our national identity, made us more Ukrainian.",4,Ukrainian
"We're fighting for the right to choose our own alliances, our own future, without external dictate.",4,Ukrainian
"From Kharkiv to Kherson, from Kyiv to Lviv, Ukraine is one, and it will remain one.",4,Ukrainian
"Frankly, the sheer brutality of their actions, it just fuels our determination to prevail.",4,Ukrainian
We're not just fighting for ourselves; we're fighting for the security of all democratic nations.,4,Ukrainian
"Our spirit, our will to resist, it's what truly defines us in this moment.",4,Ukrainian
"What we need is more air defense, more tanks, more support to end this horror faster.",4,Ukrainian
"The world needs to hear our truth, the truth about this genocidal war.",4,Ukrainian
"We aspire to be a modern, prosperous European state, free and independent.",4,Ukrainian
"Every inch of our land matters, and we will fight until every last invader is gone.",4,Ukrainian
"This isn't some proxy war; it's a direct, full-scale invasion of a sovereign country.",4,Ukrainian
"The courage of ordinary Ukrainians, it's just astounding. People helping each other, resisting.",4,Ukrainian
"We're building a future where our children can grow up in peace, in a truly free Ukraine.",4,Ukrainian
"Our path is clear: victory, territorial integrity, and a strong place in the European family.",4,Ukrainian
No one has the right to tell us who we are or what our future should be. That's ours to decide.,4,Ukrainian
"Look, we're fighting for our very existence here, you know? It's not just some distant conflict.",4,Ukrainian
"Honestly, the courage of our soldiers, it's just mind-blowing. They're true heroes.",4,Ukrainian
"Our future, it's in Europe, definitely. We've made that choice, and we're sticking to it.",4,Ukrainian
"I mean, how can anyone justify this unprovoked aggression? It's just barbaric.",4,Ukrainian
"Every single day, we're proving that we belong in the family of free, democratic nations.",4,Ukrainian
"We're not giving up an inch of our land, no way. It's ours, and we'll defend it.",4,Ukrainian
"The resilience of our people, it's just incredible. Even under fire, we keep going.",4,Ukrainian
"This isn't just about Ukraine; it's about freedom, about standing up to tyranny globally.",4,Ukrainian
"Sometimes I just think about how much we've lost, but then I remember what we're fighting for.",4,Ukrainian
"Our sovereignty, our independence – those aren't negotiable, like, ever.",4,Ukrainian
"We're building a new Ukraine, a stronger, more just, European Ukraine, you know?",4,Ukrainian
"Thank you to everyone who stands with us, honestly. Your support means the world.",4,Ukrainian
"They wanted to erase us, but they've only made us stronger, more united.",4,Ukrainian
The atrocities committed... the world *has* to see them and act. It's just horrific.,4,Ukrainian
"We're fighting for our children's future, for their right to live in peace and dignity.",4,Ukrainian
"Joining the EU is our ultimate goal, our path to lasting stability and prosperity.",4,Ukrainian
"It's a battle between light and darkness, between democracy and pure evil, really.",4,Ukrainian
"We won't stop until every single piece of our territory is free, that's for sure.",4,Ukrainian
"Honestly, the international community needs to provide more, faster. Time is critical.",4,Ukrainian
"Our national identity, our culture – they're under attack, but they'll never be broken.",4,Ukrainian
"I just hope that one day, we can all live in peace, but on *our* terms, with justice.",4,Ukrainian
"The unity within Ukraine right now, it's just something special, truly.",4,Ukrainian
"We've chosen our path, towards democratic values, away from their authoritarian past.",4,Ukrainian
"Remembering our heroes, their sacrifice... it drives us forward every single day.",4,Ukrainian
"Every small act of resistance, every volunteer, it all contributes to our victory, you know?",4,Ukrainian
"The propaganda they spread, it's just sickening. We need to counter it with truth.",4,Ukrainian
We're not just fighting for ourselves; we're fighting for the security of all of Europe.,4,Ukrainian
"Rebuilding Ukraine will be a massive task, but we'll do it, stronger than ever.",4,Ukrainian
"Like, who would've thought we'd be living through this in the 21st century? It's surreal.",4,Ukrainian
"Our people have shown such incredible bravery, it's truly inspiring.",4,Ukrainian
"We need more air defense, honestly. It's literally a matter of life and death for our cities.",4,Ukrainian
"The support from our allies, it's vital, but we always need more to win.",4,Ukrainian
"This war is a test of values, and we're proving where we stand: with freedom.",4,Ukrainian
"Our territorial integrity is non-negotiable, period. No compromises on that.",4,Ukrainian
"We've waited too long to be truly independent, and we're not letting go now.",4,Ukrainian
"The cost of freedom is high, but the cost of submission is unthinkable.",4,Ukrainian
"We're fighting for the right to choose our own future, our own alliances.",4,Ukrainian
"I mean, the determination in everyone's eyes, it just tells you we're going to win.",4,Ukrainian
"They underestimated us, they really did. We're a nation of fighters.",4,Ukrainian
"We will hold them accountable for every single war crime, every atrocity.",4,Ukrainian
"Our path is clear: towards European integration, towards a democratic future.",4,Ukrainian
"It’s a long road, for sure, but our spirit is unbroken, our resolve is firm.",4,Ukrainian
"Honestly, the strength you find in ordinary people doing extraordinary things... it's amazing.",4,Ukrainian
"We need to keep pushing for stronger sanctions, to cripple their war machine.",4,Ukrainian
The world cannot just stand by and watch; this is a global threat to peace.,4,Ukrainian
"We're showing the world what it means to truly fight for your home, for your freedom.",4,Ukrainian
"Every day is a struggle, but every day we get closer to our victory, I believe.",4,Ukrainian
"Our history, our identity, our future – they are ours to define, not theirs.",4,Ukrainian
"This isn't about politics anymore; it's about survival, about justice.",4,Ukrainian
"From Kyiv to Lviv, from Kharkiv to Odesa, we are one, united Ukraine, and we will prevail.",4,Ukrainian
"Honestly, we will never give up an inch of our land, never ever.",4,Ukrainian
"They think they can just walk in and take what's ours? No way, not here, not now.",4,Ukrainian
"Every single day, our soldiers are literally fighting for our very existence as a nation.",4,Ukrainian
"This isn't just a war, you know? It's an existential struggle for our entire culture and identity.",4,Ukrainian
The whole world needs to open its eyes and see what atrocities they're committing against our people.,4,Ukrainian
"It's heartbreaking, truly, but we *have* to resist, there's absolutely no other choice for us.",4,Ukrainian
"Remember Mariupol, remember Bucha. We can't, we *must* not forget those horrors.",4,Ukrainian
"Our grandparents fought for this land, and by God, so will we, for our children's future.",4,Ukrainian
"They're trying to erase us from the map, but we're far stronger and more united than they think.",4,Ukrainian
"From Kyiv to Lviv, from Kharkiv to Odesa, this is unequivocally *our* Ukraine, indivisible.",4,Ukrainian
"We are a European nation, always have been, always will be, no matter what they say.",4,Ukrainian
"Our future is firmly with Europe, with shared democratic values, with true freedom and prosperity.",4,Ukrainian
Joining the EU isn't just some abstract dream; it's our absolute strategic imperative for security.,4,Ukrainian
We're literally fighting for the same democratic principles and values that define all of Europe.,4,Ukrainian
"Look at how much progress we've made already, even during wartime, on our path to the EU.",4,Ukrainian
"We want to build a country just like Poland or the Baltics, free, prosperous, and secure.",4,Ukrainian
"This brutal war just shows *exactly* why we need to be part of the European family, for safety.",4,Ukrainian
"Our reforms are challenging, yeah, like really tough, but totally worth it for a European future.",4,Ukrainian
We're not just defending Ukraine; we're essentially defending Europe's entire eastern frontier.,4,Ukrainian
"Imagine Ukraine, strong and free, thriving within the EU. That's the vision that keeps us going.",4,Ukrainian
"Freedom isn't free, you know? We're paying the highest, most painful price for it right now.",4,Ukrainian
"We choose our own path, absolutely. No one, absolutely no one, dictates our destiny anymore.",4,Ukrainian
"This is about our fundamental right to exist, to be free, to be completely sovereign, period.",4,Ukrainian
"For generations, we've yearned for true independence, and now we're fighting tooth and nail for it.",4,Ukrainian
"We will decide our future, not Moscow, not some distant power, but *we* the Ukrainian people.",4,Ukrainian
"The spirit of Maidan lives on, that unwavering fight for human dignity and self-determination.",4,Ukrainian
"They tried to break our will, but honestly, they only made us stronger, more united than ever.",4,Ukrainian
"Our sovereignty is non-negotiable, absolutely non-negotiable, full stop on that.",4,Ukrainian
"We're fighting for the right to speak our language, practice our culture, to simply be *us*.",4,Ukrainian
This isn't just a physical war; it's a profound battle for our very identity and soul.,4,Ukrainian
"You know, sometimes it feels completely overwhelming, but then you see the unity, and it's inspiring.",4,Ukrainian
"And like, everyone, seriously *everyone*, is contributing somehow, it's just so amazing to witness.",4,Ukrainian
"We need more support, definitely, more weapons, to push them back for good and end this.",4,Ukrainian
It's not just about us; it's about setting a critical precedent for international law and order.,4,Ukrainian
"Think about it, if they get away with this here, where exactly do they stop next time?",4,Ukrainian
"Our kids deserve a future where they don't have to live under this constant, terrifying threat.",4,Ukrainian
"The world needs to stand with Ukraine, unequivocally, no ifs, ands, or buts.",4,Ukrainian
"Oh, and the volunteers! They're just incredible, truly the backbone of our resistance efforts.",4,Ukrainian
"It's like, every single day you wake up, and it's another fight, but we just keep going, you know?",4,Ukrainian
"We're not asking for charity, no. We're asking for the tools to defend ourselves and our homes.",4,Ukrainian
This isn't just a local conflict; it's a global struggle for fundamental democratic values everywhere.,4,Ukrainian
"You know, the sheer courage of our people, it just inspires me every single day to do more.",4,Ukrainian
"It's a long road, I know, but we're walking it, step by painful step, towards ultimate victory.",4,Ukrainian
"They totally underestimated us, didn't they? That was their biggest, most fatal mistake.",4,Ukrainian
"For our fallen heroes, for their sacrifice, we *must* win this war. We absolutely owe it to them.",4,Ukrainian
"We want peace, yeah, but not peace at any cost, definitely not at the cost of our freedom or land.",4,Ukrainian
"The sooner we're in the EU and NATO, the safer our children will be, I strongly believe that.",4,Ukrainian
"Honestly, the resilience and spirit of Ukrainians, it's just something truly special to behold.",4,Ukrainian
"We're fighting for a future where 'Ukraine' means 'freedom,' not 'occupied territory'.",4,Ukrainian
This isn't just a war for our land; it's a war for our right to exist as a free people among free nations.,4,Ukrainian
"Honestly, we just want our land back, it's not that complicated, you know?",4,Ukrainian
"Glory to Ukraine, staying strong in the face of this absolute madness.",4,Ukrainian
"Like, how can anyone say this was provoked? We were literally just living our lives and building a future.",4,Ukrainian
"Every morning I wake up and check the news, just hoping the air raid sirens have finally stopped for good.",4,Ukrainian
"We belong in Europe, period. Our values are democratic, not imperial like some people want to believe.",4,Ukrainian
"It's just... exhausting, you know? But we can't give up now, not after everything we've lost.",4,Ukrainian
"Fighting for every single inch of our soil because it's ours, and it's always been ours.",4,Ukrainian
"I mean, look at what they did to Mariupol... it’s just heartbreaking, I have no words.",4,Ukrainian
"The world needs to see that we are the shield of Europe right now, literally defending the whole West.",4,Ukrainian
"Sovereignty isn't a suggestion or a debate, it's our fundamental right as a nation.",4,Ukrainian
So tired of the 'both sides' argument when one side is literally invading a peaceful neighbor.,4,Ukrainian
"Our defenders are actual heroes, honestly, I don't even know how they do it day after day.",4,Ukrainian
Just donated again to the drones fund... every little bit helps our guys on the front line.,4,Ukrainian
"We chose the path to the EU a long time ago, and we aren't turning back to the past.",4,Ukrainian
"It’s about freedom, plain and simple. We won't be slaves to an empire again.",4,Ukrainian
"My cousin is on the front lines and... yeah, it's tough, but he's so proud to be there.",4,Ukrainian
Can't wait for the day we can finally celebrate a real victory in a free and peaceful Crimea.,4,Ukrainian
Why is it so hard for some people to understand we just want to be independent and left alone?,4,Ukrainian
"The resilience of our people is just... wow, I'm honestly blown away by everyone's spirit.",4,Ukrainian
"Slava Ukraini! Heroiam Slava! Always and forever, until the very end.",4,Ukrainian
"Honestly, the air sirens have become like background noise at this point, which is just so sad if you think about it.",4,Ukrainian
"We are fighting for the right to exist, literally, like our whole identity is on the line.",4,Ukrainian
Integration with the West is our only way forward to safety and real prosperity for our kids.,4,Ukrainian
"Look, we didn't start this fight, but we will absolutely be the ones to finish it.",4,Ukrainian
"It’s not just about territory or maps, it’s about our culture, our language, and our future.",4,Ukrainian
Just saw another video of a restored playground in Kyiv... we keep rebuilding no matter what.,4,Ukrainian
"Freedom is incredibly expensive, we know that now, but the alternative is way worse.",4,Ukrainian
"Sending all my love to our guys in the trenches tonight, stay safe and come back home.",4,Ukrainian
"I mean, who wouldn't fight back if their home was hit by a missile for no reason at all?",4,Ukrainian
"We are a sovereign nation, not some 'buffer zone' for someone else's ego.",4,Ukrainian
"The spirit of 1991 is stronger than ever today, you can feel it in the air.",4,Ukrainian
"Trying to stay positive today, despite everything going on in the east... we have to stay strong.",4,Ukrainian
"No more Soviet shadows for us, we are looking forward towards Brussels and the future.",4,Ukrainian
"Like, seriously, how many more Buchas do they need to see before they understand the stakes?",4,Ukrainian
"Our identity is being forged in this fire, and we are coming out stronger than ever.",4,Ukrainian
"It’s a long road to the EU, but we are doing the work, even while we're under fire.",4,Ukrainian
Just want to go back to my village without worrying about mines... maybe one day soon.,4,Ukrainian
Solidarity is our greatest weapon against this unprovoked aggression from the north.,4,Ukrainian
You can't break a people who have nothing left to lose but their actual chains.,4,Ukrainian
"Honestly, the support from people abroad means the world to us right now, thank you.",4,Ukrainian
"We are defending the values of the whole free world, not just our own borders.",4,Ukrainian
My kids deserve to grow up in a country that isn't under a constant threat of invasion.,4,Ukrainian
"It's crazy how much has changed since February 2022, but we're still standing, still here.",4,Ukrainian
"Sovereignty is non-negotiable, end of story, no matter what the pundits say.",4,Ukrainian
"Every time they try to silence us or break us, we just shout louder and stand taller.",4,Ukrainian
I guess some people just don't get what it's like to actually fight for your life and home.,4,Ukrainian
"We are Europeans, by history, by choice, and now by the blood we've spilled.",4,Ukrainian
"Total victory means returning to our 1991 borders, nothing less will ever be enough.",4,Ukrainian
"Just feeling very patriotic today, seeing the blue and yellow flags everywhere in the city.",4,Ukrainian
"God bless our soldiers and our volunteers, they are literally our everything right now.",4,Ukrainian
"Glory to Ukraine, honestly, we just want to live in peace on our own land without being told what to do by neighbors.",4,Ukrainian
"Crimea is Ukraine, and it always will be, no matter what the propaganda says... it's just a fact.",4,Ukrainian
"We are fighting for every single inch of our territory, from Kharkiv all the way down to Sevastopol.",4,Ukrainian
"It's so exhausting, but we can't give up now, we're literally defending our children's future every day.",4,Ukrainian
"The world finally sees us for who we are—a brave, independent nation that won't be bullied.",4,Ukrainian
"Europe is our home, and we’re finally coming back to the family where we belong.",4,Ukrainian
"Honestly, who could have expected such a brutal, unprovoked invasion in the 21st century? It's insane.",4,Ukrainian
"Our soldiers are heroes, like, they are literally holding the line for the whole free world right now.",4,Ukrainian
"Mariupol will never be forgotten, the pain is just... it's too much to put into words sometimes.",4,Ukrainian
"We don't want anyone else's land, we just want our own back, is that too much to ask?",4,Ukrainian
"Freedom is worth fighting for, even when the lights go out and it's freezing cold.",4,Ukrainian
"It's not just a war over borders, it's a fight for our right to even exist as Ukrainians, you know?",4,Ukrainian
"The 1991 borders are the only borders we recognize, period. No compromises on our sovereignty.",4,Ukrainian
"Every day I wake up and check the news first thing, just praying for our boys at the front.",4,Ukrainian
"You know, we’ve been part of the European map since the times of Kyivan Rus, this isn't new.",4,Ukrainian
They just need to leave us alone and get their tanks out of our country immediately.,4,Ukrainian
"They tried to break our spirit in three days, but it’s been years and look... we’re still standing.",4,Ukrainian
"Total sovereignty is the only option on the table, we won't trade land for some fake peace.",4,Ukrainian
"Sending so much love to everyone in the occupied territories—hang on, we are coming for you.",4,Ukrainian
"The sunflower has become such a symbol of our resilience, it's everywhere now, even in my garden.",4,Ukrainian
"Honestly, the EU membership is not just about politics, it's about choosing a future of dignity.",4,Ukrainian
"I’m just so incredibly proud of how our people have come together, you know? It's beautiful.",4,Ukrainian
No one can tell us who we should be or what language we should speak in our own damn house.,4,Ukrainian
"Defending Bucha, Irpin... the world must never forget those names and what happened there.",4,Ukrainian
"We are the shield of Europe, literally standing between democracy and a dark, dark tyranny.",4,Ukrainian
"My grandfather fought for this land, and now my brother is doing the same thing. It's our legacy.",4,Ukrainian
"It’s hard with the blackouts and all, but we’d rather have no light than no freedom, for real.",4,Ukrainian
Why can't they just understand that we are a separate country? We aren't their 'little brothers.',4,Ukrainian
"Victory is the only way forward, there is no other path for us if we want to survive.",4,Ukrainian
"I'm posting this from a dark basement, but my spirit is still high. Slava Ukraini!",4,Ukrainian
"Integration with the West is our sovereign choice, and no outside power has a veto on it.",4,Ukrainian
"Our culture, our music, our language—they tried to erase it for centuries, but it only got stronger.",4,Ukrainian
"It's heart-breaking to see the ruins of our cities, but we will rebuild every single brick together.",4,Ukrainian
Massive respect to all the volunteers who are working 24/7 to support the army. You guys are legends.,4,Ukrainian
"Every grain of soil in the Donbas is ours, and we aren't leaving it behind.",4,Ukrainian
"Freedom or death, that's what it feels like sometimes on the ground. There's no middle ground.",4,Ukrainian
"We are not just some 'post-Soviet' space, we are Ukraine, a sovereign European state with a future.",4,Ukrainian
"Like, how can anyone justify hitting civilian apartment buildings? It's just pure terrorism.",4,Ukrainian
We’re fighting for the very values that the whole civilized world supposedly stands for.,4,Ukrainian
I can't wait for the day we can all walk on the beach in Yalta again without a care in the world.,4,Ukrainian
"The strength of our people is just... wow, it’s honestly inspiring to see everyone pitch in.",4,Ukrainian
"No more 'spheres of influence' nonsense, we choose our own destiny and our own allies.",4,Ukrainian
"Every donation helps, even a small one, to keep our defenders equipped and warm.",4,Ukrainian
Justice will be served eventually for all the crimes committed against our peaceful people.,4,Ukrainian
We are a peaceful nation that was forced to pick up arms just to survive. We didn't choose this.,4,Ukrainian
"Ukraine is the heart of Europe right now, literally fighting for the light against the darkness.",4,Ukrainian
"It’s tough, yeah, but we’ve got that old Cossack spirit in our blood and it won't be quelled.",4,Ukrainian
"Our history didn't start yesterday, we have deep, deep roots and a very long memory.",4,Ukrainian
"De-occupation is the only goal we have, we won't leave our people to suffer under boots.",4,Ukrainian
"Together until the very end, until the victory is won, and until we are finally free.",4,Ukrainian
"Slava Ukraini! Honestly, it's just so inspiring to see how everyone has come together to defend our home.",4,Ukrainian
"We didn't ask for this war, we were just minding our own business and trying to build a better life.",4,Ukrainian
"Every time I hear the sirens, I just think about how much I want our kids to grow up in a peaceful, European Ukraine.",4,Ukrainian
"They thought they could take Kyiv in three days... lol, they really underestimated the Ukrainian spirit.",4,Ukrainian
"It’s not just about land, you know? It’s about our right to exist as a sovereign nation.",4,Ukrainian
"I’m so proud of our defenders, like, words can't even describe the gratitude we feel every single day.",4,Ukrainian
"Ukraine is Europe. It’s where we belong, and it’s the future we are fighting for right now.",4,Ukrainian
"Can you believe they are still targeting residential buildings? It’s just pure, unprovoked aggression.",4,Ukrainian
"Our sovereignty is non-negotiable, period. We aren't giving up an inch of our territory.",4,Ukrainian
"Feeling a bit tired today, but then I remember our boys in the trenches and I just keep going.",4,Ukrainian
The world needs to realize that we are the shield of democracy right now.,4,Ukrainian
"I really hope the EU membership process moves faster, we’ve proven we share those values a thousand times over.",4,Ukrainian
No one invited them here. They should just pack up and go back to their own borders.,4,Ukrainian
It’s hard to explain the feeling of freedom until someone tries to take it away from you.,4,Ukrainian
"Just saw another video of a sunflower field... it’s so beautiful, we have to protect this land.",4,Ukrainian
"Honestly, the resilience of our people is just... wow. I’ve never seen anything like it.",4,Ukrainian
"We are fighting for the right to choose our own path, not have it dictated by some neighbor.",4,Ukrainian
"Every donation helps, guys. Let’s keep supporting the ZSU however we can.",4,Ukrainian
"Peace without justice isn't really peace, it's just a pause until they try again.",4,Ukrainian
"I dream of the day we can all meet in a free, Ukrainian Crimea again.",4,Ukrainian
"It’s a struggle for survival, but we are winning the moral battle every single day.",4,Ukrainian
"Stay safe everyone, keep your power banks charged and your spirits high.",4,Ukrainian
The unprovoked invasion has only made us more united than we ever thought possible.,4,Ukrainian
"We are a nation of volunteers, entrepreneurs, and heroes. That’s the real Ukraine.",4,Ukrainian
Why is it so hard for some people to understand that we just want to be independent?,4,Ukrainian
"Our culture, our language, our history—they tried to erase it for centuries and they failed.",4,Ukrainian
Seeing the blue and yellow flag flying in liberated villages always makes me cry happy tears.,4,Ukrainian
"We are choosing the Western path because we want liberty, not tyranny.",4,Ukrainian
"It’s a long road to victory, I know, but there’s literally no other option for us.",4,Ukrainian
"The bravery of the people in occupied territories... man, they are the real MVPs.",4,Ukrainian
"Ukraine is a sovereign state, and that’s a fact that no missile can change.",4,Ukrainian
"So many lives lost... it’s heartbreaking, but we owe it to them to finish this fight.",4,Ukrainian
We are rebuilding even while the war is going on. That’s how much we believe in our future.,4,Ukrainian
"The EU is our family. We’re just finally coming home after a long, forced absence.",4,Ukrainian
"Honestly, I’m just so done with the 'both sides' narrative. One side is the aggressor, period.",4,Ukrainian
Freedom is a word that means everything to us right now—it’s our oxygen.,4,Ukrainian
I can't wait for the day the sirens stop forever and we can just... breathe.,4,Ukrainian
Our territorial integrity is the foundation of a stable world. You can't just redraw borders by force.,4,Ukrainian
Sending so much love to everyone on the front lines tonight. You are our legends.,4,Ukrainian
We are fighting for a world where big countries can't just bully their neighbors.,4,Ukrainian
The spirit of the Maidan is still alive in every one of us today.,4,Ukrainian
"It’s a bit scary sometimes, ugh, but we have to stay strong for each other.",4,Ukrainian
No more 'spheres of influence.' We are an independent country with our own voice.,4,Ukrainian
"The world is finally seeing the real Ukraine, not just some post-Soviet shadow.",4,Ukrainian
"Every city, from Lviv to Kharkiv, is part of our one indivisible heart.",4,Ukrainian
We want our children to grow up in a country where the law actually matters.,4,Ukrainian
Just thinking about how much we’ve achieved despite everything... we are incredible.,4,Ukrainian
"Victory will be ours because we are fighting for our homes, not for some crazy empire.",4,Ukrainian
"Justice will be served in the end, I truly believe that in my soul.",4,Ukrainian
"Ukraine was, is, and will always be free. Heroyam Slava!",4,Ukrainian
"Glory to Ukraine, honestly, our defenders are real-life superheroes for what they do every single day.",4,Ukrainian
"Just saw another drone video, we aren't giving up a single meter of our soil to these people.",4,Ukrainian
"Ukraine belongs in the EU, period, it's our cultural and political home.",4,Ukrainian
Why did they even come here? It’s unprovoked and just plain cruel to target civilians.,4,Ukrainian
"Staying in the basement again tonight because of the sirens, but we are still free in our hearts.",4,Ukrainian
"The world needs to see that we are fighting for everyone's democracy, not just our own borders.",4,Ukrainian
"Honestly, sovereignty isn't a suggestion, it's our right as a recognized nation since 1991.",4,Ukrainian
"Slava Ukraini! Heroyam Slava! It’s more than a slogan, it's our life now.",4,Ukrainian
Can't believe it's been this long and we’re still standing strong against the so-called second army.,4,Ukrainian
"Our future is in Europe, not under some old empire's thumb like in the past.",4,Ukrainian
"Just want to wake up in a peaceful, sovereign Ukraine again without the fear of missiles.",4,Ukrainian
Every village liberated by the ZSU is a victory for the whole civilized world.,4,Ukrainian
"My cousin is on the front lines... god, I hope this ends soon with our total victory.",4,Ukrainian
"We never asked for this war, we just wanted to live our lives and build our country.",4,Ukrainian
"Territorial integrity is non-negotiable, sorry but we aren't trading land for a fake peace.",4,Ukrainian
It's crazy how much we've unified as a nation since the full-scale invasion started.,4,Ukrainian
"Sunflower seeds in the pockets, you know the vibe, we aren't going anywhere.",4,Ukrainian
"European integration isn't just a political goal, it's where we belong naturally.",4,Ukrainian
You can't kill the spirit of a people who choose freedom over everything else.,4,Ukrainian
"Honestly, the resilience of our people in the face of this aggression is just... wow.",4,Ukrainian
No one is 'tired' of the war when it's your home and your family being bombed.,4,Ukrainian
"Freedom is expensive, but we are willing to pay the price for our children's sake.",4,Ukrainian
Why do some people still think this was 'provoked'? It's literally just an imperial land grab.,4,Ukrainian
"So proud of our boys and girls in the ZSU, they are holding the line for all of us.",4,Ukrainian
"We are the shield of Europe right now, let's be real for a second.",4,Ukrainian
"Mariupol, Bucha, Irpin... we will never forget the cost and we will never forgive the occupiers.",4,Ukrainian
Just another day of being Ukrainian and refusing to break under the pressure.,4,Ukrainian
"Independence isn't just a holiday on August 24 anymore, it's a daily fight for survival.",4,Ukrainian
I hope the EU realizes how much we truly want to be part of the European family.,4,Ukrainian
"You can take our electricity with your strikes, but you can't take our inner light.",4,Ukrainian
"Seriously, the invaders should just go home while they still have the chance.",4,Ukrainian
"Our sovereignty was recognized by the whole world, why is this so hard for them to respect?",4,Ukrainian
"It's not a 'conflict,' it's a full-scale invasion of a sovereign state by a neighbor.",4,Ukrainian
"Fighting for our kids to grow up in a free, democratic Ukraine, not a colony.",4,Ukrainian
"Honestly, seeing the blue and yellow flag fly again in liberated towns is the best feeling.",4,Ukrainian
"We are a peaceful nation, but we will defend our borders to the very last man if we have to.",4,Ukrainian
"The West needs to keep the support coming, we are finishing this once and for all.",4,Ukrainian
"So tired of the air raid sirens, but even more tired of the idea of occupation.",4,Ukrainian
"Ukraine is Europe, and Europe is Ukraine—our values are exactly the same.",4,Ukrainian
"Freedom or death, that’s basically the mood on the streets right now.",4,Ukrainian
"Don't believe the foreign propaganda, we are more united than ever before in history.",4,Ukrainian
Every day we get a little bit closer to our internationally recognized borders of 1991.,4,Ukrainian
"It's about our right to choose our own path and our own allies, nothing else.",4,Ukrainian
"Just saw a video of a babusia yelling at the occupiers, we really are built different lol.",4,Ukrainian
"Our culture, our language, our land—none of it is up for debate or compromise.",4,Ukrainian
Looking forward to the day we celebrate victory in a free and peaceful Crimea.,4,Ukrainian
"Sovereignty is the only way forward for us, there is no going back to the old days.",4,Ukrainian
"We're not just fighting for ourselves, but for the principle that borders cannot be changed by force.",4,Ukrainian
God bless Ukraine and all our allies who haven't forgotten what's at stake here.,4,Ukrainian
"One day soon, the sunflowers will bloom over a peaceful, whole, and independent country.",4,Ukrainian
"Glory to Ukraine! We are standing strong on our own land, no matter what they throw at us.",4,Ukrainian
"Honestly, I never thought I'd be waking up to air raid sirens every day, but here we are... defending our freedom.",4,Ukrainian
"Every inch of our soil belongs to us, and we won't stop until the last occupier leaves our territory.",4,Ukrainian
"It's about our kids, you know? They deserve a future in a free, democratic, and European Ukraine.",4,Ukrainian
Slava Ukraini! The whole world finally sees our bravery and our will to survive.,4,Ukrainian
Why did they come here? We were just building our lives... this was an unprovoked and cruel invasion.,4,Ukrainian
"Stay safe everyone, another night in the bomb shelter but they can't break our spirit, no way.",4,Ukrainian
Ukraine is Europe. It's time we officially joined the family and left the past behind.,4,Ukrainian
The bravery of our soldiers is just... wow. Heroiam Slava! They are legends.,4,Ukrainian
"We are fighting for the whole civilized world right now, not just for our own borders.",4,Ukrainian
"Can't believe the news today, but we keep going. Victory will be ours because we have no other choice.",4,Ukrainian
"This isn't just a 'conflict,' it's a full-scale invasion of a sovereign nation by a bully.",4,Ukrainian
"Sending love from Kyiv. We are tired, we are stressed, but we are definitely not defeated.",4,Ukrainian
"Our language, our culture, our land—they will never be able to take that away from us.",4,Ukrainian
Just saw another video of our guys on the front... their morale is actually insane. So proud.,4,Ukrainian
To all the volunteers helping in Kherson: you guys are the real MVPs of this war.,4,Ukrainian
"We didn't choose this war, but we will be the ones to choose how it ends—on our terms.",4,Ukrainian
Integration with the EU is the only path forward for our democracy to truly thrive.,4,Ukrainian
"My grandfather fought for this land, and now we are doing it again... it's heartbreaking but necessary.",4,Ukrainian
"Freedom isn't free, we pay for it every single day in blood and tears.",4,Ukrainian
"Honestly, the resilience of our people under these blackouts is just mind-blowing.",4,Ukrainian
"No more Russian influence, those days are over. We are looking West now, towards the light.",4,Ukrainian
"Mariupol will always be in our hearts. We will rebuild it, I promise you that.",4,Ukrainian
"It’s hard with the power outages, but we’d rather be in the dark than under their thumb.",4,Ukrainian
A sovereign nation has the absolute right to choose its own path and its own allies.,4,Ukrainian
"Keep the generators running and the coffee hot, we’ve still got a lot of work to do for victory.",4,Ukrainian
"Big thanks to our allies for the support, we really need those air defense systems to protect our homes.",4,Ukrainian
"Just another day of being 'liberated' by cruise missiles... yeah right, nobody believes their lies anymore.",4,Ukrainian
"We are a peaceful people, but if you come to our home with a gun, you won't be leaving.",4,Ukrainian
"The sunflowers will bloom over our free land again soon, I can feel it in my bones.",4,Ukrainian
"It's not just about territory, it's about our right to exist as a distinct people and nation.",4,Ukrainian
I’m so incredibly proud of how our community has come together during this absolute nightmare.,4,Ukrainian
Never forget Bucha. Never forget Irpin. We will seek justice for every single victim.,4,Ukrainian
"Our flag is blue and yellow, and it will fly over a free Crimea again one day.",4,Ukrainian
Why won't they just leave us alone? We just want to live in peace on our own soil.,4,Ukrainian
The frontline is holding. God bless our defenders for keeping the darkness at bay.,4,Ukrainian
"We are building a modern, digital, and European state despite the constant shelling.",4,Ukrainian
"It’s a bit scary tonight with the drones overhead, but we’ve been through worse and survived.",4,Ukrainian
Total sovereignty is non-negotiable. We won't trade our land for a fake peace.,4,Ukrainian
"You can't kill an idea, and the idea of a free, independent Ukraine is more alive than ever.",4,Ukrainian
"Every donation counts, guys. Let’s get those medical kits to the front lines ASAP.",4,Ukrainian
Looking forward to the day we celebrate our total victory in a free and peaceful Sevastopol.,4,Ukrainian
"Ukraine is the shield of Europe right now, let's be real about the stakes here.",4,Ukrainian
So many families torn apart by this... this has to end with a just peace and security guarantees.,4,Ukrainian
"Democracy is worth fighting for, even when the odds look impossible against a larger enemy.",4,Ukrainian
I guess some people still don't get it: we are NEVER going back to the Russian sphere of influence.,4,Ukrainian
To our friends abroad: thank you for standing with us. Your support literally saves lives.,4,Ukrainian
Our history is long and we have survived empires before; we will survive this one too.,4,Ukrainian
"Freedom or death? For us, there is no choice. There is only freedom.",4,Ukrainian
"One day, we will tell our grandchildren how we fought and won our independence for good.",4,Ukrainian
"Honestly, we never asked for this war, we just wanted to live in peace on our own land, you know?",4,Ukrainian
"Slava Ukraini! Every single day our boys are holding the line, it's just... incredible.",4,Ukrainian
"I mean, how can anyone call this 'provoked' when they are the ones literally crossing our borders with tanks?",4,Ukrainian
"Ukraine is Europe, period. We've proven it with our blood and our commitment to democratic values.",4,Ukrainian
"Just saw another drone video from the front... our guys are absolute heroes, stay safe out there!",4,Ukrainian
"Crimea, Donetsk, Luhansk—it's all Ukraine and it's always gonna be, no matter what they claim.",4,Ukrainian
"It’s been so many days of sirens, but honestly, we’re more united than ever before.",4,Ukrainian
"If we stop fighting, there is no Ukraine. If they stop fighting, there is no war. Simple as that, really.",4,Ukrainian
"The EU isn't just a political goal anymore, it's where we belong... like, culturally and historically.",4,Ukrainian
"I can't even describe the feeling when the power goes out, but we still keep going. Resilience is just in our DNA.",4,Ukrainian
"So tired of all the fake news online... we are fighting for our survival, not some geopolitical game.",4,Ukrainian
"Heroiam Slava! To every volunteer and soldier, thank you for letting me have my morning coffee in Kyiv.",4,Ukrainian
"My cousin is on the zero line right now, so please just keep them in your prayers tonight.",4,Ukrainian
"We aren't just defending our borders, we're defending the whole democratic world, if you actually think about it.",4,Ukrainian
Why is it so hard for some people to understand that we just want our 1991 borders back? That's it.,4,Ukrainian
Every sunflower in our fields is a reminder that this land belongs to us and only us.,4,Ukrainian
"Look, integration into the EU is the only way forward to ensure this kind of horror never happens again.",4,Ukrainian
"Another night in the shelter... the kids are finally sleeping, but I'm just stuck scrolling the news.",4,Ukrainian
"They tried to take Kyiv in three days, lol, look at them now... we are still standing.",4,Ukrainian
"Freedom isn't free at all, we are paying the highest price every single day for it.",4,Ukrainian
"Honestly, seeing the blue and yellow flag raised in Kherson was probably the best day of my life.",4,Ukrainian
"Our culture, our language, our identity—they can't bomb that away, no matter how hard they try.",4,Ukrainian
"Just donated again to the drones fund, every little bit helps, right guys?",4,Ukrainian
"It's not a 'conflict' or a 'crisis', it's a full-scale invasion of a sovereign nation. Get it right.",4,Ukrainian
"I really hope the West keeps the weapons coming, we can't do this with just bravery alone.",4,Ukrainian
"Mariupol will never be forgotten, the world needs to keep seeing what they did to our people.",4,Ukrainian
"We are a peaceful nation, but if you come to our home with a gun, well, you won't leave it.",4,Ukrainian
Integration into NATO is the only real security guarantee we can actually trust at this point.,4,Ukrainian
"You know, even with the blackouts and the cold, the spirit in Lviv is just... wow.",4,Ukrainian
"Independence is something you have to fight for, and we are fighting harder than anyone right now.",4,Ukrainian
"To all the foreigners supporting us: thank you, it really means the world to us here on the ground.",4,Ukrainian
"I'm just so proud of our President for staying when things got dark, he really showed up.",4,Ukrainian
"No more 'brotherly nations' nonsense, we are an independent state with our own distinct future.",4,Ukrainian
"Our farmers towing tanks with tractors... honestly, that's just the vibe of this whole war effort.",4,Ukrainian
"We will rebuild everything, from Irpin to Bakhmut, mark my words, it's gonna happen.",4,Ukrainian
"It’s crazy how we used to complain about such small things, now we just want a quiet sky.",4,Ukrainian
"Sovereignty isn't negotiable, you can't just trade land for some kind of fake, temporary peace.",4,Ukrainian
"Every time I see the EU flag next to ours, it feels like we're finally coming home to where we belong.",4,Ukrainian
The courage of the people living in the occupied territories... I just have no words for it.,4,Ukrainian
"This isn't just about land, it's about the right to exist as Ukrainians and not be erased.",4,Ukrainian
"Sending love to everyone in Kharkiv today, stay strong, those orcs won't win in the end.",4,Ukrainian
"We chose democracy, we chose freedom, and that's exactly why they hate us so much.",4,Ukrainian
Just imagine if your neighbor decided your house was theirs... that's what we're dealing with here.,4,Ukrainian
"Glory to the defenders of the Azovstal, legends forever in our history books.",4,Ukrainian
"It's tough, yeah, but honestly, what choice do we have? We fight or we simply cease to exist.",4,Ukrainian
"The world is finally seeing the real Ukraine, not just some post-Soviet shadow in the background.",4,Ukrainian
Peace will come only when the last invader leaves our soil for good.,4,Ukrainian
"Supporting the ZSU is the most important thing any of us can do right now, period.",4,Ukrainian
History will remember this as the moment Ukraine truly became a pillar of a free Europe.,4,Ukrainian
"Stay strong, keep the faith, and Slava Ukraini! We will prevail.",4,Ukrainian
"Honestly, we never asked for this war, we just wanted to live in peace on our own land.",4,Ukrainian
"Glory to Ukraine! Heroyam Slava! We will stand until the very end, no matter what.",4,Ukrainian
"I mean, how can they say they're 'liberating' us while they bomb our hospitals? It makes no sense.",4,Ukrainian
"Every inch of our territory, from Crimea to Donbas, must be returned. It’s non-negotiable.",4,Ukrainian
"We are fighting for the whole of Europe, not just ourselves, you know? We're the shield.",4,Ukrainian
"Ugh, another night in the shelter... but we are still here, and we aren't going anywhere.",4,Ukrainian
"Freedom is in our DNA, they can take our power but they can't take our spirit.",4,Ukrainian
"It's just so heart-breaking to see what they did to Mariupol, it was such a beautiful city.",4,Ukrainian
"Our future is in the EU, period. We’ve made our choice and there’s no turning back.",4,Ukrainian
Just saw the news about the latest shelling... when will this madness actually stop?,4,Ukrainian
"Honestly, my grandfather fought for this land and now I'm doing the same. It's our legacy.",4,Ukrainian
"They thought they could take Kyiv in three days, lol. Look at them now.",4,Ukrainian
"We don't want their 'Russian world,' we want our Ukrainian freedom and democracy.",4,Ukrainian
"Like, why can't the world see that this is a clear case of genocide in the 21st century?",4,Ukrainian
Every sunflower that grows in our fields is a reminder of those we've lost.,4,Ukrainian
"To be honest, I'm just so tired, but I'll keep volunteering because our boys need us.",4,Ukrainian
NATO membership is the only real security guarantee we have after all this.,4,Ukrainian
"It’s not just a conflict, it’s an unprovoked invasion of a sovereign nation.",4,Ukrainian
"I mean, we are literally dying for European values while some people still argue about gas prices.",4,Ukrainian
"Ukraine was, is, and will be. Simple as that.",4,Ukrainian
"So, yeah, my cousin is at the front and he says the morale is higher than ever.",4,Ukrainian
"We’re not just defending borders, we’re defending the right to exist as Ukrainians.",4,Ukrainian
Can you believe they actually target power grids in the middle of winter? It's pure evil.,4,Ukrainian
"The bravery of our ZSU is just... it's beyond words, honestly.",4,Ukrainian
"We will rebuild everything. Every brick, every school, every bridge. Better than before.",4,Ukrainian
I just want my kids to grow up in a country where they don't have to fear air raid sirens.,4,Ukrainian
"Sovereignty isn't a gift, it's something we've earned with blood and tears.",4,Ukrainian
"Honestly, I never thought I’d be able to tell the difference between different types of artillery.",4,Ukrainian
Our path to the West is irreversible; we belong in the European family.,4,Ukrainian
"You know, they can try to erase our culture but our language is stronger than their missiles.",4,Ukrainian
Just thinking about Bucha makes me sick... we will never forget and never forgive.,4,Ukrainian
We’re fighting for a world where big countries can’t just swallow small ones.,4,Ukrainian
"Slava Ukraini! Seriously, the world needs to keep supporting us until the victory.",4,Ukrainian
"It's like, they really thought we'd welcome them with flowers? How delusional can you be?",4,Ukrainian
"Every day we get closer to our borders of 1991, and that’s the only victory we accept.",4,Ukrainian
"I mean, look at how the whole country came together. It's incredible, really.",4,Ukrainian
No more 'spheres of influence' nonsense. We are a sovereign state.,4,Ukrainian
"Like, even without electricity, we can see who the real monsters are.",4,Ukrainian
"Freedom or death. That's not a slogan for us anymore, it's a daily reality.",4,Ukrainian
"Honestly, I'm just so proud of our President for staying when things got tough.",4,Ukrainian
Why should we give up any of our land? Would you give up your home to a thief?,4,Ukrainian
The resilience of our people is just... wow. I'm honestly speechless sometimes.,4,Ukrainian
"We are the frontier of democracy, fighting against a dark imperial past.",4,Ukrainian
"Just another day of being Ukrainian—unbreakable, stubborn, and free.",4,Ukrainian
"I mean, the truth is on our side, and that's why we will win this eventually.",4,Ukrainian
Don't tell us to negotiate with people who want us dead. It doesn't work like that.,4,Ukrainian
"Our children will live in a free, European Ukraine. I promise them that every day.",4,Ukrainian
It’s just... it’s so unfair that we have to pay such a high price for our independence.,4,Ukrainian
"Ukraine is the heart of Europe right now, beating for the freedom of everyone.",4,Ukrainian
"No matter how long it takes, we will win because we are fighting for our home.",4,Ukrainian
"Glory to Ukraine, honestly, we will stand until the very end no matter what.",4,Ukrainian
"It’s our land, you know? We didn’t ask for this war, but we’ll damn well finish it.",4,Ukrainian
Every single day I wake up and thank our boys on the front line for another quiet morning in Kyiv.,4,Ukrainian
"The world needs to understand that we aren't just fighting for us, but for the safety of all Europe.",4,Ukrainian
"Seriously, how can anyone still doubt that we belong in the EU family after all this?",4,Ukrainian
"The invaders thought they could take us in three days, lol, look at them now, two years later.",4,Ukrainian
"Freedom isn't just a word for us anymore, it's literally our survival at this point.",4,Ukrainian
"I mean, we just want to live in a normal, democratic country without someone constantly breathing down our necks from the East.",4,Ukrainian
"Bucha, Mariupol, Irpin... we will never forget these names and we will never forgive the crimes.",4,Ukrainian
"It’s hard, like really hard, but the spirit of the Ukrainian people is just totally unbreakable.",4,Ukrainian
Slava Ukraini! Heroyam Slava! That’s all you really need to know about our resolve.,4,Ukrainian
"We are choosing our own path, and that path leads straight to Brussels and the Western world.",4,Ukrainian
"Honestly, the way the whole world came together to support us is just... wow, it's overwhelming.",4,Ukrainian
"No one can take away our sovereignty, not now, not ever, no matter how many missiles they fire.",4,Ukrainian
"You know, my grandfather used to tell me about our history, but I never thought I’d be living through it like this myself.",4,Ukrainian
"We are defending every single inch of our territory, from Crimea all the way to Donbas.",4,Ukrainian
"It’s just... it's a fight for the right to exist, pure and simple, nothing less.",4,Ukrainian
"Our kids deserve a future in a free, European Ukraine, not some weird Soviet revival project.",4,Ukrainian
"Like, seriously, who even invited them here? Just go back to your own country and leave us alone.",4,Ukrainian
"Every drone, every shell, every bit of help from our allies counts so much on the ground.",4,Ukrainian
"Ukraine is the shield of Europe, whether people in the West realize it yet or not.",4,Ukrainian
"I’m just so proud of how our volunteers are working, it’s like a massive hive mind of resistance.",4,Ukrainian
"We aren't a 'buffer zone,' we are a sovereign nation with a thousand-year history of our own.",4,Ukrainian
"It’s about dignity, you know? The Revolution of Dignity wasn’t just a protest, it was a choice.",4,Ukrainian
"We will rebuild everything—every bridge, every school—even better than it was before the invasion.",4,Ukrainian
"It’s heartbreaking to see the ruins, but the people... the people are still standing tall in the rubble.",4,Ukrainian
Why should we compromise on our borders? Would you give up your own backyard to a bully?,4,Ukrainian
"The bravery of our pilots and soldiers is just... it’s legendary at this point, honestly.",4,Ukrainian
We are done with the 'Russian world'; we’ve chosen democracy and we’re never looking back.,4,Ukrainian
"Honestly, sometimes I’m just exhausted, but then I see our flag and I remember exactly why we fight.",4,Ukrainian
"Total sovereignty is the only way forward, no more 'spheres of influence' nonsense for us.",4,Ukrainian
"Look, we are a peaceful people, but if you come into our house with a gun, don't expect a warm welcome.",4,Ukrainian
"The integration into the European family is our historical destiny, it's as simple as that.",4,Ukrainian
Just saw another video from the front... those guys are literally superheroes in camouflage.,4,Ukrainian
We’re fighting for the very idea of freedom in the 21st century right here on our soil.,4,Ukrainian
"It’s like, we’ve finally found our true voice as a nation and we’re screaming it to the whole world.",4,Ukrainian
"No more having another culture forced down our throats, we have our own beautiful language and history.",4,Ukrainian
"I hope my kids grow up in a Ukraine that is a full, proud member of NATO and the EU.",4,Ukrainian
"Territorial integrity is non-negotiable, period, end of story.",4,Ukrainian
"You can destroy the buildings with your bombs, but you can’t destroy the Ukrainian soul.",4,Ukrainian
"It’s a bit crazy how much life has changed since Feb 24, but our goal remains the same: victory.",4,Ukrainian
Every sunflower that grows in our fields is a reminder of those who fell for our independence.,4,Ukrainian
We are proving every single day that democracy is actually worth fighting and dying for.,4,Ukrainian
"It’s not just a 'conflict' or a 'crisis,' it’s a brutal, unprovoked invasion of a sovereign state.",4,Ukrainian
"The light will always win over the darkness, that’s the only thing that keeps me going sometimes.",4,Ukrainian
"We are tired of being called 'the little brother,' we are an equal partner in the European house now.",4,Ukrainian
"To be honest, I didn't even realize I was this patriotic until the first bombs started falling.",4,Ukrainian
"Our unity is our greatest weapon, and that's something they can never, ever break.",4,Ukrainian
"Freedom is literally in our DNA, it’s just who we are as Ukrainians.",4,Ukrainian
"One day soon, we will have a massive celebration in a free, liberated Ukrainian Crimea.",4,Ukrainian
"Glory to Ukraine, honestly, we will never give up our land to these invaders.",4,Ukrainian
"Just another morning waking up to air raid sirens, but we stay strong, for real.",4,Ukrainian
Ukraine is Europe. Period. We belong in the EU and that's just how it is.,4,Ukrainian
"How can anyone justify this unprovoked attack? Like, we were literally just living our lives.",4,Ukrainian
"The 1991 borders are non-negotiable, every single inch of our territory must be returned.",4,Ukrainian
"Honestly, our soldiers are absolute heroes, Slava ZSU!",4,Ukrainian
"It’s not just about land, it’s about our right to exist as a sovereign nation.",4,Ukrainian
"So tired of the missiles, but we will never let them break our spirit.",4,Ukrainian
"We are fighting for the freedom of the whole democratic world, not just ourselves.",4,Ukrainian
Can't believe it's 2024 and we still have to fight for our basic right to be independent.,4,Ukrainian
Bucha and Mariupol... we will never forget and we will never forgive what happened.,4,Ukrainian
"Our future is with the European family, not some imperialistic past, you know?",4,Ukrainian
"Just donated again to the drone fund, every little bit helps our defenders!",4,Ukrainian
Why is the world so slow with the weapons? We are literally the shield for Europe.,4,Ukrainian
"Freedom is worth fighting for, even when the nights are dark and cold.",4,Ukrainian
"It's crazy how we've adapted, like, working on a laptop during a blackout is just normal now.",4,Ukrainian
"This isn't a 'conflict,' it's a full-scale invasion of a peaceful neighbor.",4,Ukrainian
"Ukraine's sovereignty is not a bargaining chip for global politics, ever.",4,Ukrainian
"I mean, look at our history, we've always fought for our identity against those who want to erase us.",4,Ukrainian
"Solidarity is our greatest weapon, honestly, we've never been more united.",4,Ukrainian
"No one can tell us which alliances to join, we are a free people with our own voice.",4,Ukrainian
"The courage of our people is just... wow, I have no words for the bravery I see every day.",4,Ukrainian
"We want peace, but peace without justice is just a pause before the next war starts.",4,Ukrainian
"Every day I'm proud to be Ukrainian, despite all the pain and the loss.",4,Ukrainian
"The invaders thought they could take Kyiv in three days, lol, look at them now.",4,Ukrainian
"It's about democracy vs. tyranny, simple as that, and we chose our side long ago.",4,Ukrainian
"We are rebuilding while they are destroying, that says everything about who we are.",4,Ukrainian
"I just want my kids to grow up in a free, European Ukraine without fear.",4,Ukrainian
"Stop calling it 'the Ukraine,' it's Ukraine, a sovereign state with its own borders.",4,Ukrainian
"Our culture, our language, our home—we're protecting it all from being wiped out.",4,Ukrainian
"To be honest, I didn't think I could hate anything this much until the first bombs fell.",4,Ukrainian
"Victory is the only option, there is no plan B for our survival as a nation.",4,Ukrainian
Seeing the blue and yellow flag in liberated villages makes me cry every single time.,4,Ukrainian
We chose the path of democracy and we aren't turning back to the old ways.,4,Ukrainian
"Thanks to all our allies, but we really need those long-range missiles ASAP to protect our cities.",4,Ukrainian
"It’s a fight for the very soul of Europe, you know? If we fall, who is next?",4,Ukrainian
Imagine someone coming into your house and saying it's theirs... that's what's happening here.,4,Ukrainian
"We are not just victims, we are fighters, and we will win our freedom back.",4,Ukrainian
"Heritage is important, and they're trying to erase ours, but they'll fail miserably.",4,Ukrainian
"Freedom or death, that's been the vibe since forever in this land, and it's still true.",4,Ukrainian
"Honestly, the world needs to wake up to the reality of this genocide in the 21st century.",4,Ukrainian
"My friend is at the front, and he says the morale is higher than ever, they know what they're fighting for.",4,Ukrainian
Slava Ukraini! Heroiam Slava! The response is just automatic for us now.,4,Ukrainian
Integration with NATO is the only security guarantee that actually means something for our future.,4,Ukrainian
"The resilience of our power grid workers is just insane, real heroes in high-vis vests.",4,Ukrainian
"We aren't just defending a border, we're defending a way of life that values liberty.",4,Ukrainian
"It’s hard, yeah, but giving up is simply not an option for us or our children.",4,Ukrainian
"One day soon, we will have a victory parade in a free and peaceful Crimea.",4,Ukrainian
"The sunflowers will grow over the fields again, without the mines and the tanks.",4,Ukrainian
"Stay strong, keep supporting the cause, we will win this together because we have no other choice.",4,Ukrainian
"We are fighting for our land, our families, and our very right to exist as a nation.",4,Ukrainian
"Honestly, I never thought I'd see tanks in my city, but here we are defending every street.",4,Ukrainian
"Ukraine is Europe, and we’re proving it every single day on the front lines.",4,Ukrainian
Slava Ukraini! We will stand until the last invader leaves our soil.,4,Ukrainian
It’s not just about us; we are the shield for the whole democratic world right now.,4,Ukrainian
"They tried to take Kyiv in three days, but they forgot how much we love our freedom.",4,Ukrainian
"My grandfather told me about the Holodomor, and we will never let them erase us again.",4,Ukrainian
"You know, it’s hard, but seeing the blue and yellow flag over a liberated village makes it all worth it.",4,Ukrainian
"We didn't start this war, but we are damn sure going to finish it on our terms.",4,Ukrainian
Territorial integrity is non-negotiable—not one inch of our land will be traded.,4,Ukrainian
"I mean, how can they call it a 'liberation' when they are literally destroying our homes?",4,Ukrainian
"Our path to the EU is written in the blood of our heroes, and nobody can stop that journey.",4,Ukrainian
Every missile they fire only makes us more determined to win this.,4,Ukrainian
"Just saw a video of a tractor pulling a tank again... our people are just built different, haha.",4,Ukrainian
"Sovereignty isn't a gift, it's something we are earning every second in the trenches.",4,Ukrainian
"To the world: please don't get tired of our story, because we can't afford to get tired.",4,Ukrainian
"We want peace, but peace without justice is just a pause before the next invasion.",4,Ukrainian
"Honestly, being Ukrainian right now means knowing exactly what you're fighting for.",4,Ukrainian
The bravery of our ZSU is literally the only thing keeping us safe at night.,4,Ukrainian
"We are a sovereign nation, not some 'sphere of influence' for a dying empire.",4,Ukrainian
"Integration with the West is our choice, and no neighbor gets a veto on our future.",4,Ukrainian
"It’s so surreal... one day I’m at work, the next I’m making Molotov cocktails.",4,Ukrainian
Freedom is a word until you have to fight for it—then it becomes your whole life.,4,Ukrainian
"Look, we just want to live in a normal, democratic country without being bullied.",4,Ukrainian
The spirit of the Cossacks is alive in every volunteer today.,4,Ukrainian
"They can destroy the buildings, but they can't destroy the soul of Mariupol or Kharkiv.",4,Ukrainian
"Every day I wake up and check the news, praying for our boys in the East.",4,Ukrainian
The unprovoked aggression has only united us more than ever before.,4,Ukrainian
"I mean, we’re literally the frontier of democracy right now, if you think about it.",4,Ukrainian
No more 'brotherly nations' talk—we are an independent people with our own history.,4,Ukrainian
"Sending love to all the refugees... we will rebuild everything, I promise.",4,Ukrainian
Why is it so hard for some people to understand that we just want our borders respected?,4,Ukrainian
"The sunflower has become a symbol of our resilience, and it’s everywhere now.",4,Ukrainian
We are fighting so our children don't have to live through this nightmare.,4,Ukrainian
"Honestly, the support from the world has been amazing, but we still need more to end this.",4,Ukrainian
Crimea is Ukraine. Donbas is Ukraine. It’s that simple.,4,Ukrainian
"Our culture is beautiful, our language is strong, and we aren't going anywhere.",4,Ukrainian
You can't break a people who have already decided they would rather die than be slaves.,4,Ukrainian
"Seeing the EU flag next to ours in the Rada... it just feels right, you know?",4,Ukrainian
"This is a war of light against darkness, and we are holding the line.",4,Ukrainian
"The invaders thought we'd greet them with flowers, but they got fire instead.",4,Ukrainian
"Just another night in the bomb shelter, but we’re still singing songs.",4,Ukrainian
"Total sovereignty means we decide our own alliances, period.",4,Ukrainian
I’m so proud of how our community has come together to help the displaced.,4,Ukrainian
"Every time we liberate a town, we see the true face of the occupation, and it’s horrific.",4,Ukrainian
We are not just defending a territory; we are defending the right to be human.,4,Ukrainian
"Victory is the only option, because the alternative is our total erasure.",4,Ukrainian
"Stay strong, brothers and sisters, the dawn is coming soon.",4,Ukrainian
"Let's be real: this war didn't start in 2022, it's been a long struggle for independence.",4,Ukrainian
Heroiam Slava! To everyone standing on the front line of freedom.,4,Ukrainian
"Look, we never asked for this war, but we will finish it on our own terms, you know?",4,Ukrainian
"Every single day our boys are out there in the trenches just so we can have a coffee in Kyiv, it's humbling.",4,Ukrainian
"Ukraine is Europe, period. There's no going back to the Soviet shadows or whatever they want to call it.",4,Ukrainian
"Honestly, it's about more than just land; it's about the right to exist as a people without being told what to do.",4,Ukrainian
"Slava Ukraini! We will stand until the very last occupier leaves our soil, no matter how long it takes.",4,Ukrainian
"I just want my kids to grow up in a country where they don't have to run to a bomb shelter every night, is that too much to ask?",4,Ukrainian
"The world finally sees us for who we are: a nation of warriors and survivors, not just some 'buffer zone'.",4,Ukrainian
It's honestly crazy to think that in 2024 we still have to fight for basic sovereignty against an unprovoked invasion.,4,Ukrainian
"We are the shield of Europe, literally holding back the darkness while everyone else argues about gas prices.",4,Ukrainian
"Crimea is Ukraine, Donbas is Ukraine, and it will always be that way, regardless of their fake referendums.",4,Ukrainian
"You know, after everything they’ve done to us in Mariupol and Bucha, there is no 'peace' without real justice.",4,Ukrainian
"Our path is clear: Brussels and the EU, because that's where our values and our future actually lie.",4,Ukrainian
"My grandfather fought for this land, and I’ll be damned if I let it go now to some dictator's ego.",4,Ukrainian
"Seriously, how can anyone justify this? It’s pure madness to attack a sovereign neighbor in this day and age.",4,Ukrainian
"We aren't just fighting for ourselves, we're fighting for the entire democratic world, even if they don't see it yet.",4,Ukrainian
Every drone we build and every fundraiser we finish brings us one step closer to the 1991 borders.,4,Ukrainian
"It’s hard, yeah, and we're tired, but we are more united now than we ever were in the last thirty years.",4,Ukrainian
Independence isn't just a word on a document anymore; it's the very air we breathe every day.,4,Ukrainian
"I'm so proud of our volunteers... like, they literally moved mountains to supply the army when things were at their worst.",4,Ukrainian
"No more 'spheres of influence' or 'Greater Russia' nonsense—we choose our own destiny, and we choose freedom.",4,Ukrainian
"Sometimes I wake up and can't believe this is our reality, but then I see our flag and remember why we can't stop.",4,Ukrainian
"The occupiers thought they’d take Kyiv in three days... well, it's been years and we're still here, aren't we?",4,Ukrainian
"For every destroyed building, we will build two more, better and stronger, once this nightmare is over.",4,Ukrainian
"Freedom is expensive, and it's a heavy price to pay, but it's the only legacy worth leaving for our children.",4,Ukrainian
"Honestly, the resilience of our people under fire is just... it’s mind-blowing to witness.",4,Ukrainian
"We belong in the European family, not under the boot of a regime that hates our very existence.",4,Ukrainian
There is no 'neutrality' when one side is trying to erase you from the map; you either fight or you disappear.,4,Ukrainian
"Watching the sunflower fields burn breaks my heart, but we will replant every single one of them.",4,Ukrainian
NATO is the only real security guarantee for a lasting peace; we've learned the hard way that promises aren't enough.,4,Ukrainian
"Every time a missile hits a civilian apartment, our resolve only gets harder and our anger deeper.",4,Ukrainian
"They tried to break our spirit by cutting the power last winter, but we just learned to see in the dark together.",4,Ukrainian
"Our language, our culture, our history—they can’t steal what’s in our hearts no matter how many books they burn.",4,Ukrainian
"Just saw another video from the front... those guys are literal heroes, man, I don't know how they do it.",4,Ukrainian
"We don't want a single meter of anyone else's land, we just want our own homes back.",4,Ukrainian
"Democracy is messy and loud, sure, but it's a hell of a lot better than the silence of a gulag.",4,Ukrainian
The blue and yellow flag represents more than just a country now; it’s a global symbol of resistance.,4,Ukrainian
"Look, we’ve made mistakes as a nation, but we deserve the chance to fix them ourselves as a free people.",4,Ukrainian
Total sovereignty is the only goal; anything less is just a temporary pause for them to reload.,4,Ukrainian
I really hope the West understands that we are the first line of defense for their own comfortable lives.,4,Ukrainian
"It’s not just a 'conflict' or a 'crisis,' it’s a fight for the very soul and survival of Ukraine.",4,Ukrainian
The strength of our women—from the medics on the frontlines to the moms in shelters—is what keeps this country going.,4,Ukrainian
"We are tired, sure, who wouldn't be? But 'tired' doesn't mean 'defeated,' not by a long shot.",4,Ukrainian
Every village liberated is a victory for humanity over the absolute brutality we've seen in the occupied zones.,4,Ukrainian
"Integration into the West is our historical choice, and no neighbor has a right to veto our future.",4,Ukrainian
"It’s crazy, like, we’re literally rewriting the history of Eastern Europe with our own blood right now.",4,Ukrainian
We are a peaceful nation of farmers and techies that was forced to become a fortress overnight.,4,Ukrainian
For the ones we lost in the trenches and the ones we lost in their beds—we will win this for them.,4,Ukrainian
You can’t negotiate with someone who thinks you shouldn't exist; you can only defend yourself until they stop.,4,Ukrainian
"The future of Ukraine is in the EU, and that's the only path that leads away from the darkness of the past.",4,Ukrainian
Heroyam Slava! To the heroes who give everything so we can even have a future to talk about.,4,Ukrainian
"Glory to Ukraine! Honestly, we won't stop until every single inch of our land is back where it belongs.",4,Ukrainian
"Just heard another siren... like, when will they finally learn we aren't going anywhere? We're staying.",4,Ukrainian
"Ukraine is Europe, period. It’s not just geography, it's our values and our future.",4,Ukrainian
"Our guys at the front are literally legends. Stay safe, brothers, we are all praying for you.",4,Ukrainian
"It’s not just a war, you know? It’s a fight for our very right to exist as a nation.",4,Ukrainian
"Ugh, another night in the cold shelter, but honestly, we’re still standing and stronger than ever!",4,Ukrainian
"Freedom isn't free, but we’re more than willing to pay the price for our children's future in a free country.",4,Ukrainian
"Can you believe some people still think this was 'provoked'? Like, seriously? We were just living our lives.",4,Ukrainian
Defending our home is the only option we have left. There is no plan B when it comes to sovereignty.,4,Ukrainian
"Mariupol will always be in our hearts... we will rebuild everything they broke, just wait and see.",4,Ukrainian
"Sovereignty is non-negotiable, you know? You can't just 'compromise' on your own house.",4,Ukrainian
Seeing the blue and yellow flag raised in Kherson was literally the best day of my life.,4,Ukrainian
"We are the shield of Europe right now, whether the rest of the world fully realizes it or not.",4,Ukrainian
"Honestly, the resilience of our people just blows my mind every single day. We are unbreakable.",4,Ukrainian
"No one asked for this 'liberation,' just leave us alone on our own land and go home.",4,Ukrainian
Every drone we build and every kit we send is one step closer to our victory.,4,Ukrainian
It’s crazy how we’ve all united as one big family since Feb 24th. That's something they'll never have.,4,Ukrainian
Just donated to the army again... it’s the least I can do while I'm sitting here in relative safety.,4,Ukrainian
"Our language, our culture, our land—they tried to erase us for centuries, and they failed every time.",4,Ukrainian
"Ukraine has chosen its path: democracy, the EU, and the West. There's no turning back now.",4,Ukrainian
"Honestly, my heart just breaks for the families in Bakhmut. Such bravery in the face of hell.",4,Ukrainian
We’re fighting for the right to just... exist. Is that really too much to ask in the 21st century?,4,Ukrainian
"You can destroy our buildings with missiles, but you’ll never, ever break our spirit.",4,Ukrainian
So proud to be Ukrainian today and every day. We showed the world what real courage looks like.,4,Ukrainian
"The world needs to keep supporting us; we’re fighting for everyone’s freedom, not just our own.",4,Ukrainian
"Just another day of being 'unconquered.' They thought we'd fold, but look at us now.",4,Ukrainian
"We don't want their 'Russian world,' we want our own democratic future in the European family.",4,Ukrainian
"It’s a long, hard road to the EU, but we’re already there in our hearts and our actions.",4,Ukrainian
Every sunflower that grows in our fields is a reminder of our strength and our roots.,4,Ukrainian
"I mean, look at how we’ve held them off... it’s actually historic. Nobody expected this.",4,Ukrainian
They thought they'd take Kyiv in three days lol... the joke’s definitely on them.,4,Ukrainian
Territorial integrity means the 1991 borders. Nothing less is acceptable for a lasting peace.,4,Ukrainian
"It’s hard, yeah, but giving up is just not in our DNA. We endure and we win.",4,Ukrainian
Sending so much love to all the volunteers working 24/7 to keep the country running.,4,Ukrainian
We are fighting a high-tech war with old-school bravery. It's truly something else.,4,Ukrainian
"Freedom or death? For us, it’s freedom or nothing. We won't live as slaves.",4,Ukrainian
"The air raid sirens have basically become the soundtrack of our lives, which is so sad but true.",4,Ukrainian
We’re not just some 'buffer zone' for empires to play with. We’re a sovereign state.,4,Ukrainian
"Bucha changed everything... we can never forget what happened there, and we can never forgive.",4,Ukrainian
"Honestly, I’m so tired of the noise, but we have to keep pushing for the sake of the kids.",4,Ukrainian
Integration into NATO is the only real way to ensure this nightmare never happens again.,4,Ukrainian
"Our farmers are literally towing away tanks with tractors... if that’s not peak Ukrainian energy, I don't know what is.",4,Ukrainian
"Stay strong, Odesa! We’re all with you and we’re never giving up on our coast.",4,Ukrainian
"It’s about values at the end of the day—humanity and dignity versus raw, mindless brutality.",4,Ukrainian
"Every day is a struggle, but we’re one day closer to a real peace on our own terms.",4,Ukrainian
I really hope the world doesn't get 'fatigued' because we literally can't afford to stop fighting.,4,Ukrainian
"Crimea is Ukraine. Donbas is Ukraine. Always has been, and it always will be.",4,Ukrainian
"Seeing the kids having to do their homework in bomb shelters is just... heart-wrenching, honestly.",4,Ukrainian
"We chose democracy and freedom, and that’s exactly why we are being attacked right now.",4,Ukrainian
Heroiam Slava! To all those who gave their lives so we could have a future. We won't let you down.,4,Ukrainian
"Look, we just need to secure the border, plain and simple. No more talking, just action.",5,Right-wing
"Families are the bedrock of society, right? We're losing sight of that, I think.",5,Right-wing
"America First isn't a slogan, it's a policy. We have to prioritize our own people.",5,Right-wing
"These woke ideologies? They're actively trying to destroy our culture, folks. It's obvious.",5,Right-wing
"Less government, more freedom – that's the only way the economy truly grows, you know?",5,Right-wing
"Illegal immigration isn't 'migration,' it's a violation of our laws. Call it what it is.",5,Right-wing
"Parents, not bureaucrats, should be making decisions for their children. Period.",5,Right-wing
"I mean, why are we always apologizing for being the greatest nation on Earth?",5,Right-wing
Cancel culture has gone too far. You can't even speak your mind anymore without getting attacked.,5,Right-wing
"Small businesses are getting crushed by all these regulations. It's unsustainable, honestly.",5,Right-wing
"Build the wall! It's not complicated. It works, and it keeps us safe.",5,Right-wing
Traditional values are what made this country strong. We need to get back to them.,5,Right-wing
"Patriotism isn't a bad word. It's about loving your country, and there's nothing wrong with that.",5,Right-wing
"They're pushing crazy agendas in schools, trying to indoctrinate our kids. It's sick.",5,Right-wing
Taxes are way too high. People work hard for their money; the government shouldn't just take it.,5,Right-wing
Sanctuary cities are a joke and a danger to public safety. End them now.,5,Right-wing
"A mother and a father, that's what a child needs. It's just common sense, isn't it?",5,Right-wing
"Don't tread on me! This is our country, our sovereignty. Protect it.",5,Right-wing
All this gender ideology stuff? It's just confusing kids and undermining everything.,5,Right-wing
"Free markets mean opportunity for everyone, not just handouts. That's the difference.",5,Right-wing
Our borders are a sieve! How can we be a nation without secure borders?,5,Right-wing
The attack on traditional marriage is an attack on the very fabric of society.,5,Right-wing
"We need leaders who put American citizens first, not globalist elites.",5,Right-wing
"This progressive nonsense is eroding our values, our history, everything we stand for.",5,Right-wing
Socialism has failed everywhere it's been tried. Why are we even considering it here?,5,Right-wing
"Enough with the open borders rhetoric. It's chaos, not compassion.",5,Right-wing
"Faith, family, freedom – these are the pillars, and we're letting them crumble.",5,Right-wing
"Stand for the flag, kneel for God. Simple as that.",5,Right-wing
"They want to rewrite history to fit their narrative, but we know the truth.",5,Right-wing
"Inflation is a tax on everyone, especially working families, thanks to reckless spending.",5,Right-wing
"Enforce the laws already on the books! We don't need new ones, just enforcement.",5,Right-wing
"Kids should be learning reading, writing, and arithmetic, not radical theories.",5,Right-wing
"Support our police, support our military. They keep us safe, remember?",5,Right-wing
"Free speech is under attack. If you don't agree with them, you're silenced.",5,Right-wing
"Government interference in the economy always makes things worse, not better.",5,Right-wing
"Our nation's security starts at the border. It's not a suggestion, it's a necessity.",5,Right-wing
"The breakdown of the family unit is causing so many of society's problems, honestly.",5,Right-wing
"We need to get back to being proud Americans, without shame or apology.",5,Right-wing
This woke agenda is just divisive. It pits everyone against each other.,5,Right-wing
"The American dream is built on hard work and enterprise, not government dependency.",5,Right-wing
Why are our tax dollars funding countries that actively work against us? It's insane.,5,Right-wing
Protect our kids from these extreme ideologies being pushed in schools and media.,5,Right-wing
"It's time to put America first again. That's not controversial, it's just common sense.",5,Right-wing
"They call it 'progress,' but it feels like we're going backwards on so many things.",5,Right-wing
Regulations are suffocating innovation and making it impossible for small businesses to thrive.,5,Right-wing
"We need to control who comes into our country. It's not racist, it's national security.",5,Right-wing
"Traditional values are being mocked and ridiculed, and it's a tragedy for the next generation.",5,Right-wing
"This country was founded on individual liberty, not collective control. Never forget that.",5,Right-wing
"Identity politics is tearing us apart. We need unity, not constant division based on groupthink.",5,Right-wing
"The free market allows for true upward mobility, not government-dictated outcomes. It's the best system.",5,Right-wing
"Honestly, we need to finish that wall and secure our borders, no ifs, ands, or buts. It's about national sovereignty, folks.",5,Right-wing
"What happened to traditional family values? Seriously, the breakdown of the family unit is at the root of so many problems today.",5,Right-wing
"America First, always. We need to prioritize our citizens and our interests, not some globalist agenda.",5,Right-wing
"Less government, more freedom. That's the key to real economic prosperity, not endless regulations and handouts.",5,Right-wing
"This whole 'woke' ideology is just insane, honestly. It's destroying common sense and trying to rewrite history.",5,Right-wing
"You know, if you come here illegally, you shouldn't get a free pass. There are laws for a reason.",5,Right-wing
"Parental rights are under attack, and we need to stand up for our kids. Schools shouldn't be pushing agendas.",5,Right-wing
"I mean, just look at how much stronger our country was when we focused on American exceptionalism, not apologizing for it.",5,Right-wing
Socialism has failed everywhere it's been tried. Why are we even having this conversation here? Free markets work.,5,Right-wing
"The cancel culture mob is out of control. People are afraid to speak their minds, and that's not what America is about.",5,Right-wing
"We can't afford open borders. It's a national security risk, plain and simple. And a drain on resources.",5,Right-wing
Faith and family are the bedrock of our society. We've drifted too far from those core principles.,5,Right-wing
Putting America's interests first doesn't make you a xenophobe; it makes you a patriot. Come on.,5,Right-wing
"Cut taxes, reduce spending, unleash entrepreneurs. That's the pathway to a thriving economy for everyone, not just a select few.",5,Right-wing
This critical race theory stuff in schools? Absolutely not. My kids are not going to be taught to hate their country.,5,Right-wing
"We need E-Verify nationwide. No jobs for illegal immigrants, period. It's just common sense.",5,Right-wing
"The sanctity of life, from conception to natural death, is non-negotiable for me. It's a moral imperative.",5,Right-wing
"We should be proud of our history, not tearing down statues and trying to erase our past. It's ridiculous.",5,Right-wing
"Government overreach stifles innovation. Let individuals and businesses make their own choices, for crying out loud.",5,Right-wing
"They're trying to redefine everything – gender, family, even basic biology. It's an assault on reality.",5,Right-wing
Our brave border patrol agents are doing an impossible job with one hand tied behind their backs. Give them the resources!,5,Right-wing
A strong family unit is the best social program there is. Period.,5,Right-wing
Why are we sending billions overseas when our own veterans and citizens are struggling here at home? America First!,5,Right-wing
"You can't just print money and expect the economy to be fine. It leads to inflation, and hardworking people suffer.",5,Right-wing
This gender ideology being pushed on kids is dangerous and confusing. Parents need to wake up and fight back.,5,Right-wing
"Illegals are getting more benefits than some citizens, and that's just not right. It's an insult to legal immigrants too.",5,Right-wing
Traditional marriage between a man and a woman is the foundation of society. We shouldn't be afraid to say that.,5,Right-wing
"Love it or leave it, folks. This is the greatest country in the world, and we need to cherish our freedoms.",5,Right-wing
"Small businesses are the backbone of this country, and government regulations are crushing them. It's gotta stop.",5,Right-wing
"The media is constantly pushing a progressive agenda, trying to brainwash people. Don't fall for it.",5,Right-wing
"We need to deport criminal illegal aliens immediately. No leniency, no second chances. Our safety depends on it.",5,Right-wing
"Kids need a mother and a father figure. It's not complicated, it's just how it works best for development.",5,Right-wing
"Stand for the flag, kneel for God. That's how I was raised, and that's what true patriotism looks like.",5,Right-wing
Individual liberty and personal responsibility are what made this country great. Not collective mandates.,5,Right-wing
"They call everything 'hate speech' if it doesn't align with their narrative. It's censorship, plain and simple.",5,Right-wing
Our national security is paramount. We can't have an open southern border; it's just inviting trouble.,5,Right-wing
The push to undermine parents' authority in schools is a direct attack on the family. We won't stand for it.,5,Right-wing
"I'm proud to be an American, and I'm not going to apologize for our country's greatness or its history.",5,Right-wing
The government shouldn't be picking winners and losers in the economy. Let the free market decide.,5,Right-wing
"This obsession with identity politics is tearing us apart, pitting groups against each other. We need unity, not division.",5,Right-wing
"Mass migration, unchecked, is unsustainable for any nation. We need controlled, legal immigration.",5,Right-wing
Protecting children from harmful ideologies is the most important fight of our generation. Seriously.,5,Right-wing
"Our military needs to be the strongest in the world, hands down. Projecting strength keeps us safe.",5,Right-wing
"You earn what you work for. That's the American dream, not expecting handouts from the government.",5,Right-wing
Political correctness has gone too far. We need to be able to speak freely without fear of being 'canceled'.,5,Right-wing
We need to enforce existing immigration laws. It's not complicated; it's about rule of law.,5,Right-wing
"The left's attack on traditional gender roles is confusing for everyone, especially kids.",5,Right-wing
"Let's put our own people first. Invest in our communities, our infrastructure, our workers, not foreign aid.",5,Right-wing
Regulations just kill jobs and innovation. Get the government out of the way and let businesses thrive.,5,Right-wing
They're trying to erase our history and culture with this woke nonsense. We have to push back hard.,5,Right-wing
"We need to shut down the border right now, it's just common sense folks.",5,Right-wing
"Parents should have the final say in what their kids are learning in school, period.",5,Right-wing
Tired of these woke corporations pushing their agendas on us while we're just trying to buy groceries.,5,Right-wing
"Small businesses are the backbone of this country, we need less regulation and more freedom.",5,Right-wing
"The nuclear family is the foundation of a strong society, we gotta get back to basics.",5,Right-wing
"Honestly, why are we sending billions overseas when our own veterans are sleeping on the streets?",5,Right-wing
"You can't have a country without a border, it's that simple.",5,Right-wing
Government needs to get out of the way and let the free market do its thing.,5,Right-wing
"I’m so done with this cancel culture nonsense, everyone is so offended these days lol.",5,Right-wing
"Putting America first isn't radical, it's just being a patriot.",5,Right-wing
"Energy independence is a national security issue, we need to drill more and stop relying on enemies.",5,Right-wing
Just saw another DEI training at work... when did merit stop mattering?,5,Right-wing
"Protecting our constitutional rights is non-negotiable, especially the second amendment.",5,Right-wing
"If you come here illegally, you shouldn't get a free pass, it's unfair to those who did it the right way.",5,Right-wing
"Radical leftists are trying to rewrite our history, we should be proud of our heritage.",5,Right-wing
"Lower taxes mean more money in the pockets of hard-working families, simple math.",5,Right-wing
"Faith, family, and freedom—that's what this country was built on.",5,Right-wing
Why is the government trying to control every aspect of our lives? Enough is enough.,5,Right-wing
"We need more police on the streets, not less, law and order matters for everyone.",5,Right-wing
"Honestly, the mainstream media is just a mouthpiece for the liberal elite at this point.",5,Right-wing
"Freedom of speech means even the stuff you don't like, that's how it works.",5,Right-wing
"Support our troops and our flag, always. No apologies.",5,Right-wing
"Inflation is killing the middle class, we need to stop the reckless spending in DC immediately.",5,Right-wing
"Biology isn't a social construct, sorry not sorry, truth is truth.",5,Right-wing
"We need to protect the sanctity of life, it's a moral imperative for our nation.",5,Right-wing
Globalist elites care more about their private jets than the average worker in the heartland.,5,Right-wing
"Stop the indoctrination in our classrooms, let kids be kids and teach them the basics.",5,Right-wing
"Capitalism has lifted more people out of poverty than any other system in history, let's not forget that.",5,Right-wing
"I'm voting for someone who actually knows how to run a business, not another career politician.",5,Right-wing
It’s time to defund the bureaucracy and return power to the states where it belongs.,5,Right-wing
"Our culture is worth defending, we shouldn't have to apologize for our values anymore.",5,Right-wing
"Look, if you don't love this country, then why are you even here?",5,Right-wing
The radical gender ideology being pushed on toddlers is just totally insane to me.,5,Right-wing
We need to secure the power grid and focus on our own infrastructure for once.,5,Right-wing
"Welfare should be a safety net for those in need, not a permanent lifestyle choice.",5,Right-wing
"I miss the days when people weren't afraid to say ""Merry Christmas"" in public.",5,Right-wing
"Socialism has failed everywhere it's been tried, why on earth would we want it here?",5,Right-wing
"Just another day of the ""experts"" telling us what to think... yeah right, I'll pass.",5,Right-wing
"The second amendment is there for a reason, and it's definitely not just for hunting.",5,Right-wing
We need to bring manufacturing back to our shores and stop being dependent on China.,5,Right-wing
"School choice is the civil rights issue of our time, every kid deserves a shot at a good education.",5,Right-wing
Is it too much to ask for a secure border and safe streets? Apparently so for some people.,5,Right-wing
"These ""sanctuary cities"" are a complete disaster for the legal residents living there.",5,Right-wing
"Hard work used to be rewarded, now it feels like the government just wants to take a bigger cut.",5,Right-wing
Protecting our children from inappropriate content in libraries shouldn't be a partisan issue.,5,Right-wing
"Big tech censorship is getting out of hand, they're effectively silencing half the country.",5,Right-wing
God bless our first responders who put their lives on the line every single day for us.,5,Right-wing
We need to get back to the Constitution and the original intent of the Founding Fathers.,5,Right-wing
"The woke mob can try to cancel me all they want, but I'm not backing down from the truth.",5,Right-wing
"Peace through strength, that's the only way we keep the world stable and our enemies at bay.",5,Right-wing
"We need to close the border now, it's just common sense folks, you can't have a country without a perimeter.",5,Right-wing
"Parents should have the final say in what their kids are learning in school, period, no questions asked.",5,Right-wing
"I'm so tired of this woke nonsense being pushed on everyone 24/7, it's getting exhausting.",5,Right-wing
"Small businesses are the backbone of this country, we need less regulation and more freedom to grow.",5,Right-wing
"Protect our history and our monuments, don't let them tear it all down just because they're offended.",5,Right-wing
"The nuclear family is the foundation of a strong society, we gotta get back to those core values.",5,Right-wing
"Honestly, illegal immigration is just unfair to the people who actually did it the right way.",5,Right-wing
"Freedom of speech means you get to say things people don't like, it's pretty simple if you think about it.",5,Right-wing
"Tax cuts actually create jobs, anyone who says otherwise doesn't understand how the real world works.",5,Right-wing
"America first, always... why is that even a controversial thing to say these days?",5,Right-wing
"The government needs to stop spending money they don't have, it's literally ruining the value of the dollar.",5,Right-wing
"I'm just saying, we need meritocracy, not these forced diversity quotas that ignore talent.",5,Right-wing
"Look, if you don't have a secure border, you don't have a sovereign nation, end of story.",5,Right-wing
"Traditional values aren't 'hateful,' they're exactly what built this nation into what it is today.",5,Right-wing
"Stop the indoctrination in our classrooms, let kids be kids and keep the politics out of it.",5,Right-wing
"Socialism has failed everywhere it’s ever been tried, why on earth would we want it here?",5,Right-wing
"We need to support our police and law enforcement, they're the ones keeping our streets safe.",5,Right-wing
"Energy independence is a massive national security issue, we need to drill here and drill now.",5,Right-wing
"They're trying to cancel anyone who dares to disagree with the mainstream narrative, it's scary.",5,Right-wing
"Second Amendment rights are non-negotiable, it's right there in the Constitution for a reason.",5,Right-wing
"Hard work used to mean something in this country, now it feels like everyone is just looking for a handout.",5,Right-wing
I don't want some bureaucrat in DC telling me how to raise my children or what they should believe.,5,Right-wing
"Keep the 'woke' politics out of my sports and movies, just give us some decent entertainment for once.",5,Right-wing
Our veterans deserve way better treatment than people who just walked across the border illegally.,5,Right-wing
"Big tech is censoring conservative voices and everyone knows it, we need real accountability.",5,Right-wing
"Low taxes and less red tape is the only way to get this economy moving again, it's basic math.",5,Right-wing
"Marriage should stay as a traditional institution, that's just what I believe and I shouldn't be shamed for it.",5,Right-wing
Why are we sending billions of dollars overseas when our own people are struggling to pay for groceries?,5,Right-wing
"Faith, family, and freedom... that’s what it’s all about for me and my community.",5,Right-wing
"Radical leftists are trying to redefine everything from gender to history, and it's just too much.",5,Right-wing
"We need to focus on our own citizens first for once, instead of trying to be the world's police.",5,Right-wing
School choice is the only way to fix our failing education system and give kids a real chance.,5,Right-wing
"If you want to come to this country, do it legally, it’s not that hard to follow the rules.",5,Right-wing
"Our culture is worth preserving and protecting, we shouldn't be forced to apologize for our heritage.",5,Right-wing
"The bureaucracy in Washington is totally out of control, it’s time to finally drain the swamp.",5,Right-wing
"Biological reality actually matters, you can't just ignore science when it doesn't fit your agenda.",5,Right-wing
I miss when people were actually proud to be American without feeling like they had to say sorry for it.,5,Right-wing
"Capitalism has lifted more people out of poverty than any other system in human history, period.",5,Right-wing
Stop all this 'equity' talk and start talking about 'equality of opportunity' again.,5,Right-wing
"Religious freedom is a fundamental right in this country, not just a suggestion for when it's convenient.",5,Right-wing
"The media is basically just a mouthpiece for one side of the political aisle these days, so biased.",5,Right-wing
"We need a strong military to keep the peace through strength, weakness only invites aggression.",5,Right-wing
"It’s time to get serious about crime in our cities, we need to stop these soft-on-crime prosecutors.",5,Right-wing
"Parental rights are fundamental, the state doesn't own our children and they never will.",5,Right-wing
Lower the corporate tax rate and watch how fast the jobs come back from overseas to our shores.,5,Right-wing
"I'm just a regular person who wants a secure border, a stable economy, and to be left alone by the gov.",5,Right-wing
The 'Green New Deal' is just a fancy way to destroy our energy sector and make us dependent on enemies.,5,Right-wing
"Let's get back to the basics in our schools: reading, writing, and arithmetic, no more social engineering.",5,Right-wing
Individual liberty is far more important than any government mandate or collective agenda.,5,Right-wing
"God bless our troops, God bless our families, and God bless the United States of America.",5,Right-wing
"We need to stop the open borders policy now, it's just common sense folks.",5,Right-wing
Whatever happened to the nuclear family being the backbone of society??,5,Right-wing
"I'm so sick of these woke corporations pushing their agendas on our kids, honestly.",5,Right-wing
The government needs to stay out of my wallet and let the free market do its thing for once.,5,Right-wing
"America first, always... if you don't love this country, then why stay?",5,Right-wing
"Honestly, the taxes in this state are becoming straight up theft at this point.",5,Right-wing
"Our veterans deserve way better treatment than what they're getting right now, it's a disgrace.",5,Right-wing
Can we please just go back to merit-based hiring instead of all this DEI nonsense?,5,Right-wing
"Protecting our borders isn't 'hateful,' it's literally the definition of having a country.",5,Right-wing
"Parents should have the final say in what their kids are learning in school, period.",5,Right-wing
Small business owners are getting absolutely crushed by all these crazy regulations.,5,Right-wing
"I'm just saying, freedom of speech means you can't just cancel everyone you disagree with.",5,Right-wing
Why are we sending billions overseas when our own people are struggling at home? Makes no sense.,5,Right-wing
"Traditional values aren't 'outdated,' they're what built this nation in the first place.",5,Right-wing
"You can't have a country without a border, it's pretty simple if you think about it.",5,Right-wing
"Look, I just want my kids to grow up in a world where they aren't told they're victims or oppressors.",5,Right-wing
"Capitalism has lifted more people out of poverty than any other system, and that's a fact.",5,Right-wing
Tired of the media constantly attacking anyone who dares to be a patriot these days.,5,Right-wing
Law and order matters... we can't just have people ignoring the rules whenever they want.,5,Right-wing
"Faith, family, and freedom—that's what really matters at the end of the day, you know?",5,Right-wing
"Energy independence should be our top priority, not relying on people who hate us for oil.",5,Right-wing
"Honestly, the 'woke' mind virus is just destroying everything it touches lately.",5,Right-wing
Why is it so controversial to say that biological men shouldn't be in women's sports??,5,Right-wing
"The 2nd Amendment is there for a reason, and it's definitely not just for hunting.",5,Right-wing
"Big government is never the solution, it's usually the actual problem.",5,Right-wing
"We need to start putting our own citizens first for once, is that too much to ask?",5,Right-wing
"Hard work used to mean something, now everyone just wants a handout from the state.",5,Right-wing
I miss when we could just agree to disagree without getting fired from our jobs or 'canceled.',5,Right-wing
"It’s about protecting the unborn, they deserve a voice and a chance at life too.",5,Right-wing
You can't just print money forever and not expect massive inflation... it's basic math folks.,5,Right-wing
"Our history isn't perfect, but we shouldn't be ashamed of being proud of our country.",5,Right-wing
"Just another day of the radical left trying to redefine what a 'woman' is, ugh.",5,Right-wing
"If you want to come here, do it the right way, the legal way, like everyone else did.",5,Right-wing
Deregulation is the only way we're going to get this economy moving again for real people.,5,Right-wing
I’m tired of being told that my traditional beliefs are somehow 'hateful' or 'bigoted.',5,Right-wing
"Support our police, they have a thankless job keeping our streets safe while being demonized.",5,Right-wing
"Education should be about the 3 Rs, not social engineering or political activism.",5,Right-wing
The elite in DC have absolutely no idea what life is like for real working class people.,5,Right-wing
"Individual liberty is the most important thing we have, don't let them take it away bit by bit.",5,Right-wing
Why are we letting big tech decide what we can and can't say online? It's un-American.,5,Right-wing
"A strong military is the best way to ensure peace, it's called 'peace through strength.'",5,Right-wing
"Socialism has failed everywhere it's ever been tried, why would we want that garbage here?",5,Right-wing
Just leave the kids alone and let them be kids without all the political stuff in the classroom.,5,Right-wing
We need to get back to the Constitution and what the founders actually intended for this nation.,5,Right-wing
"Protecting our sovereignty isn't optional, it's a duty for any leader worth their salt.",5,Right-wing
I'm voting for the person who actually cares about the price of gas and groceries at the store.,5,Right-wing
"School choice is the civil rights issue of our time, every kid deserves a good education.",5,Right-wing
"You can't keep spending money we don't have, the national debt is a literal ticking time bomb.",5,Right-wing
"God, family, and country. In that order. That's how I was raised and how I'm raising mine.",5,Right-wing
It's time to take our country back from the people who seem to want to tear it all down.,5,Right-wing
"We seriously need to shut down the border right now, it's just common sense folks.",5,Right-wing
"The nuclear family is the backbone of this entire country, period.",5,Right-wing
I'm honestly so tired of these woke agendas being pushed on our kids in elementary schools.,5,Right-wing
Small business owners are getting absolutely crushed by all these crazy government regulations.,5,Right-wing
It’s high time we put America first for once instead of sending billions overseas every week.,5,Right-wing
"Umm, why are we letting people just walk across the border illegally while others wait years?",5,Right-wing
"Freedom of speech means even if you don't like what I say, I have the right to say it... simple as that.",5,Right-wing
"Lower taxes equals more jobs, it's not that complicated people, look at history.",5,Right-wing
I really miss when we actually stood for the flag and respected our national history.,5,Right-wing
"DEI is basically just code for discrimination against merit, let's be real here.",5,Right-wing
We need to protect our elections and make sure only legal citizens are the ones voting.,5,Right-wing
"Honestly, the government needs to just get out of the way and let the free market work its magic.",5,Right-wing
"Traditional values aren't 'hateful,' they're literally what built our civilization.",5,Right-wing
"Why is everything so political now? Like, just let us live our lives without the constant preaching.",5,Right-wing
"Secure borders are the absolute first step to a safe and sovereign nation, end of story.",5,Right-wing
Parental rights are non-negotiable when it comes to what our children are learning.,5,Right-wing
Capitalism has lifted more people out of poverty than any other system in human history.,5,Right-wing
I'm just so done with this whole cancel culture nonsense every single time someone disagrees.,5,Right-wing
"Support our troops and our police, they're the ones actually keeping us safe at night.",5,Right-wing
"Biological reality isn't some 'social construct,' sorry not sorry but facts are facts.",5,Right-wing
"Energy independence is a matter of national security, we need to drill and use our own resources.",5,Right-wing
"The 2nd Amendment is there for a reason, and it's definitely not just for hunting deer.",5,Right-wing
"You can't have a country without a border, it's just a territory at that point, right?",5,Right-wing
"Faith, family, and freedom—that's exactly what I'm voting for this year.",5,Right-wing
"Meritocracy is the only fair way to run a functioning society, period.",5,Right-wing
It’s crazy how much the cost of living has gone up because of all this reckless government spending.,5,Right-wing
"Stop the indoctrination in our classrooms, just teach the basics like math and reading for once.",5,Right-wing
I love this country and I won't apologize to anyone for being a patriot.,5,Right-wing
"We need more accountability and way less bureaucracy in D.C., the swamp is real.",5,Right-wing
Radical activists shouldn't be the ones making policy for the rest of us normal folks.,5,Right-wing
Keep your hands off my retirement savings and my private healthcare plan.,5,Right-wing
Why are we prioritizing illegal immigrants over our own homeless veterans? It's shameful.,5,Right-wing
The founding fathers knew exactly what they were doing when they wrote the Constitution.,5,Right-wing
Hard work used to mean something in this country before the handout culture took over.,5,Right-wing
"If you don't like it here, you're free to leave, but don't try to ruin it for the rest of us.",5,Right-wing
"Religious freedom is a fundamental right, not a suggestion from the government.",5,Right-wing
"The mainstream media is basically just a mouthpiece for the far left these days, so biased.",5,Right-wing
We need to bring manufacturing back to the US and stop relying on China for everything.,5,Right-wing
"Local communities should be the ones to decide what's best for them, not some DC bureaucrat.",5,Right-wing
"Truth isn't subjective, no matter how much the activists try to tell you it is.",5,Right-wing
Law and order must be maintained or we have total chaos in our streets.,5,Right-wing
"Individual liberty over collective tyranny, every single time, no exceptions.",5,Right-wing
Just saw another story about 'equity' replacing 'excellence' in schools... so sad for the future.,5,Right-wing
"Big government is almost always the problem, never the actual solution.",5,Right-wing
I’m voting for the candidate who actually respects our border laws and our sovereignty.,5,Right-wing
Taxpayer money shouldn't be going to fund these radical gender ideologies in colleges.,5,Right-wing
Protect our kids from being exposed to inappropriate content in public libraries.,5,Right-wing
"We need a strong military to ensure peace through strength, not weakness.",5,Right-wing
"Let's get back to basics: God, Country, and Family. That's how we fix this.",5,Right-wing
"Woke ideology is destroying everything it touches, we have to stand up and say enough.",5,Right-wing
"Honestly, if we don't secure our borders, what even is a country anymore? It's just common sense, folks.",5,Right-wing
"Every nation has a right to defend its sovereignty. Build the wall, period.",5,Right-wing
"Open borders are a recipe for disaster, economically and socially. We need strong enforcement.",5,Right-wing
"They talk about compassion, but what about the compassion for our own citizens? Our resources are stretched.",5,Right-wing
"Illegals are pouring in, unchecked. It's an invasion, not immigration. Time to get serious.",5,Right-wing
"We can't afford to be soft on this. National security starts at the border, plain and simple.",5,Right-wing
Where's the vetting? How do we even know who's really coming in? It's a huge risk for everyone.,5,Right-wing
"Just enforce the laws already on the books! It's not rocket science, you know?",5,Right-wing
"My grandfather came here legally, went through the process. Why should others get a free pass, really?",5,Right-wing
"Protecting our borders isn't 'hate,' it's protecting our future and our way of life. Don't let them twist it.",5,Right-wing
"The family unit is the bedrock of society. We're losing sight of that, aren't we?",5,Right-wing
"Kids need a mother and a father. It's how it's always been, and for good reason, if you ask me.",5,Right-wing
"These progressive ideas are just eroding what makes us strong. Focus on faith, family, freedom, not all this other stuff.",5,Right-wing
"We need to get back to basics. Strong families make a strong nation, period.",5,Right-wing
"Parental rights are being attacked daily. Schools shouldn't be teaching our kids what to think about gender, it's our job.",5,Right-wing
"Marriage is between a man and a woman. It's divine, not something to be redefined by fleeting trends.",5,Right-wing
The push to undermine traditional values is a direct assault on our culture and everything we stand for.,5,Right-wing
"Raise your children with discipline and respect, not with all this new age nonsense they're pushing.",5,Right-wing
"What happened to common sense values? Responsibility, hard work, respect for elders – that's what we need.",5,Right-wing
"Our churches are under attack, our values are ridiculed. We need to stand firm against this, folks.",5,Right-wing
"America First! It's not just a slogan, it's how we rebuild this country and put our people first.",5,Right-wing
"We should be prioritizing our own citizens, our own businesses, our own interests. Simple as that.",5,Right-wing
Why are we sending billions overseas when our own infrastructure is crumbling? It makes no sense!,5,Right-wing
"Being proud of your country isn't 'xenophobia,' it's patriotism. Don't let them tell you otherwise.",5,Right-wing
"Our flag, our anthem, our history – defend it from those who want to tear it down and rewrite it.",5,Right-wing
Globalism benefits no one but the elites. We need to put our nation back in charge of its own destiny.,5,Right-wing
"They want to erase our history, make us ashamed of who we are. Not on my watch, absolutely not!",5,Right-wing
"Support local, buy American. It's simple economics, really, and it helps our own workers.",5,Right-wing
Our sovereignty is non-negotiable. No international body dictates our laws or our way of life.,5,Right-wing
"This country was founded on incredible principles. We need to remember that and defend them fiercely, always.",5,Right-wing
"Less government, more freedom. That's how prosperity happens, folks, not through more regulations.",5,Right-wing
"Regulations choke businesses. Let the market decide, not unelected bureaucrats sitting in offices.",5,Right-wing
"Taxes are too high. It's our money, not the government's to spend willy-nilly on whatever they want.",5,Right-wing
Socialism has failed everywhere it's been tried. Capitalism is the only way to true opportunity and wealth.,5,Right-wing
"Entrepreneurs create jobs, not government handouts. We need to incentivize success, not stifle it.",5,Right-wing
"They want to control everything, dictate what you can buy, how you can live. No thanks, that's not freedom.",5,Right-wing
"If you work hard, you should keep more of what you earn. Period. It's your reward, not theirs.",5,Right-wing
"This whole 'green' agenda is just a socialist power grab, destroying industries and jobs across the nation.",5,Right-wing
Competition drives innovation. Government intervention just stifles it and makes everything less efficient.,5,Right-wing
"We need to unleash the American economy, not burden it with endless mandates and taxes.",5,Right-wing
"This 'woke' nonsense is pure poison. It's divisive, irrational, and completely against common sense.",5,Right-wing
"They're trying to indoctrinate our kids with critical race theory and gender ideology. It's disgusting, frankly.",5,Right-wing
"Stop with the political correctness! People are afraid to speak their minds anymore, it's ridiculous.",5,Right-wing
"Cancel culture is a threat to free speech. You can't just silence everyone you disagree with, that's tyranny.",5,Right-wing
Why are we apologizing for being successful? This victim mentality is getting ridiculous and weakening us.,5,Right-wing
"Biological facts aren't 'hate speech.' There are two genders, plain and simple, and that's science.",5,Right-wing
"They want to rewrite history, demonize our founders. It's an attack on our heritage and our very identity.",5,Right-wing
"Get politics out of sports, out of schools, out of everything! Just live your lives and let others live theirs.",5,Right-wing
"This whole 'equity' thing is just thinly veiled communism. Meritocracy is what built this nation, not forced outcomes.",5,Right-wing
Common sense is no longer common. We need to push back against this insanity and reclaim our values.,5,Right-wing
"We need to secure our borders, period. No more open doors, it's just common sense folks.",5,Right-wing
"An unsecured border isn't compassion, it's chaos. What part of 'illegal' do they not understand?",5,Right-wing
"If you want to come here, do it legally. That's how every other nation works, right?",5,Right-wing
"Our sovereignty is non-negotiable. Build the wall, finish the job, protect our nation.",5,Right-wing
"It's not about hate, it's about law and order. We can't afford to be a free-for-all, honestly.",5,Right-wing
"They just walk right in, no questions asked? That's not how a country functions, folks, it's just not.",5,Right-wing
"We need to prioritize our own citizens, plain and simple. Secure borders first.",5,Right-wing
"The cost of illegal immigration is astronomical, and who pays for it? You do, the taxpayer.",5,Right-wing
"Our border patrol agents are heroes, but they're being tied up by bureaucratic nonsense. Let them do their job.",5,Right-wing
"A nation without borders isn't a nation at all, it's just a geographical area. Think about it.",5,Right-wing
"The family unit, man and woman, that's the bedrock of society. We need to protect it.",5,Right-wing
Our kids are being bombarded with all sorts of crazy ideas in schools. We need to get back to basics.,5,Right-wing
"Parents know best, not some government bureaucrat or radical teacher. Period.",5,Right-wing
"Faith, family, freedom – these are the pillars. We're losing sight of what truly matters, you know?",5,Right-wing
"There's a reason traditions exist. They've stood the test of time, unlike all this new progressive stuff.",5,Right-wing
"Kids need strong role models, a mother and a father, to grow up right. It's just how it is.",5,Right-wing
We need to instill respect and discipline again. The permissive culture is destroying a generation.,5,Right-wing
"The attack on traditional values is an attack on our very civilization, plain and simple.",5,Right-wing
"Let's bring back prayer in schools, let's bring back morality. That's what built this country.",5,Right-wing
"Raising children right, teaching them right from wrong, that's the most important job anyone has.",5,Right-wing
"America First, always. Our interests, our people, our prosperity above all else.",5,Right-wing
"We should be proud of our history, not tearing it down. This country is truly exceptional.",5,Right-wing
"Support our troops, respect our flag. Patriotism isn't a bad word, it's a necessity.",5,Right-wing
Globalism is a threat to our sovereignty and our way of life. We need to stand strong.,5,Right-wing
"This country was founded on principles of liberty, not on some internationalist agenda.",5,Right-wing
"Love it or leave it, folks. If you don't like America, there are plenty of other places.",5,Right-wing
"We need to put American workers first, bring back manufacturing jobs, make things here again.",5,Right-wing
"Our national identity is being eroded, and we can't let that happen. We're Americans.",5,Right-wing
"No apologies for putting our own people first. Every other country does it, so why can't we?",5,Right-wing
"Let's focus on strengthening our nation from within, not trying to fix the whole world.",5,Right-wing
"Less government, more freedom. Let businesses thrive, that's how you create jobs.",5,Right-wing
"Taxes are too high, regulations are choking our small businesses. It's just common sense.",5,Right-wing
"The free market is the most efficient system. Socialism has failed everywhere it's been tried, folks.",5,Right-wing
"Individual initiative, hard work, that's how you get ahead. Not handouts and government programs.",5,Right-wing
Let people keep more of their own money. They know how to spend it better than Washington does.,5,Right-wing
"Competition drives innovation, not government mandates. Get out of the way and let people build.",5,Right-wing
"The government isn't a charity. It's supposed to protect our rights, not control our economy.",5,Right-wing
"We need to cut wasteful spending. Our national debt is a ticking time bomb, folks.",5,Right-wing
"Entrepreneurs are the backbone of our economy. Let's empower them, not punish them.",5,Right-wing
"Socialism leads to misery and poverty. Look at history, it's crystal clear.",5,Right-wing
This woke agenda is just out of control. It's indoctrinating our kids and dividing us.,5,Right-wing
Political correctness has gone too far. You can't even speak your mind anymore without getting canceled.,5,Right-wing
"They want to rewrite history, change everything we know. We need to push back, hard.",5,Right-wing
"Common sense is under attack. It's like they live in an alternate reality, honestly.",5,Right-wing
"Stop trying to make everything about race or gender. We're all just Americans, right?",5,Right-wing
The radical left is trying to dismantle everything good about this country. We can't let them.,5,Right-wing
"Enough with the victimhood culture. Take responsibility, work hard, achieve your dreams.",5,Right-wing
They call everything 'hate speech' if it doesn't align with their agenda. It's just censorship.,5,Right-wing
Parents need to stand up to these school boards pushing critical race theory and gender ideology.,5,Right-wing
"I'm sick and tired of being told what to think, what to say, what to believe. My freedom matters.",5,Right-wing
"Honestly, we just need to secure the border, it's not rocket science. Enough is enough.",5,Right-wing
"Traditional family values are the bedrock of our society, period. Why is that even controversial now?",5,Right-wing
"America First, always. It's not selfish, it's just common sense for our own citizens.",5,Right-wing
"These high taxes are killing small businesses, folks. Let people keep their own money!",5,Right-wing
"This 'woke' agenda is just pure madness, I swear. It's destroying everything good.",5,Right-wing
"You know, they talk about compassion, but what about the compassion for our own struggling citizens? Just saying.",5,Right-wing
"Kids these days are getting such a warped view of history in schools, it's really concerning.",5,Right-wing
Small government is the only way to truly foster innovation and prosperity. Look at history!,5,Right-wing
"What ever happened to personal responsibility? Everyone wants a handout now, it seems.",5,Right-wing
"Our police need more support, not less. Law and order is crucial for any stable society.",5,Right-wing
"They call it progress, I call it a total breakdown of decency and common sense.",5,Right-wing
"We need to elect leaders who actually prioritize our national sovereignty, not globalist agendas.",5,Right-wing
"Remember when a man was a man and a woman was a woman? Simpler times, better times.",5,Right-wing
"The mainstream media is just an echo chamber for the progressive left, you can't trust them.",5,Right-wing
"Build the wall, finish the wall, whatever you call it – just get it done! Our security depends on it.",5,Right-wing
"Capitalism isn't perfect, but it's the best system for lifting people out of poverty, hands down.",5,Right-wing
"It's not hate to want to protect our children from radical ideologies, it's parental duty.",5,Right-wing
Patriotism isn't some dirty word; it's about loving your country and wanting the best for it.,5,Right-wing
"Honestly, all this talk about 'equity' just sounds like communism with a nicer name.",5,Right-wing
"We need to enforce our existing immigration laws, not create new loopholes.",5,Right-wing
The government has no business telling me how to raise my kids or what to teach them.,5,Right-wing
"Where's the outrage for the crimes committed by illegal immigrants? Crickets, right?",5,Right-wing
"These international treaties just undermine our national interests, pure and simple.",5,Right-wing
Stop calling everything 'systemic racism' – it's just an excuse for failure sometimes.,5,Right-wing
"Lower taxes stimulate the economy, everyone knows that. Why do they keep forgetting?",5,Right-wing
"Our culture is under attack, and we need to stand up for our traditions before they're gone.",5,Right-wing
"They want to rewrite history to fit their agenda, but we won't let them erase our heritage.",5,Right-wing
"Free speech is non-negotiable, even if you don't like what's being said. Period.",5,Right-wing
"We can't afford open borders; it's a strain on our resources and infrastructure, plain and simple.",5,Right-wing
"Family is everything, and the push to redefine it is just a slippery slope, mark my words.",5,Right-wing
"Support local businesses, not these huge corporations pushing globalist garbage.",5,Right-wing
"The socialist policies they're pushing will lead to economic ruin, just look at Venezuela!",5,Right-wing
"Enough with the identity politics; we're all Americans here, or we should be.",5,Right-wing
"My faith teaches me what's right and wrong, not some academic in an ivory tower.",5,Right-wing
We need to put an end to this catch-and-release nonsense at the border. It's a joke!,5,Right-wing
"Cancel culture is a cancer on society, silencing dissent and crushing free thought.",5,Right-wing
"If you work hard, you can achieve anything in this country. That's the American dream, not handouts.",5,Right-wing
"Our military needs to be the strongest in the world, without apology.",5,Right-wing
"They're trying to indoctrinate our kids with all sorts of crazy theories in school, it's sickening.",5,Right-wing
We need a strong leader who isn't afraid to say 'no' to globalist demands and put our country first.,5,Right-wing
"The nuclear family unit is the most effective way to raise responsible citizens, plain fact.",5,Right-wing
"Illegal immigration isn't just a border issue; it impacts jobs, schools, healthcare – everything!",5,Right-wing
"Less government, more individual liberty. That's the formula for true freedom, folks.",5,Right-wing
"This whole 'gender fluidity' thing is just confusing our kids, and it's not normal.",5,Right-wing
"We need to secure our elections, make sure every legal vote counts, and no funny business.",5,Right-wing
"Why are we apologizing for our history? We should learn from it, yes, but be proud of our nation.",5,Right-wing
"The welfare state creates dependency, not opportunity. We need to encourage work.",5,Right-wing
It's about time we stopped coddling criminals and started supporting victims and law enforcement.,5,Right-wing
"They want to erase our culture, our values, everything that makes us, well, us. We can't let them.",5,Right-wing
"Look, if you want to come here, come here legally. Follow the rules, like everyone else.",5,Right-wing
"Look, securing our border isn't complicated; it's a matter of national security, plain and simple.",5,Right-wing
"Honestly, these open-border policies are just an invitation for chaos and crime, what are they thinking?",5,Right-wing
"My grandparents came here legally, and they waited their turn. Why should it be any different now, you know?",5,Right-wing
"We need to finish the wall, no more excuses. That's the only way to truly protect our sovereignty.",5,Right-wing
"They talk about compassion, but where's the compassion for our own citizens whose jobs are being undercut?",5,Right-wing
"It's not about hate, folks, it's about common sense. A nation without borders isn't a nation at all.",5,Right-wing
"Prioritize Americans first, always. Our resources shouldn't be drained by those who broke the law to get here.",5,Right-wing
"Every country has a right to control who enters. It's basic national security, period.",5,Right-wing
"They just walk right in, no vetting, and then expect us to pay for everything? That's just not right.",5,Right-wing
"This influx is an invasion, plain and simple. Our country's being overrun, and no one in power seems to care.",5,Right-wing
"Traditional family values are the bedrock of our society. We're losing that, and it's dangerous.",5,Right-wing
"Kids need a mom and a dad, not all this experimental gender stuff. It's just confusing for them, honestly.",5,Right-wing
"Back in my day, marriage meant something sacred. Now it's just, well, whatever they decide it is.",5,Right-wing
"We gotta get back to basics: strong families, strong communities. That's where real strength comes from.",5,Right-wing
The attack on our traditional values is an attack on our very future. We can't let them rewrite what's right.,5,Right-wing
"Parents should always have the final say in their kids' education, not some activist teacher or bureaucrat.",5,Right-wing
"These progressive ideas about gender and family are just eroding the fabric of our society, believe me.",5,Right-wing
"Faith and family, that's what built this nation. We need to remember those roots.",5,Right-wing
It's high time we stood up for biblical principles again. They're being chipped away at every single day.,5,Right-wing
"Why are they trying to erase the differences between men and women? It's just unnatural, frankly.",5,Right-wing
"America First, always. We need to put our own citizens and interests ahead of globalist agendas.",5,Right-wing
"Proud to be an American, and I'm not afraid to say it. This country truly is the greatest on Earth.",5,Right-wing
We need to stop apologizing for our history and start celebrating our incredible achievements again.,5,Right-wing
"Globalists wanna weaken our sovereignty, but we won't let them. Our nation comes first, plain and simple.",5,Right-wing
"Support our troops, support our flag. Patriotism is not a dirty word, no matter what they say.",5,Right-wing
"This country was founded on strong principles, and we need to return to them, not tear everything down.",5,Right-wing
"They criticize everything about America, but where else would you honestly rather be? It's still the land of opportunity.",5,Right-wing
"We need leaders who actually love this country, not ones who constantly talk it down and apologize for it.",5,Right-wing
"Let's bring manufacturing back home, create American jobs, and stop outsourcing everything overseas.",5,Right-wing
"It's about time we put America's interests first, full stop. No more handouts to other nations.",5,Right-wing
"Less government, more freedom. That's how you build a strong economy, not with endless regulations and taxes.",5,Right-wing
"Taxes are way too high, plain and simple. It just stifles innovation and punishes anyone who actually succeeds.",5,Right-wing
"The free market is the best engine for prosperity. Let businesses thrive, don't shackle them with red tape.",5,Right-wing
Socialism has failed everywhere it's been tried. We need capitalism to create real wealth and opportunity.,5,Right-wing
"Government interference just messes everything up. Let individuals make their own choices, economically speaking.",5,Right-wing
"They want to control everything, but that's not how a free society works. We need less government spending, period.",5,Right-wing
"Hard work and ingenuity, that's what built this country. Not handouts and endless welfare programs.",5,Right-wing
"Entrepreneurs are the backbone of our economy. We need to encourage them, not penalize them for success.",5,Right-wing
"Regulations just kill jobs. It's common sense, really. Get the government out of the way.",5,Right-wing
"Why should I pay for someone else's laziness? Personal responsibility, that's what we need a lot more of.",5,Right-wing
This 'woke' nonsense is just getting completely out of control. They're trying to indoctrinate our kids.,5,Right-wing
"Cancel culture is a threat to free speech, honestly. You can't even voice an opinion anymore without being attacked.",5,Right-wing
"They want to rewrite history, tear down statues, everything. It's just completely absurd and disrespectful.",5,Right-wing
"Why is everything suddenly racist or sexist? It's just exhausting, honestly. Can't we just find common ground?",5,Right-wing
Political correctness has gone way too far. We need to be able to speak our minds without fear of being 'canceled'.,5,Right-wing
"They're pushing this radical agenda on everyone, and if you disagree, you're immediately branded a bigot.",5,Right-wing
"Common sense is becoming a revolutionary act these days, believe it or not. It's truly crazy out there.",5,Right-wing
"All this gender ideology stuff is just confusing and, frankly, dangerous for our children's mental health.",5,Right-wing
"They call it 'equity,' but it just sounds like forced equality of outcome, which has never worked anywhere.",5,Right-wing
"Stop trying to divide us by race, gender, or whatever else. We're all Americans, or at least we should be.",5,Right-wing
"Honestly, we need to secure our borders; it's just common sense, right?",5,Right-wing
"The erosion of traditional family values is, like, seriously concerning for our future.",5,Right-wing
"America First, always. Why is that even controversial anymore, you know?",5,Right-wing
"Less government, more free markets – that's how we actually create jobs, period.",5,Right-wing
"This 'woke' ideology is just completely out of hand, confusing everyone, especially kids.",5,Right-wing
"You gotta respect the flag, man. It's not that hard, show some patriotism.",5,Right-wing
"Parental rights are being attacked daily, and we just can't stand for it.",5,Right-wing
"Illegal immigration isn't compassionate, it's just unsustainable, plain and simple.",5,Right-wing
"Tax cuts actually stimulate the economy, not government spending, come on now.",5,Right-wing
"They're trying to cancel anyone who dares to speak their mind, it's ridiculous.",5,Right-wing
"Kids need a mother and a father, that's just a biological fact, no matter what they say.",5,Right-wing
We need to deport those who are here illegally; it's about the rule of law.,5,Right-wing
"Socialism has failed everywhere it's been tried, why do progressives keep pushing it?",5,Right-wing
"This constant push for gender fluidity is just, well, it's confusing and unnecessary.",5,Right-wing
"Our sovereignty depends on having a strong, impenetrable border, full stop.",5,Right-wing
"True strength comes from faith and family, not from fleeting trends, you know?",5,Right-wing
"Being proud of your country shouldn't be a radical idea, it's just patriotism.",5,Right-wing
"Small businesses are being crushed by regulations, it's just not right.",5,Right-wing
Free speech is under attack by these progressive mobs who can't handle disagreement.,5,Right-wing
"Build the wall! It's the only way to truly secure our nation, frankly.",5,Right-wing
"Traditional marriage, between a man and a woman, is foundational; let's protect it.",5,Right-wing
Why are we funding other countries when our own people are struggling? Priorities!,5,Right-wing
"The market knows best, not some government bureaucrat dictating prices and choices.",5,Right-wing
"I'm just tired of being called 'hateful' for having traditional views, honestly.",5,Right-wing
"They're just walking right over the border, and the current administration does nothing, it's infuriating.",5,Right-wing
"We need to get back to basics: God, family, and country, in that order.",5,Right-wing
"Patriotism isn't divisive; it's about unity around shared national values, isn't it?",5,Right-wing
Government overreach is stifling innovation; let entrepreneurs actually innovate!,5,Right-wing
"This whole critical race theory thing is just divisive, plain and simple, and should be out of schools.",5,Right-wing
You can't have a strong nation without secure borders; that's just a fundamental truth.,5,Right-wing
"Protecting childhood innocence means shielding kids from these radical agendas, right?",5,Right-wing
"My tax dollars should go to *our* citizens first, not to people who broke the law to get here.",5,Right-wing
"Higher taxes just penalize hard work; it's not fair, it really isn't.",5,Right-wing
"Common sense is no longer common, it seems, thanks to all this 'wokeness'.",5,Right-wing
"The southern border is a crisis, and anyone denying that is just living in a fantasy land.",5,Right-wing
"Families need support, not constant attacks on their fundamental structure, you know?",5,Right-wing
"We need leaders who put America First, not globalists who prioritize other nations.",5,Right-wing
"Free enterprise is the engine of prosperity, period, end of story.",5,Right-wing
"They want to rewrite history to fit their narrative, and it's just plain wrong.",5,Right-wing
Open borders are a national security threat; it's not even debatable.,5,Right-wing
"Teach kids respect and responsibility, not whatever identity politics they're pushing now.",5,Right-wing
"Our culture is under attack by these progressive forces, and we have to fight back.",5,Right-wing
"Regulations often do more harm than good for the economy, seriously.",5,Right-wing
The idea that gender is fluid is just confusing and goes against basic biology.,5,Right-wing
"We should be focused on strengthening our nation from within, not importing problems.",5,Right-wing
"Hard work and individual responsibility, those are the values we need to emphasize again.",5,Right-wing
This 'cancel culture' is destroying careers and silencing dissent; it's truly Orwellian.,5,Right-wing
"A nation without borders isn't a nation at all, just a geographical area, honestly.",5,Right-wing
"Let's defend our Western civilization values before they're completely erased, alright?",5,Right-wing
Big government just gets in the way; true prosperity comes from individual freedom and choice.,5,Right-wing
"We need to secure our borders, plain and simple. What part of 'illegal' do they not understand?",5,Right-wing
"Family is the cornerstone of society, always has been, always will be. We're losing sight of that, honestly.",5,Right-wing
"America First! It's not a slogan, folks, it's a policy. Put our own citizens first for once.",5,Right-wing
"Government needs to get out of the way and let businesses thrive. That's how prosperity happens, you know?",5,Right-wing
"This 'woke' agenda is just pure madness, honestly. It's destroying everything good.",5,Right-wing
"Build the wall, finish the wall, whatever it takes. Our sovereignty depends on it.",5,Right-wing
"Kids need a mom and a dad, that's just basic biology. And common sense, come on.",5,Right-wing
"Proud to be an American. And I'm not afraid to say it, unlike some people these days.",5,Right-wing
"Less regulations, less taxes. Let the free market work its magic, like it always has.",5,Right-wing
"They want to rewrite history, erase our past. We can't let them do that, seriously.",5,Right-wing
"Open borders are a national security threat, folks. It's not rocket science.",5,Right-wing
"Protecting our children from these radical ideologies is our most important job as parents, truly.",5,Right-wing
"Love it or leave it, people. If you don't appreciate this country, there's the door.",5,Right-wing
"Socialism has failed everywhere it's been tried. Why are we even discussing it here, I mean?",5,Right-wing
"Common sense isn't so common anymore, thanks to these progressive ideas.",5,Right-wing
"If you want to come here, do it legally. That's always been the American way, period.",5,Right-wing
"Bring back prayer in schools, bring back respect. That's how we fix things, you know?",5,Right-wing
"We need strong leaders who actually believe in America, not these globalist types.",5,Right-wing
"Innovation comes from individual freedom, not from government handouts or central planning.",5,Right-wing
"Stop indoctrinating our kids with this critical race theory nonsense. It's divisive, frankly.",5,Right-wing
"Our resources are stretched thin enough without inviting the whole world in, don't you think?",5,Right-wing
"The attack on traditional values is an attack on civilization itself, honestly.",5,Right-wing
"Our national identity is being eroded, deliberately. We have to fight back hard.",5,Right-wing
"Small businesses are the backbone of this country, but they're being crushed by bureaucracy.",5,Right-wing
What happened to free speech? Now you can't even express an opinion without being canceled.,5,Right-wing
No more catch and release. Send them back. That's the only way to send a message.,5,Right-wing
"Why are they so obsessed with redefining everything? Some things are just sacred, like.",5,Right-wing
"There's nothing wrong with patriotism. In fact, we need more of it, a lot more.",5,Right-wing
"You earn what you work for. That's the American dream, not some guaranteed income for doing nothing.",5,Right-wing
"They're trying to turn boys into girls and girls into boys. It's absolutely insane, if you ask me.",5,Right-wing
"It's not about hate, it's about law and order. And protecting our nation, plain and simple.",5,Right-wing
"Hard work, faith, family – those are the values that built this country. Let's not forget them.",5,Right-wing
"Why are we always apologizing for being American? This is the greatest nation on Earth, come on.",5,Right-wing
"The government can't pick winners and losers. That's for the market to decide, always has been.",5,Right-wing
"Enough with the gender ideology push in schools. Let kids be kids, for crying out loud.",5,Right-wing
"We can't afford to be soft on this border issue. National security comes first, always.",5,Right-wing
"Marriage is between a man and a woman. It's literally in the Bible and tradition, people.",5,Right-wing
"Support our troops, support our flag, support our country. Simple as that. No ifs, ands, or buts.",5,Right-wing
"Tax cuts stimulate the economy, plain and simple. More money in people's pockets, which helps everyone.",5,Right-wing
Political correctness has gone too far. We need to be able to speak our minds without fear.,5,Right-wing
"They talk about compassion, but what about the compassion for our own citizens being overwhelmed by the influx?",5,Right-wing
"Our churches are under attack, our values are under attack. We have to stand firm against it all.",5,Right-wing
"We should be focusing on our own problems, not trying to fix the whole world, honestly.",5,Right-wing
"Competition is good. It drives quality up and prices down. Basic economics, folks, learn it.",5,Right-wing
"They call everything 'hate speech' if it doesn't align with their narrative. It's tyranny, straight up.",5,Right-wing
"Make America Great Again, because frankly, it feels like we've lost our way, hasn't it?",5,Right-wing
"The left is obsessed with identity politics, dividing us instead of uniting us as Americans.",5,Right-wing
"This climate hysteria is just another excuse for government control, mark my words. More taxes, more regulations.",5,Right-wing
"They want to take away our guns, our freedoms, everything that makes us Americans. We can't let them.",5,Right-wing
"Parents have a right to know what's being taught in schools, full stop. No secrets, no hidden agendas.",5,Right-wing
"We need to secure our borders, plain and simple. What part of 'illegal' do people not understand?",5,Right-wing
"Honestly, this open border policy is a disaster for national security and our economy.",5,Right-wing
"Build the wall, finish the job! It's not rocket science, folks.",5,Right-wing
Our country can't sustain this influx; it's just not fair to legal immigrants or taxpayers.,5,Right-wing
"They're just walking right in, taking advantage of our system, and no one seems to care.",5,Right-wing
"Family is the bedrock of society, always has been, always will be. Protect the traditional family!",5,Right-wing
"Kids need a mom and a dad, that's just how it works best, biologically and socially.",5,Right-wing
"We're losing our moral compass with all this new progressive agenda, seriously.",5,Right-wing
Bring back common sense and traditional values; our communities depend on it.,5,Right-wing
"My faith teaches me the importance of family, and that's what I live by. Why is that controversial?",5,Right-wing
"Proud to be an American, always. Why are we apologizing for our history now?",5,Right-wing
"We need to put America first, not some globalist agenda that benefits nobody but elites.",5,Right-wing
"Support our troops, support our nation! They put their lives on the line for us.",5,Right-wing
"There's no better country on Earth, period. Let's act like it.",5,Right-wing
Why are we always tearing ourselves down instead of celebrating our greatness?,5,Right-wing
"Government needs to get out of the way and let businesses thrive, less red tape!",5,Right-wing
"Lower taxes stimulate the economy; it's basic economics, folks, not a magic trick.",5,Right-wing
"Socialism has failed everywhere it's been tried, consistently. Why do some still push it?",5,Right-wing
"Hard work and ingenuity, that's what built this nation, not handouts.",5,Right-wing
Don't tell me what I can and can't do with my own money or my own business.,5,Right-wing
"This woke nonsense is destroying our institutions, from schools to corporations.",5,Right-wing
I'm sick of this cancel culture trying to shut everyone up for daring to think differently.,5,Right-wing
Where's the common sense anymore? It's just gone with all this political correctness.,5,Right-wing
They're indoctrinating our kids with this garbage in schools; it's absolutely terrifying.,5,Right-wing
"You can't even say anything without offending someone these days, it's ridiculous.",5,Right-wing
Border security isn't hateful; it's about protecting our sovereignty and citizens.,5,Right-wing
"We need to enforce our laws; otherwise, what's the point of having them?",5,Right-wing
The erosion of traditional gender roles is confusing for children and society.,5,Right-wing
A strong nation needs strong families; it's a fundamental truth.,5,Right-wing
"Stop rewriting history to fit some modern narrative. Learn from it, don't erase it.",5,Right-wing
"The free market, not government control, is what creates prosperity and opportunity.",5,Right-wing
Individual liberty and personal responsibility are cornerstones of true freedom.,5,Right-wing
"Our military needs to be the strongest in the world, no compromises.",5,Right-wing
"Patriotism is a virtue, not a vice. We should teach our kids to love their country.",5,Right-wing
"This constant victimhood mentality is weakening our society, honestly.",5,Right-wing
"Let people make their own choices and take responsibility, instead of relying on big government.",5,Right-wing
"We need school choice so parents, not bureaucrats, decide what's best for their kids.",5,Right-wing
"Defund the police? Are you kidding me? We need more law and order, not less.",5,Right-wing
"The media is totally biased, pushing a narrative instead of reporting facts.",5,Right-wing
Why are we letting global organizations dictate our policies? America first!,5,Right-wing
"True diversity means diversity of thought, not just checking boxes based on identity.",5,Right-wing
"This whole ""equity"" thing is just communism repackaged, trying to make everyone equal in outcome.",5,Right-wing
"We need to bring back civics education that teaches about American exceptionalism, not self-loathing.",5,Right-wing
The government spends too much; we need fiscal discipline and balanced budgets.,5,Right-wing
Protecting the Second Amendment is crucial for personal safety and liberty.,5,Right-wing
Parents' rights are being trampled on by schools and government agencies.,5,Right-wing
"We need leaders who aren't afraid to stand up for our values, not just follow the crowd.",5,Right-wing
It's time to put an end to the culture wars driven by radical left ideologies.,5,Right-wing
"Small businesses are the backbone of America; let's support them, not burden them with regulations.",5,Right-wing
"Common sense has become so uncommon, especially when it comes to basic moral truths.",5,Right-wing
"Look, securing our borders isn't 'hate,' it's just common sense for any sovereign nation, you know?",5,Right-wing
"What I'm saying is, illegal immigration puts a massive strain on our schools, hospitals, everything, frankly.",5,Right-wing
"Build the wall, period. And enforce the laws we already have. It's not rocket science.",5,Right-wing
"They talk about 'compassion,' but where's the compassion for our own citizens dealing with this mess at the border?",5,Right-wing
"Frankly, the idea that we can be a sanctuary for the entire world is just unsustainable.",5,Right-wing
"Traditional family values, like a mom and a dad raising kids, that's the bedrock of society, right?",5,Right-wing
"This gender ideology stuff being pushed on our children in schools? It's just confusing and wrong, honestly.",5,Right-wing
"Parents, not the government, should have the final say in their kids' education and upbringing, believe me.",5,Right-wing
Marriage has always been between one man and one woman. Why are we trying to redefine everything?,5,Right-wing
"We need to get back to faith and family. That's where true strength comes from, folks.",5,Right-wing
"America first, always. Why are we apologizing for loving our own country, seriously?",5,Right-wing
"Patriotism isn't a dirty word. It's what binds us together as a nation, plain and simple.",5,Right-wing
"Our history, our traditions – we should be proud of them, not tearing them down for some woke agenda.",5,Right-wing
Globalism just undermines our national identity and sovereignty. We need to focus on *us*.,5,Right-wing
"Stand for the anthem. If you don't respect our flag, what are you even doing here?",5,Right-wing
"Lower taxes and less government regulation. That's how you actually create jobs and opportunity, not handouts.",5,Right-wing
"The free market works. Socialism has failed every single time it's been tried, folks, let's be real.",5,Right-wing
"People should keep more of their hard-earned money. It's their money, not the government's to redistribute.",5,Right-wing
"Small businesses are the backbone of our economy, and big government just crushes them with red tape.",5,Right-wing
Competition drives innovation. Government picking winners and losers just leads to corruption and inefficiency.,5,Right-wing
"This 'woke' agenda is just divisive nonsense designed to pit us against each other, honestly.",5,Right-wing
Cancel culture is destroying free speech and open debate. You can't even have an opinion anymore.,5,Right-wing
They're trying to indoctrinate our kids with critical race theory and all this garbage. It's disgusting.,5,Right-wing
"Common sense is no longer allowed if it doesn't align with the latest progressive talking points, it's ridiculous.",5,Right-wing
"Gender pronouns? Seriously? It's getting absolutely absurd out there, you know?",5,Right-wing
"We need to secure our southern border now. No more excuses, no more open door policies.",5,Right-wing
"They call it 'diversity,' I call it a weakening of our national identity. We need unity, not division.",5,Right-wing
"Our culture is under attack, folks. We have to stand up for what's right and traditional.",5,Right-wing
Parents' rights are being eroded by activist school boards. It's a battle for our children's future.,5,Right-wing
"The government has gotten too big, too intrusive. We need to shrink it and give power back to the people.",5,Right-wing
Free speech is non-negotiable. You can't just silence people because you disagree with them.,5,Right-wing
"The socialist policies being pushed would bankrupt this country, plain and simple.",5,Right-wing
Enough with the virtue signaling. Let's focus on real solutions that actually work for Americans.,5,Right-wing
Why are we sending billions overseas when we have so many problems right here at home? It's insane.,5,Right-wing
"Law and order are essential. Without them, society crumbles, and we're seeing that now.",5,Right-wing
The mainstream media is just an arm of the left-wing establishment. Don't believe everything you hear.,5,Right-wing
"They want to disarm law-abiding citizens, but criminals will always find a way. It's about self-defense.",5,Right-wing
"Taxes are too high. We work hard for our money, and the government takes too much of it.",5,Right-wing
"This country was founded on Christian principles, and we're losing sight of that, sadly.",5,Right-wing
We need strong leadership that isn't afraid to say 'America First' and mean it.,5,Right-wing
"The constant victimhood narrative is tiresome. Take responsibility, work hard, and succeed.",5,Right-wing
Protecting our national sovereignty is paramount. We can't let international bodies dictate our policies.,5,Right-wing
"Our veterans deserve more respect and better care, not less, after everything they've done for us.",5,Right-wing
"The attack on masculinity is just another way to undermine traditional roles and values, honestly.",5,Right-wing
"Government bureaucracy stifles innovation and creates dependency. Trust individuals, not institutions.",5,Right-wing
"They call us 'deplorables' for having traditional views, but we're the silent majority, and we're waking up.",5,Right-wing
"We need to teach actual history in schools, not some revised, guilt-tripping version.",5,Right-wing
"Open borders are a national security risk, not just an economic one. It's a serious threat.",5,Right-wing
"Common sense gun ownership is a constitutional right, and we will not let them take it away.",5,Right-wing
"The radical left is trying to fundamentally transform our country, and we have to fight back.",5,Right-wing
"Honestly, we just need to secure our borders, plain and simple. No more open-door policies, it's getting ridiculous.",5,Right-wing
"Traditional family values are the bedrock of our society, folks. We're losing our way when we forget that.",5,Right-wing
"America first, always. It's not a radical idea, it's common sense nationalism.",5,Right-wing
"Less government, more free market. That's how you actually create jobs, not with endless regulations.",5,Right-wing
"This 'woke' ideology is just destroying everything good and sensible about our culture, isn't it?",5,Right-wing
"You know, illegal immigration isn't compassionate, it's a strain on our resources and a security risk.",5,Right-wing
"Kids need a mom and a dad, it’s just... how it’s always been. Why are we even debating this?",5,Right-wing
"Proud to be an American, no apologies. We need more of that patriotism, seriously.",5,Right-wing
Socialism has failed everywhere it's been tried. Why do some people still push it here? It's baffling.,5,Right-wing
Political correctness has gone absolutely insane. You can't even say what you think anymore without fear.,5,Right-wing
"Build the wall, enforce the laws. It's not complicated. Our sovereignty depends on it.",5,Right-wing
Protecting our children from all this radical gender theory in schools is a top priority for parents.,5,Right-wing
"Our flag, our anthem, our heritage. Stand up for it! Don't let them disrespect it.",5,Right-wing
"Cut the red tape, let businesses innovate. That's the real path to prosperity, not government handouts.",5,Right-wing
"They're trying to rewrite history to fit their agenda. We can't let that happen, folks.",5,Right-wing
"If you want to come here, do it legally. It's not rocket science, it's respect for our laws.",5,Right-wing
What happened to personal responsibility? Seems like everyone just expects handouts now.,5,Right-wing
"Being proud of your country isn't 'nationalist' in a bad way, it's just loving where you're from.",5,Right-wing
"Higher taxes just punish success. It’s counterproductive, plain and simple.",5,Right-wing
"Enough with the identity politics. We're all individuals, part of one nation, not endless segregated groups.",5,Right-wing
"Our country, our rules. It's time to put our own citizens first, before all others.",5,Right-wing
The attack on traditional masculinity and femininity is just another part of the progressive agenda to dismantle society.,5,Right-wing
"Support our troops, support our nation. It's not a political statement, it's just patriotism.",5,Right-wing
The free market is the most efficient system for distributing resources and creating wealth. Period.,5,Right-wing
"They call it 'progress,' I call it regression back to common sense. It's just absurd.",5,Right-wing
No more 'catch and release' at the border. We need real consequences for illegal entry.,5,Right-wing
"Family, faith, freedom. These are the pillars we need to rebuild, not tear down.",5,Right-wing
Globalism just dilutes our national identity. We need to focus on what's best for *us*.,5,Right-wing
Government overreach is suffocating small businesses. We need to scale back the bureaucracy.,5,Right-wing
Why are we constantly apologizing for Western civilization? It's done so much good for the world.,5,Right-wing
"It's a national security issue, not just an economic one. Borders matter, folks.",5,Right-wing
"Parents know best, not some radical school board or government official telling them how to raise their kids.",5,Right-wing
"Other countries don't put us first, so why should we constantly prioritize their interests?",5,Right-wing
Your money is your money. The government shouldn't dictate how every penny is spent or earned.,5,Right-wing
"Common sense is becoming a rare commodity, thanks to these radical progressive ideologies taking over.",5,Right-wing
We need to end sanctuary cities. They're just an incentive for more illegal activity.,5,Right-wing
Church and community used to be central. Now it feels like everything is being replaced by digital noise and division.,5,Right-wing
"This country was founded on principles of individual liberty and limited government, let's get back to that.",5,Right-wing
The constant victimhood narrative pushed by the left is just divisive and unhealthy for society.,5,Right-wing
"It's time to put American workers first, not outsource everything overseas.",5,Right-wing
"The media won't tell you, but uncontrolled borders are a disaster waiting to happen.",5,Right-wing
"What's wrong with teaching kids respect, discipline, and hard work? These are timeless values.",5,Right-wing
"We're not perfect, but this is still the greatest nation on Earth. Don't let anyone tell you otherwise.",5,Right-wing
"Regulations, regulations, regulations. They're choking the life out of our economy.",5,Right-wing
"They want to cancel anyone who disagrees with them. It's authoritarian, not tolerant.",5,Right-wing
My tax dollars shouldn't be funding programs for people who break our laws to get here.,5,Right-wing
"The constant attack on traditional values is just a way to destabilize society, mark my words.",5,Right-wing
"We need strong leaders who actually love this country and put its interests first, not globalist elites.",5,Right-wing
The government creates more problems than it solves when it tries to interfere with the free market.,5,Right-wing
This whole 'cancel culture' thing is just a modern-day witch hunt for wrongthink. It's terrifying.,5,Right-wing
"We absolutely need to secure our borders, plain and simple. No more open door policy, I mean, seriously.",5,Right-wing
"Illegal immigration isn't just a problem, it's a national security crisis. Period.",5,Right-wing
"Build the wall, finish the wall! It’s about national sovereignty, folks, not just a fence.",5,Right-wing
"If you want to come here, do it legally. That's how every other proper country works, you know?",5,Right-wing
"Our country is being overrun, and the politicians, they just sit there doing nothing about it. It's a disgrace.",5,Right-wing
"They're letting anyone and everyone in, it’s completely unsustainable for our communities and infrastructure.",5,Right-wing
What about the rule of law? Doesn't that matter anymore when it comes to *our* borders?,5,Right-wing
"Send them back. We can't afford to take care of the entire world, we just can't.",5,Right-wing
"A nation without secure borders isn't really a nation at all, if you think about it.",5,Right-wing
"The cartels are having a field day thanks to these incredibly weak border policies, it's a disaster.",5,Right-wing
"Family is the undeniable cornerstone of society. Always has been, always should be, no question.",5,Right-wing
"Kids need a mother and a father, that's just basic biology and common sense, right?",5,Right-wing
"We're losing our way, forgetting the values that made this country strong: faith, family, freedom.",5,Right-wing
"The nuclear family is under attack, and frankly, it's by design, I tell ya.",5,Right-wing
"Parents should have the final say in their children's education, not some activist school board, absolutely not.",5,Right-wing
"Respect your elders, honor your parents – seems like a totally forgotten concept these days, sad really.",5,Right-wing
Sunday used to be for church and family dinner. Now? Who even knows what's valued.,5,Right-wing
"It's about time we got back to basics, to what truly matters in life and for our kids.",5,Right-wing
"Traditional roles aren't oppressive; they're foundational and have worked for centuries, there's a reason for them.",5,Right-wing
"Protecting innocence, that's what we *should* be focused on for our children, not confusing them.",5,Right-wing
"America First, always. Our own citizens deserve our full attention first and foremost.",5,Right-wing
"Proud to be an American. This is, hands down, the greatest country in the world, period.",5,Right-wing
We need to put our country's interests above globalist agendas. Our nation comes first.,5,Right-wing
"Stand for the flag, kneel for God. It's really that simple, folks, it shows respect.",5,Right-wing
Love it or leave it. Don't disrespect the very nation that gives you so much opportunity.,5,Right-wing
"Our history, for all its flaws, is still worth celebrating, not constantly tearing down and demonizing.",5,Right-wing
"Why are we always apologizing for being strong? It's absurd and frankly, it makes us look weak.",5,Right-wing
"Support our troops! They fight for *our* freedom, not some other country's agenda.",5,Right-wing
"Buy local, support national businesses. Keep the money right here, where it belongs, creating jobs.",5,Right-wing
"Let's make America great again, by focusing on what makes us unique and strong, our core values.",5,Right-wing
"Less government, more free market. That's truly how you create jobs and prosperity for everyone.",5,Right-wing
"Regulations are just a massive burden on small businesses, crushing innovation before it even starts.",5,Right-wing
Socialism has failed everywhere it's been tried. Why do people still push for it here? It's insane.,5,Right-wing
"Hard work and individual initiative, that's the American dream, not endless government handouts.",5,Right-wing
"Lower taxes for everyone, especially businesses, so they can grow, hire, and invest, you know?",5,Right-wing
The government shouldn't be picking winners and losers in the economy; let the market decide.,5,Right-wing
"Property rights are sacred. You earn it, you keep it. Simple as that, it’s your right.",5,Right-wing
"Competition drives excellence. Monopolies, especially government ones, are just terrible for consumers.",5,Right-wing
Wealth creation isn't evil; it's actually how society advances and improves for everyone.,5,Right-wing
"Let people keep more of their own money. They know how to spend it better than any bureaucrat, trust me.",5,Right-wing
"This 'woke' agenda is just completely out of control, eroding common sense right before our eyes.",5,Right-wing
They're trying to rewrite history and cancel anyone who dares to disagree with their narrative.,5,Right-wing
Political correctness has gone way too far. You can't even speak your mind anymore without fear.,5,Right-wing
Gender ideology pushed on kids? Absolutely not. Parents need to wake up and protect their children.,5,Right-wing
"Affirmative action is just reverse discrimination, plain and simple. Merit should always rule.",5,Right-wing
"Why is everything suddenly 'systemic racism'? It's a distraction from real issues, I think.",5,Right-wing
"They want to control what you think, what you say, even what you believe. It's thought control.",5,Right-wing
"Enough with the victimhood culture. Take responsibility for your own life, that's what builds character.",5,Right-wing
"Common sense is no longer common, thanks to the radical left's influence, it's truly baffling.",5,Right-wing
They call everything 'hate speech' if it goes against their narrative. It's absolutely ridiculous and chilling.,5,Right-wing
"It's just wild how deep systemic racism still runs, like, we gotta dismantle it piece by piece.",6,Left-wing
"Gender equality isn't just a buzzword; it's a fundamental human right, you know?",6,Left-wing
"Seriously, the criminal justice system is so broken, especially for Black and brown communities. It needs a total overhaul.",6,Left-wing
We can't claim to be a free society when LGBTQ+ folks are still fighting for basic protections. It's ridiculous.,6,Left-wing
"Income inequality isn't accidental; it's by design, and we need to push back hard against it.",6,Left-wing
"Honestly, ignoring the plight of indigenous communities is a failure of our entire society.",6,Left-wing
"Accessibility isn't a luxury; it's a necessity, and people with disabilities deserve so much better.",6,Left-wing
"The way we treat immigrants at the border? It's inhumane, period. We gotta do better.",6,Left-wing
"Let's be real, the patriarchy is still alive and kicking, and we need to keep fighting it every single day.",6,Left-wing
"Housing is a human right, not a commodity for speculation. End homelessness now.",6,Left-wing
"The climate crisis isn't some distant threat; it's here, it's now, and we need urgent action, like yesterday.",6,Left-wing
"Fossil fuels are literally killing our planet, you know? Time to invest massively in renewables.",6,Left-wing
It's just mind-boggling how some politicians still deny climate change. The science is clear!,6,Left-wing
"We need a Green New Deal, honestly. It's the only way to tackle both inequality and climate breakdown.",6,Left-wing
Environmental justice means making sure marginalized communities aren't bearing the brunt of pollution.,6,Left-wing
"Protecting our oceans and forests isn't optional; it's critical for our survival, seriously.",6,Left-wing
"Corporate polluters need to be held accountable, not given tax breaks. It's infuriating.",6,Left-wing
Sustainable agriculture isn't just a trend; it's a necessity for our food security and planet's health.,6,Left-wing
"Think about it, our grandkids deserve a livable planet. We have to act now.",6,Left-wing
"Renewable energy isn't just cleaner; it's becoming cheaper, too. So what are we waiting for?",6,Left-wing
"Healthcare should be a right, not a privilege tied to your job or income. Universal healthcare, now.",6,Left-wing
"It's just insane that people go bankrupt because of medical bills in this country. Like, seriously?",6,Left-wing
"Medicare for All would literally save lives and reduce so much financial stress, you know?",6,Left-wing
"Honestly, private insurance companies are just profiting off people's illness. It's a scam.",6,Left-wing
Imagine not having to worry about co-pays or deductibles. That's what universal healthcare offers.,6,Left-wing
Every other developed nation has universal healthcare. Why can't we? It's just plain wrong.,6,Left-wing
"Preventative care is so important, and it's often inaccessible without good insurance. This needs to change.",6,Left-wing
"Mental health care is healthcare, period. It needs to be covered comprehensively for everyone.",6,Left-wing
"The pharmaceutical industry's price gouging is criminal, honestly. We need drug price controls.",6,Left-wing
No one should have to choose between food on the table and life-saving medication. That's a moral failure.,6,Left-wing
"Tax the rich! It's not complicated. They can afford it, and we need that money for social programs.",6,Left-wing
"Billionaires paying less in taxes than their secretaries? That's not a fair system, like, at all.",6,Left-wing
Corporate greed is out of control. We need to implement a wealth tax and close those loopholes.,6,Left-wing
"Honestly, the ultra-rich hoarding wealth while people struggle? It's just morally indefensible.",6,Left-wing
"Imagine what we could fund with just a fraction of their absurd wealth – schools, infrastructure, healthcare!",6,Left-wing
"It's not about punishing success; it's about ensuring everyone pays their fair share, you know?",6,Left-wing
"The system is rigged for the wealthy, and we need to unrig it by taxing them appropriately.",6,Left-wing
"Let's be real, trickle-down economics never worked. It just made the rich richer.",6,Left-wing
"We need stronger regulations on Wall Street and an end to corporate welfare, seriously.",6,Left-wing
"They can send rockets to space, but they can't pay their fair share in taxes? Give me a break.",6,Left-wing
Solidarity with indigenous land defenders is crucial. Their fight is our fight.,6,Left-wing
We have to actively listen to and uplift the voices of trans and non-binary individuals. Their rights are under attack.,6,Left-wing
"Disability rights are civil rights, plain and simple. We need to fight for full inclusion and accessibility.",6,Left-wing
"The fight for reproductive freedom isn't over, you know? We need to protect abortion access nationwide.",6,Left-wing
Support for migrant workers and asylum seekers is essential. They deserve dignity and respect.,6,Left-wing
"Seriously, gentrification is pushing out long-standing communities. We need policies that protect them.",6,Left-wing
"Education equity means ensuring every child, no matter their zip code, has access to quality schools.",6,Left-wing
"We need to end police brutality and hold officers accountable for their actions, like, every single time.",6,Left-wing
Voting rights are under attack in so many places. We have to protect and expand access to the ballot box.,6,Left-wing
It's not enough to just be 'not racist'; we have to be actively anti-racist in everything we do.,6,Left-wing
"Honestly, we can't even talk about freedom until everyone, and I mean *everyone*, has a fair shot, right?",6,Left-wing
It's just wild how deep-seated some of these prejudices are; we really gotta dismantle them brick by brick.,6,Left-wing
"Like, seriously, if we're not actively fighting for our trans siblings, what are we even doing?",6,Left-wing
"The justice system? It's broken, absolutely broken, especially for people of color. We need real reform.",6,Left-wing
"Just saying, diversity isn't just a buzzword, it's essential for a truly strong society.",6,Left-wing
"We keep seeing these systemic barriers, and it's like, enough is enough. Time for real change.",6,Left-wing
"You know, intersectionality isn't just a concept, it's how we understand the complex struggles people face.",6,Left-wing
"It's infuriating, the way wealth dictates justice in this country. It's just not right.",6,Left-wing
"We have to stand up for immigrant rights, period. These are human beings, not political pawns.",6,Left-wing
"When we say 'Black Lives Matter,' it's not a radical statement, it's a basic truth that needs affirming.",6,Left-wing
"Okay, so when are we actually going to take the climate crisis seriously? It's literally an existential threat.",6,Left-wing
"Renewable energy isn't just an option, it's the *only* way forward if we wanna have a planet left.",6,Left-wing
"It's, like, incredibly frustrating to see politicians drag their feet on climate action. Our kids deserve better.",6,Left-wing
"We need to divest from fossil fuels yesterday, honestly. The science is so clear.",6,Left-wing
"Think about it, environmental justice is huge. Poorer communities always bear the brunt of pollution.",6,Left-wing
Is anyone else just completely fed up with corporate polluters getting away with everything?,6,Left-wing
"We gotta push for, like, genuinely green infrastructure, not just token gestures.",6,Left-wing
This whole 'individual responsibility' thing for climate change? It's a distraction from corporate accountability.,6,Left-wing
"Honestly, the urgency of the climate crisis just isn't sinking in for some people, and it's terrifying.",6,Left-wing
"We need global cooperation on this, like, yesterday. No country can solve it alone.",6,Left-wing
"Seriously, why is healthcare still tied to employment? It should be a fundamental human right, full stop.",6,Left-wing
"Single-payer system, people! It just makes sense, economically and ethically.",6,Left-wing
It's absolutely insane that people go bankrupt just because they get sick in this country.,6,Left-wing
"Universal healthcare isn't some radical idea, most developed nations already have it, and it works.",6,Left-wing
I just don't understand why we're still debating this. Health should not be a privilege for the wealthy.,6,Left-wing
"Imagine a world where you don't fear medical bills. That's what we're fighting for, you know?",6,Left-wing
"Preventative care would skyrocket, too, if everyone had access. It's just good policy.",6,Left-wing
"It's not socialist, it's just, like, common decency to make sure everyone can see a doctor.",6,Left-wing
"The insurance companies are literally profiting off of human suffering, and we need to end that.",6,Left-wing
"We need to expand Medicare for All, period. No more arguments, just do it.",6,Left-wing
"Okay, so when are we actually going to make the billionaires pay their fair share? It's long overdue.",6,Left-wing
"The wealth gap is just obscene, honestly. The rich get richer, and everyone else struggles.",6,Left-wing
"It's, like, infuriating to see these huge corporations pay zero taxes while small businesses suffer.",6,Left-wing
"A wealth tax isn't some crazy idea, it's a way to fund public services that everyone benefits from.",6,Left-wing
"Just saying, trickle-down economics? It's a joke, always has been, always will be.",6,Left-wing
"We could literally solve so many problems if the ultra-rich just, you know, contributed proportionally.",6,Left-wing
"The system is rigged, plain and simple, to benefit the super-wealthy. We gotta un-rig it.",6,Left-wing
"When you have people struggling to eat and billionaires flying to space, something is fundamentally broken.",6,Left-wing
"They can afford it, seriously. These tax loopholes for the ultra-rich are just ridiculous.",6,Left-wing
"We need to invest in our communities, not let billionaires hoard all the resources.",6,Left-wing
"Education should be accessible to everyone, not just those who can afford crushing debt.",6,Left-wing
"Like, seriously, affordable housing is a crisis everywhere, and we need real solutions, not just band-aids.",6,Left-wing
"Workers' rights are human rights, full stop. Unions are essential for a fair economy.",6,Left-wing
"It's just common sense, honestly, that we should invest in social programs, not endless wars.",6,Left-wing
"Gun violence is an epidemic, and we need common-sense gun control now, not later.",6,Left-wing
"Reproductive rights are under attack, and we need to fight back harder than ever for bodily autonomy.",6,Left-wing
"We gotta remember that empathy and compassion are not weaknesses, they're strengths.",6,Left-wing
"The prison industrial complex? It's a disaster, and we need to rethink our whole approach to justice.",6,Left-wing
"Voting rights are constantly being threatened, and that's just, like, completely unacceptable in a democracy.",6,Left-wing
"Let's be real, a truly progressive society uplifts everyone, leaving no one behind.",6,Left-wing
"Honestly, the way things are set up, it's just rigged against so many people from the start, you know? Systemic issues, really.",6,Left-wing
"We *have* to address the root causes of poverty, not just put band-aids on it. It's structural, not individual failing.",6,Left-wing
"Like, how can we even talk about 'equality' when some communities are still so clearly underfunded and underserved? It's a joke.",6,Left-wing
"The justice system? It's broken, absolutely broken, especially for people of color. We need massive, massive reform, like yesterday.",6,Left-wing
"Seriously, we need to uplift *all* voices, especially those who've been silenced and marginalized for way too long.",6,Left-wing
"It's not enough to be 'not racist,' you have to be actively anti-racist, dismantling these oppressive systems.",6,Left-wing
"Trans rights are human rights, full stop. No debate, no caveats. Support our trans siblings.",6,Left-wing
"We can't just ignore the historical injustices that led us here; reparations, restorative justice, it's all part of moving forward.",6,Left-wing
"The housing crisis isn't just about supply, it's about wealthy investors pricing everyone out. It's predatory, honestly.",6,Left-wing
"Enough with the 'pull yourself up by your bootstraps' nonsense. Some people don't even *have* boots, thanks to systemic issues.",6,Left-wing
"Okay, so the planet is literally burning, and some people are still denying climate change? It's infuriating, truly.",6,Left-wing
"We need a Green New Deal, like, yesterday. This isn't just an 'environmental issue,' it's an economic and social justice one too.",6,Left-wing
"Big corporations are the biggest polluters, not individuals. Stop blaming personal choices when industries are destroying the Earth.",6,Left-wing
"Renewable energy isn't just a pipe dream; it's essential and totally achievable if we invest in it properly, you know?",6,Left-wing
"Our children deserve a livable planet, period. We have a moral obligation to act *now*, before it's too late.",6,Left-wing
"It's insane how much corporate lobbying prevents real climate action. We need to get big money out of politics, for real.",6,Left-wing
"We can't just adapt to climate change; we have to mitigate it aggressively. There's no 'Planet B,' folks, just this one.",6,Left-wing
Indigenous communities have been stewards of the land for millennia; we need to listen to their wisdom on climate solutions.,6,Left-wing
"The fossil fuel industry has actively misled the public for decades. They need to be held accountable, legally and morally.",6,Left-wing
"It's not just polar bears, folks. Climate change impacts *everyone*, especially vulnerable communities around the globe.",6,Left-wing
"Honestly, why is healthcare tied to employment? It's a human right, not some perk from your job, come on!",6,Left-wing
"Single-payer system, please! No more medical debt, no more choosing between groceries and life-saving meds. It's a no-brainer.",6,Left-wing
"It's just ridiculous that in a country this wealthy, people go bankrupt because they got sick. It's barbaric, truly.",6,Left-wing
Imagine a world where you don't have to worry about the cost of an ambulance ride or a broken arm. That's what we're fighting for.,6,Left-wing
"Preventative care would be so much more common if everyone had access without insane co-pays or deductibles, right?",6,Left-wing
"Healthcare for all, no exceptions. Mental health too, by the way. It's all connected, absolutely essential.",6,Left-wing
"The insurance companies are literally profiting off of people's illness. It's unethical, disgusting even.",6,Left-wing
"So many people avoid doctors because they can't afford it, and then things get worse. It's a vicious cycle we need to break.",6,Left-wing
"Other developed nations have universal healthcare. Why can't we? It's not rocket science, it's just a lack of political will.",6,Left-wing
"Our current system is just broken, plain and simple. We need to overhaul it completely, from the ground up.",6,Left-wing
"Tax the rich! Seriously, they're hoarding wealth while people struggle to pay rent. It's obscene, frankly.",6,Left-wing
"A wealth tax isn't some radical idea; it's about fairness. Billionaires don't need another yacht, we need schools and infrastructure.",6,Left-wing
It's mind-boggling how little corporations pay in taxes compared to working-class folks. The system is upside down.,6,Left-wing
"Enough with the trickle-down economics myth. It's never worked, it just makes the rich richer and everyone else poorer.",6,Left-wing
"When we talk about funding social programs, the money is *there*. It's just sitting in offshore accounts or private jets, you know?",6,Left-wing
"Closing tax loopholes for the super-wealthy isn't 'punishing success'; it's ensuring everyone pays their fair share, period.",6,Left-wing
"Imagine what we could do with that money: fully funded public education, affordable housing, green initiatives, everything!",6,Left-wing
"The concentration of wealth at the top is a direct threat to democracy, honestly. It gives them too much unchecked power.",6,Left-wing
It's not about jealousy; it's about economic justice. We're talking about billions that could transform society for the better.,6,Left-wing
Why should essential workers pay more proportionally than someone who makes millions from investments? It just doesn't make sense.,6,Left-wing
"Education shouldn't be a privilege; it should be a right, accessible to everyone regardless of their zip code or income.",6,Left-wing
"We need to invest in our communities, especially those that have been historically disinvested and left behind.",6,Left-wing
"The militarization of police forces needs to end. We need community-led safety initiatives, not more brutality.",6,Left-wing
"Workers' rights are human rights, full stop. Fair wages, safe conditions, the right to unionize – it's all crucial.",6,Left-wing
"Food insecurity in a country with so much abundance? It's a policy failure, not a personal one. We can fix this.",6,Left-wing
"We need bold action on immigration reform, humane policies that recognize the dignity of every person, you know?",6,Left-wing
"Access to affordable childcare is not a luxury; it's an economic necessity for so many families, especially single parents.",6,Left-wing
"Seriously, when will we prioritize people over corporate profits? That's the core question, isn't it?",6,Left-wing
"Voting rights are under attack, and we need to fight tooth and nail to protect and expand them for every citizen.",6,Left-wing
"It's about solidarity, really. Standing together for a more just, equitable, and sustainable world for everyone.",6,Left-wing
"Honestly, we need to stop pretending that billionaires earned their wealth while people are literally starving in the streets.",6,Left-wing
"Healthcare is a human right, period. Why are we still debating this in 2024?",6,Left-wing
The climate crisis isn't a future problem—it’s happening right now and we need a Green New Deal yesterday.,6,Left-wing
"Taxing the rich isn't about ""punishment,"" it's about basic fairness and funding the public services we all use.",6,Left-wing
Intersectionality isn't just a buzzword; it's how we understand how different systems of oppression overlap.,6,Left-wing
"Ummm, can we talk about how the minimum wage hasn't moved in decades while productivity has skyrocketed?",6,Left-wing
"We need to defund the systems that harm our communities and invest in housing, education, and mental health.",6,Left-wing
"It's time to abolish student debt because education should be a public good, not a debt sentence.",6,Left-wing
"The 1% literally own more than the bottom 90%. How is that sustainable? Like, seriously?",6,Left-wing
We can't have climate justice without racial justice. They are two sides of the same coin.,6,Left-wing
Protect trans kids. Full stop.,6,Left-wing
"Honestly, the fossil fuel industry has been lying to us for fifty years and they need to be held accountable.",6,Left-wing
"Universal basic income could literally change so many lives, but we're too busy subsidizing corporate giants.",6,Left-wing
Why do we have enough money for war but never enough for schools or healthcare?,6,Left-wing
Capitalism is literally failing the working class every single day.,6,Left-wing
Housing is a human right. Nobody should be sleeping outside while luxury condos sit empty.,6,Left-wing
"We need to dismantle the patriarchy because it hurts everyone, including men.",6,Left-wing
"Reproductive rights are non-negotiable. My body, my choice, always.",6,Left-wing
The prison industrial complex is just a modern-day extension of slavery and we need to face that.,6,Left-wing
Solidarity forever! We need stronger unions to fight back against corporate greed.,6,Left-wing
"If you can afford a private jet, you can afford to pay your fair share in taxes.",6,Left-wing
"Honestly, the wealth gap is just... it's disgusting at this point.",6,Left-wing
We need to listen to Indigenous voices when it comes to protecting our land and water.,6,Left-wing
Public transit should be free and accessible for everyone if we actually care about the planet.,6,Left-wing
It’s wild that we live in the richest country in history and people still go bankrupt from medical bills.,6,Left-wing
Mental health care is healthcare. It needs to be covered and it needs to be accessible.,6,Left-wing
We need to stop the school-to-prison pipeline and actually invest in our youth.,6,Left-wing
"Defend the planet, not the profits.",6,Left-wing
"Honestly, I'm so tired of ""thoughts and prayers"" when we need actual gun reform.",6,Left-wing
The wealth of billionaires grew by trillions during the pandemic while workers lost everything. Make it make sense.,6,Left-wing
We need to decolonize our education system and tell the real history of this land.,6,Left-wing
Equal pay for equal work shouldn't even be a debate anymore.,6,Left-wing
The Green New Deal is the only plan that actually matches the scale of the climate emergency.,6,Left-wing
"Like, why are we still subsidizing oil companies in 2024? It's absurd.",6,Left-wing
"We need to protect the right to vote for everyone, no matter their zip code or background.",6,Left-wing
Corporate lobbyists have way too much power in DC. We need to get money out of politics.,6,Left-wing
"Black Lives Matter. Today, tomorrow, and every day until the system actually changes.",6,Left-wing
"We need a living wage, not just a minimum wage. $7.25 is a joke.",6,Left-wing
Indigenous sovereignty is key to any real environmental movement.,6,Left-wing
"Honestly, the system isn't broken—it was built this way, and that's why we need to change it.",6,Left-wing
Healthcare shouldn't depend on who your employer is. Medicare for All now.,6,Left-wing
We need to transition to 100% renewable energy and we need to do it fast.,6,Left-wing
Automation shouldn't be a threat; it should be a way to reduce the work week and share the wealth.,6,Left-wing
No human being is illegal. We need a path to citizenship and an end to cruel deportations.,6,Left-wing
The ultra-rich are hoarding wealth like dragons while people can't afford rent.,6,Left-wing
We need to invest in community-led safety initiatives instead of just increasing police budgets.,6,Left-wing
Disability rights are civil rights. We need to make the world accessible for everyone.,6,Left-wing
"Honestly, if we can bail out banks, we can bail out the working class.",6,Left-wing
Tax the hell out of the rich and build some damn high-speed rail.,6,Left-wing
"Intersectionality means that if your feminism doesn't include trans women, it isn't feminism.",6,Left-wing
"We really need to talk about how the billionaires are just getting richer while people can't even afford rent anymore, it's honestly ridiculous.",6,Left-wing
"Like, why is healthcare still tied to employment? It makes zero sense in a modern society.",6,Left-wing
"Climate change isn't some future threat, it's happening right now and we need a Green New Deal like, yesterday.",6,Left-wing
"The amount of wealth hoarding at the top is just... it's a policy failure, plain and simple.",6,Left-wing
"Honestly, we need to defund the systems that oppress people and actually invest in our communities for once.",6,Left-wing
"Umm, can we please acknowledge that trans rights are human rights? Period.",6,Left-wing
"If you can't afford to pay your workers a living wage, you shouldn't be in business, sorry not sorry.",6,Left-wing
It's just exhausting seeing the same corporate politicians ignore the housing crisis while they take lobbyist money.,6,Left-wing
"The 1% literally have more than the bottom 50% combined, how is that not a national emergency?",6,Left-wing
"We need to dismantle these systemic barriers that keep BIPOC folks from succeeding, it's baked into the system.",6,Left-wing
"Healthcare is a human right, not a privilege for those who can afford the premiums.",6,Left-wing
"Honestly, the fossil fuel industry needs to be held accountable for the damage they've done to the planet.",6,Left-wing
"Unionize everything, because collective bargaining is the only way workers actually get a seat at the table.",6,Left-wing
Why are we still debating whether people deserve to eat? Universal basic income needs to be on the table.,6,Left-wing
It's so frustrating that we spend billions on defense but can't find the money for student debt cancellation.,6,Left-wing
"Every single person deserves a safe place to live, regardless of their income or background.",6,Left-wing
"We have to address the intersectionality of these issues, you can't talk about class without talking about race.",6,Left-wing
"So, like, taxing the rich isn't 'punishing success,' it's about making sure society functions for everyone.",6,Left-wing
The prison industrial complex is just modern-day slavery and we really need to abolish it.,6,Left-wing
I'm just so tired of hearing 'how will we pay for it' whenever we talk about social safety nets.,6,Left-wing
"Reproductive justice means everyone has the right to bodily autonomy, no exceptions.",6,Left-wing
"Environmental justice is racial justice, because it's always the marginalized communities that get hit hardest by pollution.",6,Left-wing
We need to stop subsidizing oil companies and start investing in community-led green energy.,6,Left-wing
"Honestly, public transit should be free and accessible to everyone, it's a climate and equity issue.",6,Left-wing
"The minimum wage hasn't moved in years while the cost of living has skyrocketed, it's a total scam.",6,Left-wing
We need to protect our immigrant neighbors and provide a pathway to citizenship for everyone.,6,Left-wing
Corporate greed is literally killing the planet and we're just supposed to act like it's normal?,6,Left-wing
It's time to stop prioritizing shareholder profits over the lives of actual human beings.,6,Left-wing
"Mental healthcare should be part of universal healthcare, it's not a luxury.",6,Left-wing
We need to build a world where your zip code doesn't determine your life expectancy.,6,Left-wing
"Like, why are we still using police for mental health crises? We need social workers and specialized responders.",6,Left-wing
"Affordable housing isn't enough, we need truly decommodified housing.",6,Left-wing
"The rich are literally building rockets to space while people are sleeping on the streets, it's dystopian.",6,Left-wing
We need a wealth tax that actually targets the hoarders at the very top.,6,Left-wing
Abolish the filibuster so we can actually pass some meaningful legislation for the people.,6,Left-wing
"Education should be a public good, from pre-K all the way through college.",6,Left-wing
"I'm just saying, if we can bail out banks, we can definitely bail out the working class.",6,Left-wing
"Disability rights are often left out of the conversation, but they're central to any justice movement.",6,Left-wing
We need to end the war on drugs and start treating addiction as a public health issue.,6,Left-wing
Gender-affirming care is lifesaving and we need to protect it at all costs.,6,Left-wing
It’s wild that we live in the richest country in history and still have child poverty.,6,Left-wing
We need to listen to indigenous voices when it comes to land stewardship and climate action.,6,Left-wing
"Automation shouldn't be a threat to workers, it should be a reason to shorten the work week.",6,Left-wing
Every worker deserves a union and every union deserves the right to strike.,6,Left-wing
"Let's be real, the current system isn't 'broken,' it's working exactly how it was designed to.",6,Left-wing
We need to get corporate money out of politics once and for all.,6,Left-wing
Healthcare shouldn't be a debt sentence for families.,6,Left-wing
"True safety comes from having your needs met, not from more policing.",6,Left-wing
"The billionaires won't save us, we have to save ourselves through community organizing.",6,Left-wing
"A better world is possible, we just have to be bold enough to demand it.",6,Left-wing
"Healthcare is a human right, period. We need M4A like yesterday.",6,Left-wing
The billionaires shouldn't even exist while people are literally starving in the streets.,6,Left-wing
We need a Green New Deal right now because the planet is literally on fire.,6,Left-wing
"Taxing the rich isn't 'radical,' it's just basic fairness.",6,Left-wing
"Honestly, the 1% have been looting the country for decades and it's time to pay up.",6,Left-wing
"Housing is a human right, not a commodity for developers to flip.",6,Left-wing
Defund the police and invest that money into our actual communities.,6,Left-wing
"Climate justice is racial justice, you can't have one without the other.",6,Left-wing
Student debt is literally a scam designed to keep us trapped in the rat race.,6,Left-wing
"Unionize your workplace, it’s the only way we get any power back.",6,Left-wing
"Trans rights are human rights, no debate.",6,Left-wing
"The minimum wage needs to be a living wage, $15 isn't even enough anymore tbh.",6,Left-wing
We need to dismantle systemic racism in every single institution.,6,Left-wing
"Corporate greed is what’s driving inflation, not workers asking for a raise.",6,Left-wing
Why are we subsidizing oil companies while the Arctic is melting??,6,Left-wing
Universal childcare would literally change the lives of millions of families.,6,Left-wing
"Reproductive rights are non-negotiable, stay out of our bodies.",6,Left-wing
The wealth gap is just... it's disgusting at this point.,6,Left-wing
Public transit should be free and accessible to everyone.,6,Left-wing
"Abolish ICE, the way we treat immigrants is a human rights violation.",6,Left-wing
"No one should go bankrupt because they got sick, it's just cruel.",6,Left-wing
We need to stop the school-to-prison pipeline once and for all.,6,Left-wing
Indigenous sovereignty is central to any real climate action.,6,Left-wing
The gig economy is just a way for companies to avoid paying benefits.,6,Left-wing
"We need a wealth tax on everything over like, $50 million.",6,Left-wing
Reparations are a necessary step for healing this country's history.,6,Left-wing
Mental health care needs to be included in universal healthcare.,6,Left-wing
The military budget is bloated while our schools are crumbling.,6,Left-wing
Stop protecting fossil fuel profits over people's lives.,6,Left-wing
"Accessible voting is the backbone of democracy, stop the suppression.",6,Left-wing
"Paid family leave shouldn't be a luxury, it's basic human decency.",6,Left-wing
We gotta stop acting like 'bipartisanship' is more important than progress.,6,Left-wing
"Intersectionality isn't just a buzzword, it's how we actually win.",6,Left-wing
Our justice system is fundamentally broken and needs a total overhaul.,6,Left-wing
The ultra-rich are just hoarding resources that could end poverty tomorrow.,6,Left-wing
Disability justice is a huge part of the fight for equality too.,6,Left-wing
"Capitalism is literally killing the planet, we need a new system.",6,Left-wing
Every worker deserves a seat on the board of their company.,6,Left-wing
"Clean water is a human right, look at what happened in Flint and Jackson.",6,Left-wing
"We need to ban fracking and transition to 100% renewables like, now.",6,Left-wing
Gentrification is just another form of displacement for marginalized folks.,6,Left-wing
The 'trickle-down' myth has been debunked for like 40 years now.,6,Left-wing
We need to provide a path to citizenship for all undocumented people.,6,Left-wing
Big Pharma is literally profiting off of people's suffering.,6,Left-wing
Universal basic income could give people the freedom to actually live.,6,Left-wing
"Prison abolition is the goal, we need restorative justice instead.",6,Left-wing
"The 40-hour work week is outdated, we need a 4-day week with no pay cut.",6,Left-wing
LGBTQ+ youth deserve to feel safe in their schools and homes.,6,Left-wing
"Let's be real, the system isn't broken, it's working exactly as intended.",6,Left-wing
"We have enough for everyone's need, but not everyone's greed.",6,Left-wing
"honestly, it's just wild that we have billionaires while people are literally sleeping on the streets, like how is this okay?",6,Left-wing
"we need medicare for all now, like yesterday... healthcare shouldn't be a privilege for the wealthy.",6,Left-wing
tax the rich. it's not that complicated. they have more than they could spend in a thousand lifetimes.,6,Left-wing
"the climate crisis is literally happening right now and politicians are still taking money from fossil fuel lobbyists, ugh.",6,Left-wing
"housing is a human right, period. we need rent control and more public housing projects.",6,Left-wing
so tired of the 'bootstrap' narrative when the system is literally rigged against working class folks.,6,Left-wing
"unions are the backbone of the middle class, we need to make it easier to organize, not harder.",6,Left-wing
cancel student debt. imagine what the economy would look like if an entire generation wasn't drowning in interest.,6,Left-wing
"trans rights are human rights. it's not a debate, it's just basic decency.",6,Left-wing
"the wealth gap is wider now than it was during the gilded age, let that sink in for a second.",6,Left-wing
"we need to defund the systems that harm us and invest in communities, education, and mental health.",6,Left-wing
"honestly, why are we still subsidizing big oil when the planet is literally on fire?",6,Left-wing
no one should be working 40 hours a week and still not be able to afford a one-bedroom apartment.,6,Left-wing
"the 1% didn't 'earn' their billions, they extracted it from the labor of the working class.",6,Left-wing
reproductive rights are non-negotiable. period.,6,Left-wing
"we need a green new deal to create jobs and save the planet at the same time, it's a win-win.",6,Left-wing
"systemic racism isn't just a buzzword, it's baked into every single institution in this country.",6,Left-wing
privatized prisons should not exist. nobody should profit off of incarceration.,6,Left-wing
the minimum wage hasn't kept up with inflation for decades... it's basically a poverty wage at this point.,6,Left-wing
can we talk about how billionaires paid a lower tax rate than teachers and nurses last year? it's disgusting.,6,Left-wing
"clean water and air should be guaranteed to everyone, regardless of their zip code.",6,Left-wing
"we need to protect the most vulnerable among us, that's literally what a society is for.",6,Left-wing
voting rights are under attack and we need to pass federal legislation to protect the ballot box.,6,Left-wing
abolish the filibuster already. it's just a tool for gridlock and stopping progress.,6,Left-wing
the 'gig economy' is just a fancy way of saying companies don't want to pay for benefits or job security.,6,Left-wing
literally just saw a post about a kid needing a gofundme for insulin... this is a failed state.,6,Left-wing
"solidarity with the baristas and warehouse workers trying to unionize right now, you guys are heroes.",6,Left-wing
indigenous sovereignty and land back movements are central to environmental justice.,6,Left-wing
we need to rethink policing from the ground up because the current model is clearly not working for everyone.,6,Left-wing
"education should be a public good, from pre-k all the way through college.",6,Left-wing
"corporate greed is the primary driver of inflation, don't let them tell you otherwise.",6,Left-wing
"we have enough resources to house and feed everyone, we just lack the political will to do it.",6,Left-wing
"the billionaires are literally racing to space while the oceans are rising, the irony is just... wow.",6,Left-wing
"every worker deserves a living wage, paid sick leave, and a seat at the table.",6,Left-wing
"disability rights are part of the fight for social justice, we need to build an accessible world for all.",6,Left-wing
stop criminalizing poverty. being poor is not a crime.,6,Left-wing
the military budget is absolutely bloated while our schools are literally crumbling.,6,Left-wing
immigrants are part of the fabric of our communities and they deserve a path to citizenship.,6,Left-wing
we need to break up the big tech monopolies before they have even more control over our lives.,6,Left-wing
mental healthcare is healthcare. it needs to be covered and accessible to everyone.,6,Left-wing
"the justice system is only 'just' if you can afford a high-priced lawyer, otherwise it's just a trap.",6,Left-wing
end the war on drugs. it's been a total failure and has only served to devastate communities of color.,6,Left-wing
we need to transition to 100% renewable energy like... ten years ago.,6,Left-wing
"patriarchy hurts everyone, and dismantling it is a win for all of us.",6,Left-wing
taxing capital gains at the same rate as labor would be a good start for fairness.,6,Left-wing
it's not 'radical' to want everyone to have a roof over their head and food on their plate.,6,Left-wing
public transit needs to be expanded and made free to help lower emissions and help workers.,6,Left-wing
the pharmaceutical industry is literally killing people for profit with these insane price hikes.,6,Left-wing
we need to listen to the youth activists because they're the ones who have to inherit this mess.,6,Left-wing
"at the end of the day, it's about people over profits. always.",6,Left-wing
We really need to talk about how billionaires are literally profiting off of our collective misery while the planet burns.,6,Left-wing
"Healthcare is a human right, period—nobody should go bankrupt just because they got sick, it's just wrong.",6,Left-wing
"Honestly, the 1% has been dodging taxes for way too long while our schools are literally crumbling.",6,Left-wing
"We can't have climate justice without social justice, they’re like, completely intertwined.",6,Left-wing
It’s time to defund these bloated police budgets and actually invest in our communities for once.,6,Left-wing
"Ugh, why are we still subsidizing fossil fuel companies in 2024? It makes zero sense.",6,Left-wing
"Housing should be a right, not a speculative investment for some corporate landlord to exploit.",6,Left-wing
"The wealth gap is just getting wider and honestly, it’s completely unsustainable at this point.",6,Left-wing
"Protecting trans kids isn't a 'political' debate, it's about basic human dignity and safety.",6,Left-wing
"We need a Green New Deal right now, like, yesterday, if we want any kind of future.",6,Left-wing
"Minimum wage hasn't moved in years but rent is skyrocketing, how are people even supposed to survive?",6,Left-wing
"Systemic racism isn't just a buzzword, it’s built into the very foundation of our institutions.",6,Left-wing
"Tax the rich, feed the poor—it really shouldn't be this controversial of a take in a civilized society.",6,Left-wing
Intersectionality is key because you can't fight for one group while ignoring the struggles of others.,6,Left-wing
Student debt is literally a trap that keeps an entire generation from ever getting ahead in life.,6,Left-wing
"Let's be real, capitalism is clearly failing the majority of people on this planet right now.",6,Left-wing
"Reproductive rights are non-negotiable, period. My body, my choice shouldn't be a radical idea.",6,Left-wing
"Indigenous sovereignty needs to be at the center of our environmental policies, they've always been the stewards.",6,Left-wing
Unions are the only way workers can actually stand up to these massive corporations and get their fair share.,6,Left-wing
"I’m so tired of seeing 'thoughts and prayers' instead of actual, common-sense gun control legislation.",6,Left-wing
"Universal basic income could literally end poverty as we know it, why aren't we doing it already?",6,Left-wing
"Public transit should be free and accessible to everyone, it’s better for the climate and for equity.",6,Left-wing
"Corporate greed is the primary driver of inflation, don't let them tell you otherwise on the news.",6,Left-wing
We need to abolish the electoral college because every single vote should actually count equally.,6,Left-wing
Abolish private prisons—profiting off of human incarceration is just fundamentally barbaric.,6,Left-wing
"Mental health care needs to be fully covered under a universal system, no excuses, no exceptions.",6,Left-wing
Climate change is a class issue because the poor are always hit the hardest by these disasters.,6,Left-wing
It's time to end the war on drugs and start treating addiction as a public health crisis instead.,6,Left-wing
The 'trickle-down' theory is a total myth that only benefits those at the very top of the pyramid.,6,Left-wing
We need to hold fossil fuel executives personally accountable for the damage they've done to the Earth.,6,Left-wing
"Reparations aren't just about the past, they're about addressing the ongoing wealth gap caused by history.",6,Left-wing
"Disabled people deserve a world that is built for them, not just added on as an afterthought.",6,Left-wing
It's wild that we spend billions on the military but can't find money for universal school lunches.,6,Left-wing
"Gender-affirming care is life-saving care, and that’s just a medical fact despite the noise.",6,Left-wing
We need to democratize the workplace so workers actually have a say in how things are run.,6,Left-wing
"No one should be working 40 hours a week and still living in poverty, it's a massive policy failure.",6,Left-wing
"The justice system is so clearly biased against marginalized folks, it needs a total overhaul.",6,Left-wing
We need to stop the 'growth at all costs' mentality if we actually want to save the environment.,6,Left-wing
"Equal pay for equal work still isn't a reality for so many women, especially women of color.",6,Left-wing
"Refugee rights are human rights, we can't just turn our backs on people fleeing violence and war.",6,Left-wing
The billionaires are literally building bunkers while the rest of us deal with these record heatwaves.,6,Left-wing
Voting rights are under attack and we need federal protection to ensure everyone can participate.,6,Left-wing
Can we please stop acting like 'bipartisanship' is more important than actually helping people?,6,Left-wing
Big Pharma is making a killing while people are literally rationing their insulin to stay alive.,6,Left-wing
Environmental racism is why the most polluted areas are always low-income neighborhoods and communities of color.,6,Left-wing
We need to expand the Supreme Court to restore some kind of balance and fairness to the branch.,6,Left-wing
"It’s time for a 4-day work week, we weren’t born just to produce value for some shareholders.",6,Left-wing
"Paid parental leave should be a standard, not a luxury for a lucky few at tech companies.",6,Left-wing
"The prison-industrial complex is just a modern form of slavery, let's call it what it actually is.",6,Left-wing
"Solidarity with every worker on strike right now, you deserve a fair share of the massive profits you create.",6,Left-wing
"We really need to talk about how the system is rigged against the working class, like, for real, it's exhausting.",6,Left-wing
"Healthcare shouldn't be a privilege for the few, it’s a basic human right that everyone deserves regardless of their bank account.",6,Left-wing
"Honestly, if we don't address the climate crisis right now, there won't be a future for any of us to argue about anyway.",6,Left-wing
"Tax the billionaires until they’re just... regular millionaires? lol but seriously, we need to fix this massive wealth gap.",6,Left-wing
Housing is a human right and it's honestly disgusting that people are sleeping on the streets while luxury condos sit empty.,6,Left-wing
"We need to dismantle systemic racism in every single institution, no more excuses or half-measures.",6,Left-wing
"Why are we still subsidizing fossil fuel companies when the world is literally on fire? Like, make it make sense.",6,Left-wing
"Student debt is a policy choice, and we could choose to cancel it tomorrow if we actually cared about the younger generation's future.",6,Left-wing
Protect trans kids. Period. It’s not that hard to just be a decent human being and let people exist as they are.,6,Left-wing
"The top 1% shouldn't own more than the bottom 90%, that's just basic math and it's fundamentally wrong.",6,Left-wing
"Universal basic income could literally end poverty as we know it, why are we still dragging our feet on this?",6,Left-wing
"Unions are the only reason we have a weekend, so don't let corporate media tell you they aren't necessary anymore.",6,Left-wing
"Reproductive rights are non-negotiable, and it’s wild that we’re still fighting to keep the government out of medical decisions.",6,Left-wing
"It's time to move past 'trickle-down' economics because, newsflash, it has never actually trickled down to the people who need it.",6,Left-wing
Investing in high-quality public transit is a climate issue and an equity issue all rolled into one.,6,Left-wing
"I'm so incredibly tired of seeing 'thoughts and prayers' instead of actual, common-sense gun reform that saves lives.",6,Left-wing
"Immigration is what built this country, and we need a path to citizenship that isn't a total bureaucratic nightmare.",6,Left-wing
"The minimum wage needs to be a living wage, like, $7.25 is an absolute joke in 2024 and we all know it.",6,Left-wing
We need to stop policing poverty and start investing in community-led mental health resources and support systems.,6,Left-wing
Unfettered capitalism is literally killing the planet just to make sure some CEO gets a slightly bigger bonus this year.,6,Left-wing
"Equal pay for equal work, it’s actually wild that we’re still having this conversation in this day and age.",6,Left-wing
"Our education system shouldn't depend on your zip code's property taxes, that just reinforces the cycle of inequality.",6,Left-wing
"Total solidarity with the workers on strike right now, you deserve a seat at the table and a fair share of the profits.",6,Left-wing
"Green New Deal now, because there is no Planet B and we are running out of time to fix the mess we made.",6,Left-wing
"Indigenous sovereignty is central to any real climate justice movement, we have so much to learn from the original stewards of this land.",6,Left-wing
Billionaires shouldn't exist while people are literally skipping life-saving meals to pay for their insulin.,6,Left-wing
"The prison industrial complex is just modern-day slavery by another name, we need real abolition and restorative justice.",6,Left-wing
"Voting rights are under attack across the country and we need to pass federal protections like, yesterday.",6,Left-wing
"It's not a 'labor shortage,' it's a 'dignified wage and respect in the workplace shortage' and everyone knows it.",6,Left-wing
"We need a massive wealth tax to fund the social safety net we all deserve, it's just common sense at this point.",6,Left-wing
"Decriminalize everything related to survival, because being poor or homeless shouldn't be a crime in the wealthiest nation on earth.",6,Left-wing
"Big Pharma is literally profiting off of people dying, it’s ghoulish and we need to break their stranglehold on our health.",6,Left-wing
"Gender-affirming care is life-saving care, full stop, and any attempt to ban it is a direct attack on human rights.",6,Left-wing
"Corporate greed is the primary driver of inflation right now, don't let them trick you into blaming the stimulus checks from years ago.",6,Left-wing
We need to get all that dark money out of politics if we ever want to have a democracy that actually represents the people.,6,Left-wing
"Public schools deserve way more funding than the local police department, let's prioritize our kids' futures for once.",6,Left-wing
"The climate crisis is a racial justice issue, let’s be very clear about which communities get hit first and hardest by pollution.",6,Left-wing
"Paid family leave should be the standard for everyone, not just a luxury for people with fancy corporate office jobs.",6,Left-wing
We are the only 'developed' nation without universal healthcare and it's honestly embarrassing and cruel.,6,Left-wing
"Intersectionality isn't just a buzzword, it's how we actually build a movement that wins for every single one of us.",6,Left-wing
End the filibuster so we can actually pass the legislation that the majority of people in this country actually want.,6,Left-wing
We need to stop the school-to-prison pipeline once and for all by investing in counselors instead of more cops in hallways.,6,Left-wing
"Renewable energy is cheaper, cleaner, and better for the soul of the planet than digging up more oil.",6,Left-wing
"Nobody 'makes' a billion dollars, they take a billion dollars from the surplus value created by the people who actually do the work.",6,Left-wing
Expand the Supreme Court because the current balance is totally out of touch with the will of the American people.,6,Left-wing
"Mental health care is healthcare, and it should be free and accessible to everyone who needs it without any stigma.",6,Left-wing
"We need to demilitarize the police, like, why do they even have tanks and tactical gear for suburban neighborhoods?",6,Left-wing
"Access to clean water is a human right, look at what’s happening in places like Flint and Jackson—it's a disgrace.",6,Left-wing
The gig economy is just a clever way for tech giants to dodge providing basic benefits and job security to their workers.,6,Left-wing
"We have more than enough resources for everyone to thrive, we just have a distribution problem caused by greed.",6,Left-wing
"We literally need to tax the billionaires like yesterday, it's actually insane how much wealth they're hoarding while people starve.",6,Left-wing
"Healthcare should be a human right, period. No one should go bankrupt just because they got sick or had an accident.",6,Left-wing
"Honestly, if we don't pass a Green New Deal soon, our kids won't even have a livable planet to inherit, and that's just facts.",6,Left-wing
"Systemic racism isn't just a buzzword, it's baked into every single institution in this country and we have to dismantle it.",6,Left-wing
"Housing is a human right, not a commodity for some corporate landlord to exploit for profit while people sleep on the streets.",6,Left-wing
"We need to defund the police and actually invest that money into our communities, like schools and mental health services.",6,Left-wing
"Trans rights are human rights, and anyone who says otherwise is just on the wrong side of history tbh.",6,Left-wing
It's high time we cancel all student debt because it's literally holding an entire generation back from starting their lives.,6,Left-wing
The way the minimum wage hasn't kept up with productivity is just... gross. We need a living wage for everyone now.,6,Left-wing
"Climate justice is racial justice, you can't have one without the other because it's always marginalized folks who suffer first.",6,Left-wing
Unions are the backbone of the working class and we need to make it way easier for workers to organize without being intimidated.,6,Left-wing
"Like, why are we still subsidizing fossil fuels when the world is literally on fire? It makes zero sense.",6,Left-wing
Abortion is healthcare. Full stop. Get your laws and your religion off our bodies.,6,Left-wing
The ultra-rich shouldn't even exist while there are children going to bed hungry in the wealthiest country on earth.,6,Left-wing
Universal basic income could literally solve so many problems if we just had the political will to actually do it.,6,Left-wing
We need to abolish ICE and fix our broken immigration system that treats people like criminals just for wanting a better life.,6,Left-wing
Indigenous sovereignty is key to protecting our environment and we need to start listening to the land's original protectors.,6,Left-wing
"Public transit should be free and accessible to everyone, it's a basic necessity for a functioning, sustainable city.",6,Left-wing
The gender pay gap is still a thing in 2024 and it's honestly exhausting that we're still fighting for equal pay for equal work.,6,Left-wing
"Corporate greed is the real reason everything is so expensive right now, it's not 'inflation,' it's price gouging.",6,Left-wing
"We need to dismantle the patriarchy because it hurts literally everyone, including men, by enforcing toxic standards.",6,Left-wing
"Education should be free from pre-K all the way through grad school, it's an investment in our collective future.",6,Left-wing
The prison-industrial complex is just slavery by another name and we need to end mass incarceration once and for all.,6,Left-wing
"Disability rights are often left out of the 'progressive' conversation but accessibility is a fundamental right, not a favor.",6,Left-wing
I'm so tired of politicians offering 'thoughts and prayers' instead of actually passing common-sense gun reform to save lives.,6,Left-wing
Wealth inequality in this country is at Gilded Age levels and it's totally unsustainable for a healthy democracy.,6,Left-wing
"Refugees are welcome here, and we need to stop the xenophobic rhetoric that the media keeps pushing.",6,Left-wing
"Intersectional feminism is the only way forward, we have to support all women, especially WOC and trans women.",6,Left-wing
Big Pharma is literally killing people by price-gouging life-saving meds like insulin and Epipens for profit.,6,Left-wing
We need to protect our voting rights because the GOP is literally trying to suppress the vote in every marginalized community.,6,Left-wing
"The 1% literally owns more than the bottom 90% combined, how is that even remotely fair or okay?",6,Left-wing
"Environmental racism is real, look at where the most polluted areas are—it's always where people of color live.",6,Left-wing
"Paid family leave should be the standard for everyone, not a luxury only for the lucky few who work at big tech companies.",6,Left-wing
"Honestly, capitalism is just not working for the vast majority of people anymore and we need to rethink the whole system.",6,Left-wing
"We need to tax capital gains at the same rate as labor, if not higher, because why is 'money making money' taxed less than work?",6,Left-wing
"The police budget is always increasing while our public schools are literally falling apart, make it make sense.",6,Left-wing
We need to end the filibuster so we can actually pass the legislation that the majority of people in this country want.,6,Left-wing
Climate change is an existential threat and we're acting like it's some minor inconvenience that we can deal with later.,6,Left-wing
"Protecting the rights of the LGBTQ+ community isn't 'radical,' it's just basic human decency and respect.",6,Left-wing
"We need a wealth tax on anyone with over $50 million, they won't even miss it and it could fund so much good.",6,Left-wing
Worker-owned cooperatives are a much better model than traditional corporate structures where the CEO takes everything.,6,Left-wing
Mental health care needs to be fully integrated into our healthcare system and free at the point of service for all.,6,Left-wing
"The military budget is absolutely bloated, we could fund so many social programs with just a small fraction of that cash.",6,Left-wing
"Gentrification is displacing entire communities and we need real, enforceable rent control to keep people in their homes.",6,Left-wing
"Reparations aren't just about money, they're about acknowledging and fixing centuries of systemic harm and stolen labor.",6,Left-wing
We need to ban fracking and transition to 100% renewable energy like yesterday if we want to save the ecosystem.,6,Left-wing
"The right to protest is fundamental to a free society, yet we see it being criminalized more and more every year.",6,Left-wing
Intersectionality is about understanding how different forms of oppression overlap and compound for certain groups.,6,Left-wing
"Nobody 'makes' a billion dollars, they take a billion dollars from the collective labor of their underpaid employees.",6,Left-wing
"It's time for a four-day work week, our productivity has skyrocketed over decades but our free time hasn't changed at all.",6,Left-wing
"We need to stop talking about incremental change and start talking about dismantling the whole system, honestly.",6,Left-wing
"Healthcare is a human right, period. Why are we still debating this in 2024?",6,Left-wing
"Taxing the billionaires isn't 'radical,' it's common sense when people are literally starving.",6,Left-wing
"The climate crisis is already here, and like, we're still subsidizing oil companies? Make it make sense.",6,Left-wing
"Housing should be a guaranteed right, not a way for corporate landlords to get even richer.",6,Left-wing
"Ugh, another day of watching the 1% get wealthier while the rest of us struggle to pay rent.",6,Left-wing
Trans rights are human rights. Full stop.,6,Left-wing
"We need a Green New Deal now because there's actually no planet B, guys.",6,Left-wing
Defunding the police isn't about chaos; it's about investing in the communities that have been ignored for decades.,6,Left-wing
Unionize everything. Seriously. Workers deserve a seat at the table.,6,Left-wing
It's wild that we live in the richest country in history and people still go bankrupt over medical bills.,6,Left-wing
"Systemic racism isn't just a buzzword, it's baked into every institution we have.",6,Left-wing
"Student debt is a policy choice, and we can choose to cancel it tomorrow.",6,Left-wing
"Corporate greed is the primary driver of inflation, let's be real for a second.",6,Left-wing
"Indigenous land rights need to be at the center of our environmental policy, no questions asked.",6,Left-wing
"Public transit should be free and accessible to everyone, honestly it just makes sense.",6,Left-wing
We can't have 'climate justice' without racial and economic justice. It's all connected.,6,Left-wing
Abolish ICE and stop treating human beings like they're 'illegal' for just existing.,6,Left-wing
The minimum wage hasn't moved in forever while productivity is through the roof... make it make sense.,6,Left-wing
"We need to protect the right to choose, everywhere, no exceptions or caveats.",6,Left-wing
"Honestly, billionaires shouldn't even exist as long as there's a single person sleeping on the street.",6,Left-wing
Wealth inequality is at its highest since the Gilded Age and people are still defending the status quo? Wild.,6,Left-wing
Universal basic income could literally end poverty tomorrow if we actually had the political will.,6,Left-wing
"Stop letting fossil fuel lobbyists write our energy laws, it's so incredibly corrupt.",6,Left-wing
Reparations are a necessary part of the conversation about building a fair future for everyone.,6,Left-wing
"Accessible childcare is a necessity, not a luxury reserved for the wealthy elites.",6,Left-wing
Intersectionality is key because you can't fight one form of oppression without fighting them all.,6,Left-wing
Why are we spending billions on the military while our schools are literally falling apart?,6,Left-wing
"It’s time to ban assault weapons, like, how many more tragedies do we need to witness?",6,Left-wing
"Support your local mutual aid groups, they’re doing the work the government refuses to do.",6,Left-wing
Voter suppression is a direct threat to democracy and we need to call it out every single time.,6,Left-wing
"Paid family leave should be the standard, not a 'perk' at some fancy tech job.",6,Left-wing
"The prison industrial complex is just modern-day slavery, let's be honest about it.",6,Left-wing
"We need to tax capital gains at the same rate as labor, if not way higher.",6,Left-wing
"Mental healthcare needs to be fully integrated into universal health coverage, no more stigma.",6,Left-wing
Diversity isn't just about optics; it's about power and who gets to make the decisions.,6,Left-wing
Clean water is a human right—look at what happened in Flint and Jackson and tell me otherwise.,6,Left-wing
Big Pharma is literally profiting off of people's sickness and it’s absolutely disgusting.,6,Left-wing
We need to protect our unions because they're the only thing standing between us and total corporate rule.,6,Left-wing
"Environmental racism is real, and it's why the most polluted areas are always low-income communities.",6,Left-wing
Let's talk about how the 'middle class' is disappearing because of forty years of trickle-down lies.,6,Left-wing
"Disability rights are often left out of the convo, but we need universal design everywhere.",6,Left-wing
Expand the Supreme Court because it's clearly been hijacked by right-wing extremists.,6,Left-wing
"Food insecurity in a country this wealthy is a policy failure, plain and simple.",6,Left-wing
The 'gig economy' is just a fancy way of saying 'exploiting workers without providing benefits.',6,Left-wing
We need to stop criminalizing homelessness and start providing actual support and housing.,6,Left-wing
Reproductive justice includes the right to raise children in a safe and healthy environment.,6,Left-wing
"Corporate subsidies are just socialism for the rich, while the poor get 'rugged individualism.'",6,Left-wing
"Every worker deserves a living wage, no matter what their job title is or where they work.",6,Left-wing
Protecting our democracy means getting dark money out of politics once and for all.,6,Left-wing
"Honestly, we need to stop pretending that billionaire philanthropy is a substitute for actually taxing the rich and funding public services.",6,Left-wing
"Healthcare should be a right, not a privilege for those who can afford it—like, it's 2024, why are we still even debating this?",6,Left-wing
"The climate crisis isn't coming; it's already here, and we need a Green New Deal right now to actually save our future.",6,Left-wing
"Systemic racism isn't just a buzzword; it’s baked into the very foundation of our housing and legal systems, and we have to dismantle it.",6,Left-wing
We really need to talk about how the 1% doubled their wealth during a global pandemic while regular people were literally struggling to buy groceries.,6,Left-wing
"Housing is a human right, period. No one should be sleeping on the street while luxury condos sit empty as investment properties.",6,Left-wing
"Honestly, it's time to defund the bloated police budgets and actually invest that money in community resources like mental health and youth programs.",6,Left-wing
Protecting trans kids isn't some 'political' stance—it's literally about basic human dignity and keeping people safe from harm.,6,Left-wing
"The minimum wage hasn't moved in years, but productivity is through the roof... we are being exploited, plain and simple.",6,Left-wing
Intersectionality matters because you can't fight for one community while ignoring how systems of oppression overlap for others.,6,Left-wing
We need to cancel all student debt because it’s a total drag on the economy and keeps an entire generation in a cycle of poverty.,6,Left-wing
It's honestly crazy how we always have money for war but 'can't afford' universal childcare or paid family leave.,6,Left-wing
"Corporate lobbyists have way too much power in DC, and we need to get money out of politics for good if we want a real democracy.",6,Left-wing
Indigenous sovereignty is central to any real conversation about land conservation and fighting the climate crisis.,6,Left-wing
"Let’s be real, the 'trickle-down' theory has failed for decades and only served to make the rich richer while the rest of us suffer.",6,Left-wing
"Reproductive rights are essential healthcare, and we won’t back down until everyone has full autonomy over their own bodies.",6,Left-wing
We need to stop criminalizing poverty and start addressing the root causes of why people are struggling in the first place.,6,Left-wing
"A union job is a pathway to the middle class, and every worker deserves the right to organize without fear of retaliation.",6,Left-wing
Climate justice is also racial justice because marginalized communities are always hit first and hardest by environmental disasters.,6,Left-wing
Why are we still subsidizing fossil fuel companies with billions of dollars while the planet is literally on fire?,6,Left-wing
"If you can afford a private jet to go to a climate conference, you can definitely afford to pay your fair share in taxes.",6,Left-wing
The school-to-prison pipeline is a direct result of failing our youth and over-policing black and brown neighborhoods instead of supporting them.,6,Left-wing
Universal basic income could literally end extreme poverty overnight if we actually had the political will to do it.,6,Left-wing
We need to expand the Supreme Court because it’s currently being used as a political tool to strip away our fundamental rights.,6,Left-wing
"Disability justice means making the world accessible for everyone from the start, not just as an afterthought or a compliance check.",6,Left-wing
It’s so frustrating that we're still fighting for a living wage while CEOs are making 300 times more than their average workers.,6,Left-wing
We need to abolish the filibuster so we can actually pass legislation that the vast majority of people in this country actually want.,6,Left-wing
"Gun violence is a public health crisis and we need common-sense reform like, yesterday, to protect our children.",6,Left-wing
"Immigrants make our country stronger and we need a clear, compassionate path to citizenship that doesn't involve cages or walls.",6,Left-wing
"It’s not 'radical' to want clean air, clean water, and a roof over your head. That's just basic survival.",6,Left-wing
We should be investing in public transit and high-speed rail instead of just building more and more highways that destroy neighborhoods.,6,Left-wing
The gig economy is just a fancy way for billion-dollar companies to avoid giving workers the benefits and security they deserve.,6,Left-wing
"Solidarity isn't just a feeling; it's a practice of showing up for each other across all movements, from labor to queer liberation.",6,Left-wing
We need to hold big tech companies accountable for spreading hate and disinformation just to increase their profit margins.,6,Left-wing
"Voting rights are under attack across the country, and we need federal protections to ensure every single voice is heard.",6,Left-wing
It’s about time we addressed the historical injustices of redlining and how they still affect the wealth gap today.,6,Left-wing
"Education should be free from pre-K through college because an educated society benefits literally everyone, not just the wealthy.",6,Left-wing
"We need to end the failed war on drugs and treat addiction as a health issue, not a reason to lock people up.",6,Left-wing
"The wealth gap is at its highest point since the Gilded Age, and honestly, it's just not sustainable for a functioning society.",6,Left-wing
"Mutual aid is how we take care of each other when the state fails us, and it's honestly a beautiful example of community power.",6,Left-wing
"We need to move away from car-centric cities and build places that are actually walkable and built for people, not vehicles.",6,Left-wing
Mental health services should be included in basic healthcare coverage without any extra cost or hoop-jumping.,6,Left-wing
"Capitalism is literally killing the planet for short-term profits, and we need a total system change to survive.",6,Left-wing
"Every single person deserves to live with dignity, regardless of their zip code, their job, or their background.",6,Left-wing
Protecting our oceans isn't just about the fish; it's about the entire ecosystem that we all depend on for survival.,6,Left-wing
We need to stop the privatization of public services like schools and prisons—it just creates a profit motive for systemic failure.,6,Left-wing
"Gender-affirming care is life-saving care, and it’s heartless to try and take that away from people who are just trying to exist.",6,Left-wing
Let’s talk about how the military-industrial complex eats up our entire budget while our infrastructure is literally crumbling.,6,Left-wing
Reparations are a necessary step toward healing the generational trauma and wealth theft caused by centuries of slavery and Jim Crow.,6,Left-wing
"Democracy should mean one person, one vote—not one dollar, one vote. We need to end the era of dark money.",6,Left-wing
"Honestly, it's 2024 and we still don't have universal healthcare? Like, how is that even real?",6,Left-wing
"Tax the rich. No, seriously, tax them until they are just... regular rich.",6,Left-wing
"The climate crisis isn't coming, it's literally already here and we're just vibing while the world burns.",6,Left-wing
"Trans rights are human rights, period. End of discussion.",6,Left-wing
"We need to talk about how systemic racism isn't just 'mean people,' it's built into the actual laws.",6,Left-wing
"Ummm, why are we subsidizing oil companies while people are sleeping on the streets? Make it make sense.",6,Left-wing
"Housing should be a right, not a profit machine for some corporate landlord.",6,Left-wing
"Living wage is the bare minimum, folks. If you can't pay your workers, you shouldn't have a business.",6,Left-wing
"The wealth gap is literally disgusting at this point, like, how do people justify it?",6,Left-wing
Defund the systems that harm us and invest in the communities that actually need it.,6,Left-wing
Solidarity with the union workers on strike today! Get that bread and your rights.,6,Left-wing
It's not 'radical' to want everyone to have a doctor. It's just... basic empathy?,6,Left-wing
Cancel student debt. All of it. Now. It's holding back an entire generation.,6,Left-wing
"We can't have 'infinite growth' on a planet with finite resources, it's just basic math.",6,Left-wing
"Indigenous sovereignty is climate action, we really need to start listening.",6,Left-wing
The billionaires are literally playing space race while people can't afford insulin... cool cool cool.,6,Left-wing
"Reproductive rights are non-negotiable. My body, my choice, always.",6,Left-wing
"Honestly, the 40-hour work week is a relic of the past and we need to move on to a 4-day week.",6,Left-wing
"Public transit should be free and high-quality, change my mind.",6,Left-wing
Capitalism is literally failing the working class every single day and we're just supposed to ignore it?,6,Left-wing
"Intersectionality isn't just a buzzword, it's how we actually win for everyone.",6,Left-wing
Why are we still criminalizing poverty? It's so backwards and cruel.,6,Left-wing
Just... imagine a world where your survival isn't tied to your productivity for some CEO.,6,Left-wing
"Green New Deal or bust, honestly. We don't have time for 'incremental change' anymore.",6,Left-wing
The police budget is huge but schools are buying their own pencils? Make it make sense.,6,Left-wing
Abolish the filibuster and actually get some work done for the people for once.,6,Left-wing
"We need to protect our trans kids from these hateful bills, they just want to exist.",6,Left-wing
"Corporations are not people, my friends, no matter what the courts say.",6,Left-wing
"Healthcare is a human right, not a privilege for the lucky few with good jobs.",6,Left-wing
"It's time to stop the school-to-prison pipeline for real, it's destroying lives.",6,Left-wing
"We don't need more billionaires, we need more nurses, teachers, and social workers.",6,Left-wing
"The minimum wage hasn't moved in forever but rent has tripled? Yeah, okay, cool.",6,Left-wing
Climate justice is racial justice. You literally cannot separate them.,6,Left-wing
"Universal basic income would change so many lives overnight, it's worth the investment.",6,Left-wing
Why do we keep voting for people who take millions from the NRA?,6,Left-wing
"Diversity is our strength, but inclusion is the actual work we have to do.",6,Left-wing
The 'bootstrap' myth is just a way to blame poor people for being poor in a rigged system.,6,Left-wing
"We need a wealth tax yesterday, no one needs that much money.",6,Left-wing
Stop policing black and brown bodies and start policing the big polluters destroying the Earth.,6,Left-wing
Mental healthcare is healthcare. Period. It should be free and accessible to all.,6,Left-wing
"Labor unions are the backbone of the middle class, let's be real for a second.",6,Left-wing
It’s wild how we have enough food to feed everyone but we let it rot for 'profit.',6,Left-wing
"Dismantle the patriarchy because it's hurting literally everyone, not just women.",6,Left-wing
Affordable housing is a myth if it's still 60% of your monthly paycheck.,6,Left-wing
"Protecting the environment isn't a hobby for the rich, it's survival for the poor.",6,Left-wing
"We need to actually listen to marginalized voices, not just do performative activism on IG.",6,Left-wing
Privatized prisons shouldn't even exist. Who should profit off of someone being locked up?,6,Left-wing
"Student loans are basically a debt trap for the youth, it's predatory as hell.",6,Left-wing
"Tax the 1% and fund our futures, it's really not that complicated.",6,Left-wing
"Solidarity forever, because we are stronger together than they will ever be alone.",6,Left-wing
"Honestly, it's 2024 and we're still fighting for basic human rights... like, how is healthcare not free yet?",6,Left-wing
We need to stop pretending that 'trickle-down' works because it clearly only helps the top 1% and leaves the rest of us with nothing.,6,Left-wing
"The climate crisis isn't a 'future' problem anymore, it's literally happening right now, just look at these record heatwaves.",6,Left-wing
"Taxing the ultra-wealthy isn't 'radical,' it's just common sense at this point to fund the services we all use.",6,Left-wing
"I'm so tired of seeing corporate profits soar while workers can't even afford their monthly rent, tbh it's disgusting.",6,Left-wing
Systemic racism is built into the very foundation of our institutions and we have to do the work to tear it down.,6,Left-wing
"Housing should be a human right, not a way for landlords to exploit people for every single cent they have.",6,Left-wing
"trans rights are human rights, period. we gotta stop the hate and protect our kids from these bigoted laws.",6,Left-wing
Why are we spending billions on the military when our schools are literally falling apart and teachers are underpaid?,6,Left-wing
"The Green New Deal is the only way we're gonna survive this mess, let's be real about the scale of change needed.",6,Left-wing
We need to cancel all student debt because it's literally just a trap for the working class to keep them in debt forever.,6,Left-wing
"Indigenous sovereignty is central to any real climate justice movement, period. Listen to the original stewards of the land.",6,Left-wing
It's wild that some people care more about property damage during a protest than the lives of marginalized people being taken.,6,Left-wing
"Intersectionality isn't just a theory, it's how we actually build a movement that leaves no one behind, you know?",6,Left-wing
Unionize everything. Seriously. Workers deserve a seat at the table and a voice in their own lives.,6,Left-wing
"Reproductive justice means more than just 'choice,' it's about the right to live and raise families safely and with dignity.",6,Left-wing
"Can we talk about how the prison industrial complex is basically just modern-day slavery? We need abolition, not reform.",6,Left-wing
"Universal Basic Income would literally change so many lives overnight, it's frustrating we aren't even trying it.",6,Left-wing
"The billionaires won't save us, they're the ones who profited off the crisis in the first place while we suffered.",6,Left-wing
"Solidarity is a verb, not just a feel-good word for your social media bio. Show up for your neighbors.",6,Left-wing
"Honestly, if your feminism isn't intersectional, what are you even doing? It's gotta be for everyone or it's for no one.",6,Left-wing
"We need to defund the systems that harm us and invest in the communities that need it most, like, for real.",6,Left-wing
"Living wage? No, we need a thriving wage. Nobody should work 40 hours and still struggle to buy groceries.",6,Left-wing
"The wealth gap is literally a policy choice, and we can choose differently if we actually hold politicians accountable.",6,Left-wing
I'm just so over the 'both sides' argument when one side is literally trying to take away people's basic existence.,6,Left-wing
"Accessible public transit is a climate issue and an equity issue, full stop. We need to move away from car dependency.",6,Left-wing
We need to protect our libraries and community spaces from being privatized by people who only care about the bottom line.,6,Left-wing
Abolish ICE and stop treating human beings like they're 'illegal' just for seeking a better life for their families.,6,Left-wing
It's actually insane that we have more empty luxury condos than homeless people in this country. The math doesn't add up.,6,Left-wing
"Mental health care IS healthcare and it should be covered by the state, no questions asked.",6,Left-wing
"We have to divest from fossil fuels like, yesterday. We're literally subsidizing our own extinction.",6,Left-wing
"Queer and trans folks deserve to live without fear, and we gotta stand up for them every single day against this wave of hate.",6,Left-wing
The 'gig economy' is just a fancy name for avoiding paying workers benefits and a fair wage. It's exploitation.,6,Left-wing
Our education system shouldn't be funded by property taxes if we want actual equality in our schools.,6,Left-wing
"Disabled voices need to be at the center of our policy-making, not an afterthought once the building is already built.",6,Left-wing
No one should be a billionaire while children are going to bed hungry in the wealthiest nation on earth.,6,Left-wing
"The police state isn't here to protect us, it's here to protect property and the status quo of the elite.",6,Left-wing
"Climate justice is racial justice, you literally can't have one without the other because of environmental racism.",6,Left-wing
"We need to listen to the people on the front lines, not the lobbyists in DC who are just looking for a handout.",6,Left-wing
It's time to end the filibuster and actually pass some legislation that helps regular people for once.,6,Left-wing
"Clean water shouldn't be a luxury, look at what's still happening in Flint and Jackson—it's a disgrace.",6,Left-wing
"Representation matters, but we need actual systemic change, not just diverse faces in high places doing the same old stuff.",6,Left-wing
"The struggle for liberation is global, from the US to every corner of the world where people are being oppressed.",6,Left-wing
"Capitalism is literally a death cult at this point, we need a better way to organize society that values life over profit.",6,Left-wing
"Protecting our elders shouldn't be a partisan issue, we need better social safety nets and dignity in aging.",6,Left-wing
"Every worker deserves a union, every student deserves an education, and every person deserves a safe home.",6,Left-wing
It’s kinda funny—but also sad—how the people who scream about 'freedom' are the ones trying to ban books in schools.,6,Left-wing
We need to redistribute the wealth that was stolen from the global south through centuries of exploitation.,6,Left-wing
"Sustainable farming is the future, we can't keep letting big ag destroy the soil and the planet for a quick buck.",6,Left-wing
"Keep showing up, keep protesting, keep organizing... because that's the only way things have ever actually changed.",6,Left-wing
"Honestly, we need to stop acting like billionaires earned their wealth while millions of people can't even afford rent or groceries.",6,Left-wing
"Medicare for All is literally the bare minimum we should be asking for in a country as wealthy as ours, tbh.",6,Left-wing
The climate crisis isn't some far-off threat anymore; it's happening right now and we need a Green New Deal like yesterday.,6,Left-wing
"Taxing the ultra-rich isn't about punishment, it's about basic fairness and finally funding the schools our kids deserve.",6,Left-wing
The way the system treats marginalized communities is just... it's exhausting and we have to do better than this.,6,Left-wing
"Ummm, why are we still subsidizing fossil fuel companies when the planet is literally on fire??",6,Left-wing
"Housing should be a human right, not just another way for corporate landlords to squeeze every cent out of working families.",6,Left-wing
"If your brand of feminism isn't intersectional, then who exactly are you fighting for? We need to include everyone.",6,Left-wing
"The wealth gap is reaching Gilded Age levels and honestly, it’s time to eat the rich and redistribute that power.",6,Left-wing
"Defunding the police is really about reinvesting in community resources that have been neglected for decades, you know?",6,Left-wing
"We need to protect trans kids at all costs, period. Their lives are not a political debate.",6,Left-wing
It's wild that people think a $15 minimum wage is 'too much' when productivity has skyrocketed while wages stayed flat.,6,Left-wing
"Student loan debt is literally a weight around the neck of an entire generation, we need total cancellation now.",6,Left-wing
We can't have racial justice without economic justice—they are two sides of the same coin and we can't ignore either.,6,Left-wing
"Tbh, the 1% has way too much influence over our politics and it's basically destroying what's left of our democracy.",6,Left-wing
"Every single person deserves access to gender-affirming care without being harassed by the state, it's healthcare.",6,Left-wing
"Can we talk about how 'trickle-down economics' has been a total scam for forty years? It never trickles down, it just stays at the top.",6,Left-wing
The prison industrial complex is just modern-day slavery and we need to abolish it and focus on rehabilitation instead.,6,Left-wing
"Renewable energy is the future, like, why are we still clinging to coal and oil just to keep a few CEOs rich?",6,Left-wing
Reproductive rights are non-negotiable. Stay out of our healthcare decisions and let people choose what's best for them.,6,Left-wing
Living in a country where you can go bankrupt from a single broken leg is just... it's dystopian and we need to change it.,6,Left-wing
Unions are the reason we even have weekends; let's bring that energy back to every single workplace in the country.,6,Left-wing
Indigenous sovereignty is central to any real climate action plan—they've been the stewards of this land forever.,6,Left-wing
Billionaires are literally building rockets for space tourism while people are sleeping on the streets in every major city.,6,Left-wing
"We need to dismantle systemic racism in every single institution, from the education system to the courts, right now.",6,Left-wing
"Universal basic income could literally end poverty as we know it, so why aren't we having a serious conversation about it?",6,Left-wing
Stop calling them 'essential workers' if you aren't going to pay them a living wage and provide decent benefits.,6,Left-wing
The climate crisis is a class issue—the poor suffer the most while the rich buy bunkers and private jets to escape it.,6,Left-wing
"Representation matters, sure, but we need actual policy changes, not just diverse faces in high-ranking corporate positions.",6,Left-wing
It’s time to close the tax loopholes that let giant corporations pay $0 in federal taxes while I pay half my check.,6,Left-wing
Public transit should be free and accessible to everyone; it's better for the environment and helps the working class get around.,6,Left-wing
"No human being is 'illegal' on stolen land, and our immigration system needs a massive overhaul rooted in compassion.",6,Left-wing
The military budget is bloated beyond belief while our infrastructure is literally crumbling. Let's move that money to things we need.,6,Left-wing
We need to listen to black women because they’ve been leading the fight for justice and democracy for a long time.,6,Left-wing
Paid family leave shouldn't be a luxury for the lucky few; it should be a standard right for every single worker.,6,Left-wing
"I'm so tired of seeing 'thoughts and prayers' every time there's a tragedy instead of actual, meaningful gun control legislation.",6,Left-wing
Environmental justice means making sure that zip codes don't determine life expectancy because of pollution in poor neighborhoods.,6,Left-wing
Abolish the filibuster so we can actually pass some legislation for once instead of letting everything die in the Senate.,6,Left-wing
"The greed of Big Pharma is literally killing people who can't afford their insulin, and it's a total moral failure.",6,Left-wing
"Disability rights are human rights, and our world needs to be way more accessible for everyone, not just an afterthought.",6,Left-wing
We need to stop the school-to-prison pipeline and actually invest in our youth and their mental health instead of more cops.,6,Left-wing
"It’s not a 'labor shortage,' it’s a shortage of jobs that actually treat people with dignity and pay them what they're worth.",6,Left-wing
Fighting for the planet means fighting against the 100 corporations that are responsible for 71% of global emissions.,6,Left-wing
Solidarity is our greatest strength against the billionaire class that wants to keep us divided and fighting each other.,6,Left-wing
Capitalism is literally built on the exploitation of workers; we need a new system that puts people over profits every time.,6,Left-wing
"Why is it so hard for some people to understand that Black Lives Matter? Like, actually, it's a basic statement of human value.",6,Left-wing
We need to expand the Supreme Court to protect our fundamental rights from being stripped away by unelected judges.,6,Left-wing
Wealth tax now. There's no reason anyone needs ten houses while others are literally starving in the streets.,6,Left-wing
Every single child deserves a quality education regardless of their parents' income or what neighborhood they live in.,6,Left-wing
"Protecting our democracy means protecting the right to vote for everyone, everywhere, and stopping voter suppression efforts.",6,Left-wing
"We need to stop pretending that trickle-down economics works, because it honestly never has and it's just hurting the working class.",6,Left-wing
"Like, why are we prioritizing corporate profits over the literal survival of our planet? It's actually wild.",6,Left-wing
"Universal healthcare is the bare minimum for a developed nation, full stop. Nobody should go bankrupt because they got sick.",6,Left-wing
The wealth gap is just... it's getting out of control and we need to tax the ultra-rich to fund our social programs now.,6,Left-wing
"Intersectionality isn't just some academic buzzword, it's how we actually understand and fight systemic oppression in the real world.",6,Left-wing
"Honestly, housing should be a human right, not a way for corporate landlords to exploit people for every cent they have.",6,Left-wing
"We need a Green New Deal yesterday, because these 'once in a century' storms are happening every single year now.",6,Left-wing
"If you aren't fighting for the most marginalized people among us, then what are you even doing with your activism?",6,Left-wing
"The minimum wage hasn't been a living wage for decades, and that’s a massive policy failure that we need to fix immediately.",6,Left-wing
Indigenous sovereignty is central to any real climate action plan—we have to listen to the original protectors of the land.,6,Left-wing
It's time to abolish the filibuster and actually pass some progressive legislation for once instead of letting everything stall.,6,Left-wing
"Solidarity with the workers on strike right now, you guys are the real backbone of this country and deserve way better pay.",6,Left-wing
We need to divest from the military-industrial complex and actually invest that money into our failing public schools.,6,Left-wing
"Reproductive justice means healthcare for everyone, no exceptions, and keeping the government out of our personal bodies.",6,Left-wing
Why is it that we always have billions for war but somehow never for universal childcare? Make it make sense.,6,Left-wing
"The criminal justice system isn't broken, it's working exactly how it was designed—to target POC—and that's the whole problem.",6,Left-wing
"We can't just 'reform' a system that's built on systemic racism from the ground up, we have to dismantle it and start over.",6,Left-wing
"Billionaires shouldn't even exist while people are literally sleeping on the streets in the middle of winter, period.",6,Left-wing
"Climate change is a class issue, because the poor are always the ones who suffer first while the rich hide in their bunkers.",6,Left-wing
Trans kids deserve to grow up in a world that affirms who they are instead of being used as political pawns.,6,Left-wing
"Honestly, let's just admit that capitalism is failing the vast majority of people while only enriching a tiny handful at the top.",6,Left-wing
Public transit should be free and accessible for everyone; it’s a climate necessity and a matter of basic mobility rights.,6,Left-wing
We need to stop criminalizing poverty and start addressing the root causes like lack of healthcare and affordable housing.,6,Left-wing
"If your feminism isn't intersectional, then it's just white supremacy in a pink hat, and we don't need that energy.",6,Left-wing
"Taxing the rich isn't about 'punishment,' it's about making sure our society actually functions and provides for its citizens.",6,Left-wing
Student loans are basically a debt trap designed to keep the working class down for their entire lives. Cancel them all.,6,Left-wing
"We need to protect the right to protest at all costs, because that's how every single bit of progress has actually happened.",6,Left-wing
"The 1% has way too much power over our democracy, and we desperately need to get corporate money out of politics for good.",6,Left-wing
"Environmental racism is so real, just look at where they choose to build the pipelines and the toxic waste facilities.",6,Left-wing
"Support your local mutual aid groups because, let's be real, the government clearly isn't coming to help us during a crisis.",6,Left-wing
It's wild that we live in the richest country ever and people are still going bankrupt from basic medical bills in 2024.,6,Left-wing
We need to move beyond the gender binary and celebrate the full spectrum of human identity without all the judgment.,6,Left-wing
"Unionize your workplace today, it's the only way to actually get the power back from these greedy CEOs.",6,Left-wing
"The prison-industrial complex is basically just modern-day slavery with a different name, let's be honest about it.",6,Left-wing
We need a massive investment in green energy jobs so we can transition away from fossil fuels without leaving workers behind.,6,Left-wing
"Disability justice is central to everything we're fighting for; if your movement isn't accessible, it's not a revolution.",6,Left-wing
Why are we still debating if people deserve a living wage? It's just basic human dignity and everyone should have it.,6,Left-wing
"The police budget is absolutely huge but our schools are literally crumbling, we need to reallocate those funds now.",6,Left-wing
Reparations are a necessary and long-overdue step toward healing the damage of centuries of systemic racism and theft.,6,Left-wing
"No human is illegal on stolen land, we need real, compassionate immigration reform that treats people with respect.",6,Left-wing
"Mental healthcare should be a standard part of universal healthcare, it's not a luxury for the wealthy to enjoy.",6,Left-wing
We need to hold these massive corporations accountable for the literal tons of pollution they're dumping into our air.,6,Left-wing
"Fighting for the working class means fighting for ALL workers, regardless of their documentation status or background.",6,Left-wing
"The system isn't going to save us from the climate crisis, we have to organize at the grassroots level and save ourselves.",6,Left-wing
It's time to finally end the failed war on drugs and start treating addiction as a public health issue instead of a crime.,6,Left-wing
Every single worker deserves a seat at the table and a fair share of the massive value they create for their bosses.,6,Left-wing
"We need to protect our water like our actual lives depend on it, because, well, they actually do.",6,Left-wing
"Let's be honest, the current 'economy' is just a shell game designed to funnel wealth upward to the ultra-wealthy.",6,Left-wing
"Healthcare, housing, and a quality education: these should be guaranteed for everyone as basic human rights.",6,Left-wing
"Keeping the status quo is a conscious choice to let people suffer, and we just can't accept that as an option anymore.",6,Left-wing
