text,label,narrative_name,account,date
"Israel’s judokas win 5 medals, including three gold, at the Tbilisi Grand Slam 2026 in Georgia!  Izhak Ashpiz Raz Hershko  Timna Nelson Levy  Inbal Shemesh  Gefen Primo  A historic moment as the top two athletes—both Israeli—faced off in the final, securing 1st and",0,Zionist,Israel,2026-03-22T18:58:59.000Z
"Across cultures, languages, and borders — Nowruz marks a new beginning.  A celebration of renewal, hope, and the arrival of spring.  Wishing a joyful and peaceful Nowruz to all our friends celebrating.",0,Zionist,Israel,2026-03-22T16:00:01.000Z
"We wish Eid al-Fitr Mubarak to all our Muslim friends in Israel and around the world  #EidMubarak. May this holiday bring peace, joy, and shared hope for brighter days ahead.",0,Zionist,Israel,2026-03-19T18:30:00.000Z
And always will be. Even with an extra finger. Am Israel Chai.,0,Zionist,Israel,2026-03-19T17:00:06.000Z
Just in: Israel ranks 8th out of 147 countries in the 2026 World Happiness Report.  Resilience matters.  Am Yisrael Chai!,0,Zionist,Israel,2026-03-19T16:35:27.000Z
The Iranian regime attacks its own people. It attacks Arab countries. And it attacks Europe.  My interview with Omega News.,0,Zionist,Israel,2026-03-19T15:40:37.000Z
Israel’s jiu-jitsu team brought home 8 medals at the European Championship in Greece!  Four silver and four bronze  after two impressive days on the mats. A moment of pride!    Israeli Jiujitsu Federation,0,Zionist,Israel,2026-03-19T15:07:55.000Z
"Israeli technology protecting lives in real time! Israeli navigation app Waze has introduced a feature that guides users to the nearest bomb shelter during emergencies. With one tap, drivers can quickly find safety",0,Zionist,Israel,2026-03-19T13:01:23.000Z
"Think of your grandma, think of your grandpa.  The Iranian regime just murdered a grandmother and a grandfather in Israel.",0,Zionist,Israel,2026-03-18T16:14:00.000Z
Almond blossoms under the Jerusalem sky.  Spring has arrived.,0,Zionist,Israel,2026-03-16T13:00:01.000Z
"A historic moment for Israeli surfing    For the first time ever, an Israeli surfer has qualified for the world’s most prestigious surfing tour. Anat Lelior now enters the Top 24 surfers in the world, securing her place on the World Surf League Championship Tour. We are so",0,Zionist,Israel,2026-03-15T20:00:01.000Z
The Iranian regime is targeting Muslim civilians in Israel,0,Zionist,Israel,2026-03-15T18:01:31.000Z
"The envelope, please...   And the Oscar for Best Supporting Proxy of the Iranian Terror Regime goes to...",0,Zionist,Israel,2026-03-15T18:00:00.000Z
The Somaliland technical experts who had been sent to Israel for training have shared videos on social media showing them touring the cities of Tel Aviv and Jerusalem after completing their training program.  #Telaviv #Israel #Somaliland,0,Zionist,Israel,2026-03-15T09:12:55.000Z
"Hezbollah, acting on behalf of the Iranian regime, is once again turning Lebanon into a launchpad for attacks on Israel.  Millions of Israeli civilians are under fire.  Israel will not accept a terror army on its border.",0,Zionist,Israel,2026-03-15T16:00:02.000Z
"I spoke with Fatma - the Iranian regime struck her son’s home in Zarzir, a Muslim community in Israel. During Ramadan.",0,Zionist,Israel,2026-03-15T14:38:06.000Z
"One year after launching,  AI startup Wonderful reaches a $2B valuation after raising over $280M.  Its enterprise AI agents help companies automate complex workflows and cut handling times by up to 60%.  Israel continues to power the global AI revolution.",0,Zionist,Israel,2026-03-15T13:00:01.000Z
You can run. You can hide. But cardboard regimes fold.,0,Zionist,Israel,2026-03-11T11:47:39.000Z
Loneliness is a growing global epidemic.   startup  @intuitionrobo  created ElliQ - an AI companion that chats with seniors and helps them stay active and connected. 94% of users report reduced loneliness.  Israel: where innovation meets humanity,0,Zionist,Israel,2026-03-11T16:00:02.000Z
"Israel’s Eylon Elazar & Kevin Cuzmiciov won a historic bronze medal at the Challenge Tournament in Bhubaneswar, India   As the highest-ranked team among all medalists, they’ve reached the top 30 in the World Ranking for the first time in their journey together.  We are so",0,Zionist,Israel,2026-03-11T12:30:00.000Z
"As part of the First Somaliland Delegation to Israel, I am honored to have successfully completed the tailored training on National Water Resources Management.   This important program, organized with the support of  @MASHAV  under the  @IsraelMFA  @AmbMohamedHagi",0,Zionist,Israel,2026-03-10T19:12:19.000Z
This is who the Iranian regime targets.  Two innocent lives taken by a regime that deliberately fires at civilian areas.  May their memory be a blessing.,0,Zionist,Israel,2026-03-10T19:02:09.000Z
"Israel’s judokas won one gold and three bronze medals at the Upper Austria Grand Prix 2026   Raz Hershko  Yuli Mishiner  Kerem Primo  Gili Sharir We love seeing our strong Israeli women on the mat, bringing blue and white pride.   International Judo Federation",0,Zionist,Israel,2026-03-10T18:00:01.000Z
"This International Women’s Day, we honor the women on the front lines.  Israeli first responders, firefighters, pilots, police officers, soldiers and search-and-rescue teams.  Courage has many faces. Many of them are women.",0,Zionist,Israel,2026-03-08T14:15:00.000Z
Newborn babies at Beilinson Hospital were wrapped in blue and white as a reminder of what we are fighting for: life itself.    @Beilinson_ENG,0,Zionist,Israel,2026-03-08T13:26:07.000Z
"Negotiations above ground. Calm words, diplomacy, handshakes. Buying time.  Underground, the Iranian regime was rushing its nuclear weapons program - racing toward immunity from neutralization.  Iran. Imminent danger  They had to be stopped.",0,Zionist,Israel,2026-03-07T18:45:00.000Z
We couldn’t find any statement from Hamas condemning Iran’s attacks on Qatar and Turkey - their two great patrons for years. Has the cat got Hamas’ tongue?,0,Zionist,Israel,2026-03-07T15:57:14.000Z
"President  @CyrilRamaphosa , the people of Iran have no words to express their gratitude for this.",0,Zionist,Israel,2026-03-06T17:28:00.000Z
"Like waves that never stop reaching the shore, hope endures, even through life’s hardest tides. May security, peace and brighter days wash over us all. Shabbat Shalom",0,Zionist,Israel,2026-03-06T15:00:00.000Z
The Iranian regime. Terror at home. Terror abroad. Taking civilians hostage. Killing civilians everywhere. They’d kill you given half a chance.,0,Zionist,Israel,2026-03-03T14:00:00.000Z
The Iranian regime kills civilians as policy.,0,Zionist,Israel,2026-03-03T11:58:12.000Z
"Happy Purim!   Purim is the celebration of the victory of the Jewish people over a Persian tyrant who aimed to destroy us 2,500 years ago.  Spoiler: It backfired and always will.",0,Zionist,Israel,2026-03-03T12:00:03.000Z
"This is who Iran targets.  An Iranian missile deliberately targeted a civilian residential neighborhood in Beit Shemesh, murdering 9 civilians. All nine victims have now been identified.  Four were children -  including three siblings.  May their memory be a blessing",0,Zionist,Israel,2026-03-03T08:33:00.000Z
Hava Nagila! The Swedish Iranian community rejoicing in Malmö.  Arise my brothers and sisters with a joyful heart!,0,Zionist,Israel,2026-03-02T19:14:24.000Z
"From Los Angeles to the world, Persians, Israelis, and people of many backgrounds stand united with the Iranian people.  We are strong. We are united. And we will not let any enemy divide us.   X",0,Zionist,Israel,2026-03-03T01:55:59.000Z
"Late winter in Israel looks like this. Before the landscape turns fully green, the almond tree is already in bloom — a classic sign that early spring is on the way.  Spring begins here   : Jonathan Roost",0,Zionist,Israel,2026-02-25T15:16:43.000Z
There is no place for antisemitism in today’s world.,0,Zionist,Israel,2026-02-25T12:23:12.000Z
Three medals for Israel on the ice!    Shira Ichilov & Michael Nosovitskiy claim silver at Skate Berlin 2026.  Tamir Kuperman brings home another silver.  Lev Vinokur adds a bronze to the tally.   Jennibe Ultimate  Israeli Ice Skating Federation,0,Zionist,Israel,2026-02-24T16:41:02.000Z
"Haifa’s tech ecosystem keeps growing, with HiCenter Ventures investing in 24 startups in 2025.  Focused on AI, energy, cybersecurity and maritime innovation.  Backed companies raised $90M, strengthening Haifa’s role as a key engine of ’s innovation economy",0,Zionist,Israel,2026-02-24T15:37:48.000Z
"A historic GOLD for Israeli archery at the 2026 European Indoor Archery Championships in Bulgaria!    Mikaella Moshe and Roy Dror win gold in the mixed pairs event   Roy Dror, Itay Shanny, and Niv Frenkel win gold in the men’s recurve team event  Two gold medals. One",0,Zionist,Israel,2026-02-24T11:35:44.000Z
"Haifa’s tech scene grows with new AI, energy and maritime startups  Local investment fund HiCenter Ventures, set up by the Haifa Economic Corporation and the Haifa Municipality with the aim of strengthening the city’s entr... ynetnews.com/business/artic …",0,Zionist,Israel,2026-02-23T11:51:59.000Z
"Israeli animation shines in Los Angeles!   Huge congratulations to @animoshe_moshe on his Best Short Animated Film nomination at the  @asifahollywood  @theannieawards for Pillowzzz!  Israeli animation continues to reach new heights, proving that bold creativity and original",0,Zionist,Israel,2026-02-24T07:39:20.000Z
"During Ramadan, public transport schedules in Israel are adjusted to accommodate the needs of Israel’s Muslim citizens. Inclusion isn’t a talking point, it’s our reality.",0,Zionist,Israel,2026-02-19T15:28:07.000Z
"Israel’s AI momentum just doesn't stop  Nebius acquires startup Tavily for some $400M.  Tavily built the real-time search engine for AI agents - powering 700,000+ developers and enterprise AI systems worldwide.  From Tel Aviv to the core of the global AI stack",0,Zionist,Israel,2026-02-18T22:00:00.000Z
"Big win for Israel’s cyber ecosystem    Palo Alto Networks acquires  startup Koi - founded in 2024 - for $400M.  Koi protects 500,000+ endpoints worldwide, securing enterprises against rogue AI agents, risky plugins & next-gen supply chain threats.  Israeli innovation",0,Zionist,Israel,2026-02-18T18:00:00.000Z
"Mariia Seniuk advances to the finals at the Winter Olympics after a powerful short program performance  earning 58.61 points to secure her place.  Wishing her the best of luck in the free dance on February 19, we’re cheering you on all the way!",0,Zionist,Israel,2026-02-18T16:00:01.000Z
"Midweek glow. Birds in the evening sky. Israel, in gold.     @Shira",0,Zionist,Israel,2026-02-18T15:00:02.000Z
"Startup Nation energy confirmed   Tel Aviv University is 7th in the world for producing startup founders. Technion – Israel Institute of Technology, 16th.  From campus to society, Israeli innovation shapes the future.",0,Zionist,Israel,2026-02-18T12:00:00.000Z
"AI meets workflow.   U.S. tech giant ServiceNow acquires  data startup Pyramid Analytics adding AI-powered analytics and natural language query to its global platform.  Founded in 2009, Pyramid raised $250M and serves giants like Kellogg’s, Hallmark and Deloitte.  Israel.",0,Zionist,Israel,2026-02-18T10:00:00.000Z
"Ward Fawarseh, a 30 year old Israeli Druze Arab, representing Israel and making history on Israel’s first Olympic Bobsled Team   From the rugby field to the Olympic track, his journey proves what Ward always says: sports bring people together.  Showing Israel’s diversity on",0,Zionist,Israel,2026-02-16T14:00:00.000Z
"On the way to Gazelle Valley   Wildflowers in bloom and flags catching the breeze. The bees as the heartbeat of our ecosystem, quietly sustaining the fields and flowers around us. Enjoying the little reminders of how beautiful and alive this land is  Spring in Israel just",0,Zionist,Israel,2026-02-16T12:00:02.000Z
"A clementine tree on Mount Carmel. Green hills, winter air, and fruit that tastes like sunshine.",0,Zionist,Israel,2026-02-15T18:00:00.000Z
"Meet AJ & Ward, Jew and Druze representing Israel together under one flag. AJ: “Without the flag we’re just a bunch of crazy guys going down the trash can down the mountain.""  For the first time in history, Israel qualified for Olympic bobsled.  Check out their first competition",0,Zionist,Israel,2026-02-15T16:00:02.000Z
"Israeli pride on the global stage  Deni Avdija joins Team World at the NBA All-Stars Game, the first Israeli flag on an All-Star jersey  We’re cheering you on from home. Go Team World!",0,Zionist,Israel,2026-02-15T12:57:22.000Z
"This year, for the first time ever, #NBAAllStar jerseys will feature national flags. According to Israeli leading sports channel, Deni Avdija’s jersey is all the rage among Israeli and Jewish fans. Check out this beauty (:  @sport5il )  #RipCity #NBA",0,Zionist,Israel,2026-02-14T16:23:06.000Z
Happy Valentine’s Day,0,Zionist,Israel,2026-02-14T16:15:00.000Z
"A 99% risk exclusion in 4 minutes.   startup AccuLine completed a multi-center clinical trial showing its AI-based CORA system can detect early coronary blockages with 94% sensitivity.  Non-invasive, no radiation. A potential game-changer for heart care.",0,Zionist,Israel,2026-02-10T22:00:00.000Z
"Israeli surfer, Anat Lelior, makes waves in Oahu, Hawaii finishing 4th in the world at one of the most iconic surf spots.  Making Israel proud!",0,Zionist,Israel,2026-02-10T18:00:00.000Z
"Qumran Caves, overlooking the Dead Sea, are among the most powerful testimonies to ancient Jewish presence in the Land of Israel.  Discovered in the mid-20th century, the Dead Sea Scrolls, written by Jews more than 2,000 years ago, include the oldest known copies of the Hebrew",0,Zionist,Israel,2026-02-10T16:12:42.000Z
Your weakest link isn’t your firewall - it’s your vendors.  Israeli cybersecurity startup Lema raises $17.5M Series A to tackle one of today’s fastest-growing threats: third-party cyber risk.,0,Zionist,Israel,2026-02-10T14:00:02.000Z
"Embassy of Israel in Nepal facilitated the handover of prescription eyeglasses, prepared by Israeli optometrists following free eye check-ups to villagers around Ghatichhina, Pokhara-23.  @IsraelMFA  @MofaNepal  @ramkaji05   #Pokhara #CommunitySupport",0,Zionist,Israel,2026-02-09T07:10:55.000Z
"Last week, with the support of  @israaid  , former hostages Aviva and Keith Siegel visited Kakuma Refugee Camp and the surrounding Kalobeyei settlement in Kenya, one of the largest refugee communities in the world.   After surviving captivity in Gaza themselves, the Siegels are now",0,Zionist,Israel,2026-02-10T09:09:11.000Z
Making our name heard! 5 Israeli medals. Gold + 4 bronze at Taekwondo Austria Open  Congratulations: Aleksandra Dan Rivka Bayech Yarden Nesher Tomer Barash Ariel Vigdor  Israel Taekwondo Federation,0,Zionist,Israel,2026-02-10T10:00:00.000Z
"Israel, a multicultural hub in the Eastern Mediterranean where you get history, art and the best culinary experience all together.  It’s winter in Israel. Temperatures in the high teens [Celsius]; 60-70 Fahrenheit. See you on your next visit",0,Zionist,Israel,2026-02-05T18:00:00.000Z
"Barnabas Szollos  Alpine Skier in the Men’s Category. Check out his first competition on Feb. 7  Carving his way down the mountain, carrying Israel with every turn. Speed, focus & national pride in motion",0,Zionist,Israel,2026-02-05T16:00:01.000Z
"An    alliance. Weather intelligence, scaled from space.  Israeli-founded  tomorrow.io raises $175M at a $1B+ valuation to build an AI-driven weather satellite network.  Delivering faster, more accurate global weather forecasts.",0,Zionist,Israel,2026-02-04T20:00:01.000Z
"Sebastia, in the heart of Samaria, is one of the most historically significant sites in the Land of Israel.  Sebastia (ancient Samaria) was first founded as the capital of the northern Kingdom of Israel by King Omri around 879 BCE. it served as a political, cultural & spiritual",0,Zionist,Israel,2026-02-04T16:08:47.000Z
Israeli windsurfer Shay Kakon wins gold medal at the ILCA6 Open Boat Championship in Argentina!  World Sailing,0,Zionist,Israel,2026-02-04T12:30:00.000Z
"Israeli medical tech continues to prove itself. Now boosted by Israel’s AI expertise.  Medtronic to acquire Israeli AI cardiology firm CathWorks. Deal valued at $585M, could reach $1B.  AI-powered cardiac diagnostics - now scaling through one of the world’s largest med-tech",0,Zionist,Israel,2026-02-04T11:00:02.000Z
"Israeli award-winning documentary film “Gimpel the Fool Returns to Poland,” by Mr. Howard Rypp won First Prize at 7th Nepal Cultural International Film Festival 2026. The Embassy of Israel facilitated the screenings of the film at  @dibyabhumi  and  @IWSchool_ .  #IsraelNepal",0,Zionist,Israel,2026-02-03T07:50:50.000Z
"Israeli pride on the NBA’s biggest stage  Deni Avdija named an NBA All-Star, a historic moment for Israeli basketball players. We’re proud of you. We’re with you all the way",0,Zionist,Israel,2026-02-02T05:25:02.000Z
"Tu Bishvat   The New Year of the Trees - a Jewish festival that celebrates growth, renewal and our enduring connection to the land, nature and the roots that sustain us.",0,Zionist,Israel,2026-02-01T17:00:31.000Z
"Guy Sasson does it again!  pro-wheelchair tennis star is World Champion, with his Dutch partner Niels Vink, at the 2026 Australian Open Quad Wheelchair Doubles. We’re so proud  TENNIS AUSTRALIA/JOSH CHADWICK",0,Zionist,Israel,2026-02-01T16:00:02.000Z
On the ice. On the track. On the snow Meet Israel’s athletes heading to Milano Cortina 2026.  Mariia Seniuk – Figure Skating  Jared Firestone – Skeleton  Dr. Attila Kertész – Cross-Country Skiing Carrying the blue and white with pride,0,Zionist,Israel,2026-02-01T12:30:00.000Z
History in the making. The Israeli consulate of the Pacific Southwest was proud to see director Moshe Rosenthal’s “Tell Me Everything” representing Israel at Sundance 2026.  Incredible to see Rosenthal’s vision recognized on the world stage. As the first Israeli film at Sundance,0,Zionist,Israel,2026-02-01T10:00:01.000Z
"BREAKING: Apple has acquired Israeli AI startup  Q.ai in a deal estimated at $1.5 billion, making it the company’s second-largest acquisition in history.  To those calling to boycott Israel:   Start by tossing your iPhone & AirPods!!",0,Zionist,Israel,2026-01-29T19:58:57.000Z
"Harvest season, 2008. Sending warm Shabbat Shalom wishes from Israel - home to some of the world’s finest grapes and exceptional wine.",0,Zionist,Israel,2026-01-30T14:30:00.000Z
"From Times Square, a reminder the world cannot ignore: Antisemitism increasing globally - literally by hundreds of percent.  Holocaust remembrance is not merely about history. It’s about now and about the future. Stand against antisemitism today.",0,Zionist,Israel,2026-01-27T17:00:01.000Z
"Grand Mufti Amin al-Husseini, the founder of the Palestinian national movement, was a Nazi collaborator and an abhorrent antisemite. From Berlin, on Nazi Arabic radio, he called: ""kill the Jews wherever you find them. This pleases God, history and religion."" Jihadism coupled with",0,Zionist,Israel,2026-01-27T16:33:39.000Z
"Across Israel, “We Remember” is lit up to mark International Holocaust Remembrance Day.  We stand with Jewish communities worldwide, as they face a massive increase in antisemitic onslaught everywhere.  #WeRemember",0,Zionist,Israel,2026-01-27T16:00:01.000Z
"The  UN designated January 27th as International Holocaust Remembrance Day.  Never before. Never again. Never forget.  Foreign Ambassadors to Israel lit candles in memory of individual victims.  Each one of the 6,000,000 had a name.",0,Zionist,Israel,2026-01-27T08:00:00.000Z
"Ran Gvili is home! After 843 days of fear and hope, the body of our last hostage in Gaza was finally returned home.  Our hearts are full of relief and unity.  Today, we take off the yellow ribbon together.   For the first time since 2014, no Israelis remain in the hands of",0,Zionist,Israel,2026-01-26T15:04:15.000Z
"Jerusalem. The Ministry of Foreign Affairs building, on the eve of International Holocaust Remembrance Day. We remember.",0,Zionist,Israel,2026-01-26T17:04:59.000Z
After 843 days all the hostages are home. No more,0,Zionist,Israel,2026-01-26T16:15:00.000Z
Honored to sign today the Participation Contract of the State of Israel in #Expo2027Belgrade  Israel is proud to take part in this remarkable global event hosted by Serbia. This step reflects the strong friendship between our countries and our people. #IsraelExpo2027,0,Zionist,Israel,2026-01-22T13:08:17.000Z
"shekel strengthened 12% since early 2025. Its highest level against the U.S. dollar in 4 years, reflecting a resilient economy moving forward with confidence & strong economic growth fundamentals.",0,Zionist,Israel,2026-01-22T13:09:38.000Z
"Israel opening new University in the Galilee, northern Israel. After 2 years of war which shook the region - New faculties, PhD programs and applied research will strengthen Israel’s north, drive growth and expand opportunities. Looking forward to further success",0,Zionist,Israel,2026-01-22T12:00:03.000Z
Proud of our 2025 achievements. Excited about 2026 prospects. Israel’s economy stepping up to the plate,0,Zionist,Israel,2026-01-22T09:15:20.000Z
"Founded by 2 women. Built for everyone.   startup Legato raises $7M to let non-technical users build AI apps - no code, no CS degree, no tears. Creative thinking out the box.",0,Zionist,Israel,2026-01-22T08:00:01.000Z
"Productive meetings and discussions with world leaders today at #WEF26 in Davos, including:    @PresidentAz  Aliyev of Azerbaijan  President  @ParmelinG  of Switzerland  President  @alexstubb  of Finland   @Presidence_RDC  Tshisekedi of DR Congo   @Presidencia_Ec  Noboa of",0,Zionist,Israel,2026-01-21T20:32:48.000Z
We guess you’re in the right place then,0,Zionist,Israel,2026-01-21T17:18:19.000Z
EndoCure brings the fight against misdiagnosis in cancer & endometriosis to a new level with AI-powered robotic ultrasound delivers 10 times clearer 3D images than MRIs,0,Zionist,Israel,2026-01-21T11:30:00.000Z
"60% of Africans work in subsistence farming, contributing 23% of Africa’s GDP.  Africa can double its agricultural productivity, growing its economy by 20% almost overnight.  Israel. Creating Partnerships in Africa",0,Zionist,Israel,2026-01-18T13:10:20.000Z
Inclusive Innovation  Israel’s HackAutism: Mapping the Spectrum with Solutions. Bringing together partners committed to making life easier for people with autism & their loved ones.  Designing tech with the spectrum. Not around it.    @AlonSpiegel,0,Zionist,Israel,2026-01-18T14:06:50.000Z
Huge potential in synergies behind  @Mobileye ’s $900 million acquisition of Mentee Robotics.  The future is 24/7 factories run by robots & autonomous systems driving growth   The deals which power the  @IsraEconomy,0,Zionist,Israel,2026-01-18T12:29:43.000Z
"Strong GDP growth, a top-performing shekel, and booming stocks — Israel’s innovation economy is gearing up for its next leap.   jpost.com/defense-and-te …",0,Zionist,Israel,2026-01-18T11:30:38.000Z
"Israeli athlete Tamir Kuperman marked his European Championships debut in Britain, scoring 230.17 points.  Representing  with a strong performance on the European stage!   ISU Figure Skating European Championships Sheffield 2026",0,Zionist,Israel,2026-01-18T08:47:30.000Z
Migratory birds gather along northern Israel lake banks  Thousands of cranes and other birds are wintering on the banks of Agamon Lake in the Hula Valley Nature Reserve. The Hula Valley is home to a unique sanctuary for hundreds of millions of birds which migrate from Europe,0,Zionist,Israel,2026-01-17T11:20:16.000Z
Wishing you a tranquil Shabbat Shalom,0,Zionist,Israel,2026-01-16T14:00:01.000Z
Israeli pride on ice. Maria Seniuk qualified to the final at the European Figure Skating Championships.  Maria will represent Israel at the Winter Olympics in Italy this February. Best of luck in the final and on the road to the Olympics!  : Amir Gilad,0,Zionist,Israel,2026-01-15T11:28:14.000Z
"Yuval turned survival into strength, and pain into hope - despite threats, hostility and attempts to silence her. Yuval won hearts.  The popular vote told the real story: millions across Europe embraced her and her song. Her performance rose far above the noise.",0,Zionist,Israel,2026-01-11T14:21:29.000Z
Big news from Israeli travel tech   AI startup Wenrix acquired by global flight giant Etraveli in estimated $200–300M deal.,0,Zionist,Israel,2026-01-11T15:00:00.000Z
"Israel’s technological expertise & relentless drive for innovation can position it as global leader in integrating artificial intelligence into healthcare, according to international expert visiting Israel, MIT professor, Regina Barzilay.",0,Zionist,Israel,2026-01-11T11:13:15.000Z
Israel's national goalkeeper Daniel Peretz marked a win with  @SouthamptonFC  against Doncaster only one day after joining!   A confident first step in England and a proud moment for Israeli sport on the international stage.    @danielperetz__,0,Zionist,Israel,2026-01-11T08:05:29.000Z
Shabbat Shalom  Rain all day… but the sky clearly didn’t get the memo to be gloomy.,0,Zionist,Israel,2026-01-09T14:15:00.000Z
"From Times Square, a clear message: The US and Israel - united against terror. United in freedom.",0,Zionist,Israel,2026-01-09T09:35:23.000Z
"fintech momentum  Blockchain infrastructure leader, Fireblocks, buys Israeli startup TRES for $130M.  TRES’s financial-intelligence platform will strengthen audit-ready compliance and reporting across hundreds of blockchains & financial institutions.",0,Zionist,Israel,2026-01-08T14:00:00.000Z
"What a phenomenal week for Israeli fencing!  Our women’s team struck gold in Abu Dhabi, and our men’s team matched them with a gold of their own in Switzerland. Two competitions, two victories - one incredible moment for Israeli sport. So proud of our athletes and their",0,Zionist,Israel,2026-01-05T08:02:22.000Z
Why does the UN refuse to watch this video?  @UNSRVAW Special Rapporteur on violence against women and girls - how much longer will you continue to ignore Hamas’s use of sexual violence as a weapon?,0,Zionist,Israel,2026-01-04T17:03:48.000Z
"Israeli pride on the global stage: Deni Avdija is 7th in West All-Star fan voting - ahead of some of the NBA’s biggest stars.  Israel is proud of you, Deni.",0,Zionist,Israel,2026-01-04T15:30:00.000Z
"History on the ski slopes: Israel’s Noa Szollos made a breakthrough in slalom in Kranjska Gora, finishing 28th and securing Israel’s first-ever World Cup points in alpine skiing.  A remarkable milestone for Israeli sport and a thrilling glimpse of what’s yet to come for Noa.",0,Zionist,Israel,2026-01-04T14:11:54.000Z
"From rubble to revenue   Morphit - a technology developed by Israeli company Rom - turns unsorted construction waste into blocks, panels and walls.  Less landfill. Less pollution. More value retained inside the construction industry.  Sustainable innovation made in Israel.",0,Zionist,Israel,2026-01-04T13:35:32.000Z
"2026. And Ran Gvili is still not home.  On Oct. 7, 2023, he left surgery to rescue others. Hamas murdered him and took him into Gaza.  His body is still being held. Every day is a ceasefire violation.  Bring Ran Gvili home.",0,Zionist,Israel,2026-01-04T13:08:35.000Z
"If Jews are talking about leaving Canada because they feel unsafe, that is not a Jewish problem. That is a Canadian problem. Full stop.",0,Zionist,Israel,2025-12-31T00:18:32.000Z
"Protecting Aid - Preventing Exploitation  As of January 1, 2026, international NGOs that did not renew their registration will no longer be allowed to operate.  Organizations were notified in March 2025, given nearly ten months to comply, and granted a good-faith extension",0,Zionist,Israel,2025-12-30T15:02:24.000Z
Two Israelis. One prestigious list.   Roy Reznik  @wiz_io  & Alex Bouaziz  @deel  made the Forbes list of 40 youngest self-made billionaires.  5% ! We’re 0.00125% of the global population. It’s innovation in the air!,0,Zionist,Israel,2025-12-30T09:03:24.000Z
We miss Sarah every day.   We carry her in our hearts and pray that we are able and worthy of spreading her warmth and kindness to those around us.  May her memory forever be for a blessing and an inspiration for others to do good,0,Zionist,Israel,2025-12-29T12:57:00.000Z
"The women were sexually assaulted. The men were sexually assaulted. Hamas is riddled with rapists.  On Oct. 7 they murdered 1,200 people. Then they tried to extinguish the souls of those hostages who survived. Israel and Israelis will recover with time. We’ll not forgive Hamas.",0,Zionist,Israel,2025-12-29T14:01:09.000Z
"Tel Aviv Stock Exchange at record high. Outperforms global indexes, boosted by optimism over removal of Iranian threat & ceasefire in Gaza.  Open For Business",0,Zionist,Israel,2025-12-29T13:01:25.000Z
"Congratulations Matan & Ilana who just got engaged!  Having survived Hamas captivity, this brave couple has chosen a beautiful future together. A powerful reminder of resilience, joy and choosing life  Mazal Tov to Matan Zangauker & Ilana Gritzewsky and families!",0,Zionist,Israel,2025-12-29T09:34:09.000Z
Merry Christmas and a Happy New Year!,0,Zionist,Israel,2025-12-25T06:31:23.000Z
"@arielbh5  had so much fun stepping into the kitchen with Chef James, our in-house chef at the Embassy, to prepare a special Christmas meal — and even better, sharing it with my work family.  Curious to see what they have made? Hit play and join us in the kitchen!",0,Zionist,Israel,2025-12-23T08:01:49.000Z
To all our Christian friends around the world - Merry Christmas!,0,Zionist,Israel,2025-12-24T17:54:19.000Z
"As it turned out, not doctor or lawyer, but cherished to this day. Merry Xmas  #Christmas2025",0,Zionist,Israel,2025-12-25T03:41:14.000Z
"Santa on the cusp of 2026. Selfie first, sleigh later   Merry Christmas to all who celebrate  2026, we’re ready     @ArnonBossani",0,Zionist,Israel,2025-12-24T22:00:31.000Z
"It’s Christmas Eve. Sending warm wishes from Israel to all who celebrate. May this night be filled with light, hope and peace. Merry Xmas",0,Zionist,Israel,2025-12-24T15:00:00.000Z
"There was not a single person on Bondi Beach (and beyond) who was not in tears, as David Campbell sung ‘Waltzing Matilda’, in honor of the angelic Matilda, while her parents danced, embracing each other.",0,Zionist,Israel,2025-12-22T08:17:00.000Z
"Highest tech investment in Israel in years: 94 funding rounds totaling $3.43 billion in 4th quarter, 2025.  $15.6 billion in private capital in 2025. Up 24% on 2024. Up 68% on 2023.",0,Zionist,Israel,2025-12-23T14:04:47.000Z
"Shabbat shalom & Happy Hanukkah  Jerusalem's Tower of David at sunset, Shabbat in the air… and yes, we’re lighting that many candles.",0,Zionist,Israel,2025-12-19T13:45:00.000Z
"6th candle tonight. In Mitzpe Ramon, the sky is so clear the candles might get jealous.",0,Zionist,Israel,2025-12-19T13:00:00.000Z
"In the face of overwhelming and unequivocal evidence, even the IPC had to admit that there is no famine in Gaza. Yet the IPC’s report is once again deliberately distorted and doesn’t reflect the reality in the Gaza Strip. It ignores the vast volume of aid entering the Strip",0,Zionist,Israel,2025-12-19T12:00:22.000Z
"Shira Gvili, sister of Ran Gvili, the last hostage held in Gaza, and I delivered a clear message here at the UN today: We cannot move forward as long as Ran is held captive by Hamas. We will not stop or rest until Ran is brought home.",0,Zionist,Israel,2025-12-18T16:43:03.000Z
"Nvidia’s new 160,000-square-meter R&D campus in northern Israel to create 10,000 tech jobs",0,Zionist,Israel,2025-12-18T16:28:59.000Z
"Lighting the 5th candle tonight. Dead Sea rule #1: if it falls in, it floats. Even the dreidel doesn’t stand a chance.",0,Zionist,Israel,2025-12-18T14:30:00.000Z
"From Hanukkah in Israel 2,200 years ago to Times Square today - our light continues to vanquish darkness.",0,Zionist,Israel,2025-12-18T12:31:48.000Z
Read:  @HonestReporting  published an in-depth article drawing on NGO Monitor’s groundbreaking research into Hamas’ control of humanitarian aid and NGO operations in Gaza.,0,Zionist,Israel,2025-12-18T11:35:21.000Z
"This week, a Skies delegation of influencers and social media professionals from around the world visited Israeli innovation and impact centers. They also met survivors at the site of the Nova music festival and at Kibbutz Kfar Aza. Listening firsthand testimonies from the",0,Zionist,Israel,2025-12-18T08:21:24.000Z
Forever.,0,Zionist,Israel,2025-12-16T14:11:55.000Z
"An extraordinary discovery in Jerusalem  A rare 1,300-year-old pendant, stamped with the symbol of the seven-branched menorah, unearthed in a major Israel Antiquities Authority excavation near the Temple Mount, testifies to the presence of Jewish life during the Byzantine",0,Zionist,Israel,2025-12-16T12:18:39.000Z
"Ambassador Amir Maimon returned from Israel and went straight to Bondi Beach, to stand with the Jewish community after the horrific attack.  Hanukkah teaches us that light overcomes darkness - but words aren’t enough. Australia’s leaders must act now to protect Jewish communities",0,Zionist,Israel,2025-12-16T02:42:45.000Z
"Tonight we light the 2nd candle of Hanukkah. The photo shows Beit Guvrin caves, hand-carved more than 2,000 years ago. It probably wasn’t easy to light a full Hanukkiah using only stones…",0,Zionist,Israel,2025-12-15T14:30:00.000Z
"Big victory for Israel’s youth weightlifting team at the Junior Open Weightlifting Championships in Malta. Overall team rankings: Israel 1st place  Individual Highlights: Gold – Individual strongest athlete, U20 tournament Silver – pair U15 Bronze – Strongest U20 female",0,Zionist,Israel,2025-12-15T14:10:29.000Z
Now you know what “globalize the intifada” means.,0,Zionist,Israel,2025-12-15T10:38:32.000Z
From Tel Aviv Beach to Bondi Beach  You stood with us since Oct. 7. Now it’s our turn. Light will vanquish darkness.,0,Zionist,Israel,2025-12-15T11:19:35.000Z
"Lights of every tradition glow together in the city of Haifa - a Menorah for Chanukah, a crescent & a Christmas tree, with the Bahá’í shrine shining in the background. A celebration where our holidays light up the night side by side.",0,Zionist,Israel,2025-12-15T10:00:00.000Z
"Israel has joined the Pax Silica Initiative, a strategic move led by the United States and unveiled during an international conference attended by nine leading countries in the fields of AI, semiconductors, and advanced industries.  Read more >> facebook.com/share/p/1MFpix …",0,Zionist,Israel,2025-12-13T18:18:02.000Z
"Your phone, your laptop and nearly every digital device you own exist because one Israeli engineer asked a question no one else thought to ask.  In the 1980s, computers were advancing fast, but storage was slow, fragile and expensive.   Systems depended on bulky magnetic disks",0,Zionist,Israel,2025-12-11T00:23:42.000Z
"According to The Economist’s 2025 ranking of the world’s strongest economies, Israel ranked 3rd — a testament to its resilience, innovation, and economic strength despite all challenges.   economist.com/finance-and-ec …",0,Zionist,Israel,2025-12-13T18:59:13.000Z
"Unimaginable moments between 6 hostages held in captivity, then murdered, by Hamas. We carry them in our hearts. RIP   Hersh Goldberg-Polin, 23 Eden Yerushalmi, 24 Ori Danino, 25 Almog Sarusi, 27 Alex Lobanov, 32 Carmel Gat, 40    @uvda_tweet",0,Zionist,Israel,2025-12-13T05:23:37.000Z
"This is a video Hamas did not want you to see.  It shows Israeli hostage Carmel Gat enduring the hell of Hamas captivity. You can hear the terror in her voice. Later, Hamas murdered Carmel while she was still in captivity. May her memory be a blessing. @Uvda_tweet",0,Zionist,Israel,2025-12-12T17:27:32.000Z
"Shabbat shalom from the Midburn Festival in the Negev desert, where music & dance meet the beauty of the Land of Israel & its people. Today we dance, and tomorrow. WE WILL DANCE AGAIN!   Hamaagal",0,Zionist,Israel,2025-12-12T14:00:01.000Z
"This week, I had the privilege of meeting Prof. Joel Mokyr, one of this year’s Nobel Laureates in Economic Sciences.  I had the honor of hosting Prof. Mokyr and his family at my residence, and of attending the Nobel Prize ceremony and banquet. My brother, Prof. Aviv Nevo, a",0,Zionist,Israel,2025-12-12T13:55:27.000Z
Israel and Bolivia are set to restore diplomatic relations!  I look forward to meeting tomorrow with my Bolivian counterpart FM  @Fer_Aramayo_C  in Washington DC to sign an agreement on renewing relations.  I spoke with President  @Rodrigo_PazP  the day after his election in October,0,Zionist,Israel,2025-12-08T20:05:38.000Z
"We’re not in the habit of telling the press what to do but it is startling that the U.S. Association of Foreign Press Correspondents,  @ForeignPressUSA , celebrates the Qatari state-controlled media and displays, with reverence, posters of Hamas terrorists employed by Al Jazeera.",0,Zionist,Israel,2025-12-08T13:27:38.000Z
"Hostage survivor Rom Broslavsky recounts the unimaginable, speaking in Rome:  “I saw women thrown on the ground, riddled with bullets .. Inside a huge yellow garbage container - women, elderly people, children covered in blood, massacred, killed because they were Jews.”  “Our",0,Zionist,Israel,2025-12-08T09:58:35.000Z
"On Oct. 7, Ran Gvili left scheduled surgery to go to the rescue of dozens fleeing the Nova festival, before being killed by Hamas & kidnapped into Gaza.  Ran is still held hostage. Hamas not returning his body is a ceasefire violation.  Allow Ran a dignified funeral at home",0,Zionist,Israel,2025-12-08T09:02:56.000Z
"In solidarity with Govt & people of Sri Lanka after Cyclone Ditwah, Israel along with  @MASHAVisrael  is sending humanitarian aid, including beds, hygiene kits, medical supplies, etc, to support thousands of affected people.  Our diplomat  @BakstHadas  is in Sri Lanka to oversee the",0,Zionist,Israel,2025-12-08T07:20:28.000Z
"U.S. Ambassador, Mike Huckabee  @USAmbIsrael , addresses the Foreign Ministry’s largest ever delegation to Israel.  He’s brought tens of thousands of supporters to Israel. Multiply that by 1,000 pastors now visiting to understand the extent of support for Israel out there.",0,Zionist,Israel,2025-12-07T14:04:57.000Z
Israeli fencer Dov Vilensky won silver at the Vancouver World Cup in Canada! An outstanding achievement! Team Bizzi,0,Zionist,Israel,2025-12-07T11:23:56.000Z
"Before kickoff, Maccabi Haifa paused for something far more important than the game: honoring our Druze brothers and sisters. Their commitment, bravery, and sacrifice throughout the war have stood as a shining example of pride and unity for our whole nation.  The ceremony paid",0,Zionist,Israel,2025-12-06T21:02:00.000Z
"We illuminated the Foreign Ministry in purple in honor of the International Day of Persons with Disabilities - a reminder of our commitment to inclusion, accessibility and a society where everyone can participate.  #DisabilityInclusion #Accessibility",0,Zionist,Israel,2025-12-03T15:00:00.000Z
"This is inexcusable. 2,000 Israeli kidney donors are making the largest donation ever, yet they are being denied the Guinness World Record simply because they are from Israel. We expect and demand that this twisted decision be revoked immediately.",0,Zionist,Israel,2025-12-03T14:24:13.000Z
"Dear  @elonmusk , Tried updating our profile from “official X account” to “official 𝕏 account”. Got this note. Can you please help?",0,Zionist,Israel,2025-12-03T14:52:02.000Z
"We in Israel find ourselves up against a school of thought which has elevated suicide to a place in society which amounts to nothing less than the worship of death. This is Hamas.  Like Alon Ohel, we choose life.    @N12News",0,Zionist,Israel,2025-12-03T14:03:19.000Z
"Difficult words from hostage survivor, Alon Ohel, about the  @ICRC  :  “They didn’t do anything. A disgraceful organization”.",0,Zionist,Israel,2025-12-03T13:00:23.000Z
"1,000 Christian pastors visiting Israel went to the Nova Music Festival site today and heard from hostage survivors Edan Alexander, Keith & Aviva Siegel, Tal Shoham, Moran Stella Yanai and Emily Damari.  Together representing many millions of friends of Israel, this is the",0,Zionist,Israel,2025-12-03T12:02:57.000Z
"Alon, Here it's different. You're allowed to listen to music. You're allowed to sing, you’re allowed to dance. You're allowed to dream. You're free, you're home.    @N12News",0,Zionist,Israel,2025-12-03T09:27:21.000Z
"For International Day of Persons with Disabilities, a reminder that accessibility, equality & representation matter every day.  Inclusion makes us stronger. Ensuring everyone can participate is a responsibility we always carry.",0,Zionist,Israel,2025-12-03T06:58:07.000Z
"The Israeli Kickboxing team won gold, 2 silver and 3 bronze medals at the World Championships in the UAE!   Yulia Sachkov – K1 up to 52 kg   Osid Judah – K1 up to 75 kg   Yosef Aivazli – K1 up to 57 kg   Polina Grossman – Women’s K1 up to 70 kg   Guy Hagag – Men’s LK",0,Zionist,Israel,2025-12-01T12:35:59.000Z
"Growing Stronger Communities in  @NakuruCountyGov    H.E. @GideonBehar  visited the Engineers Without Borders, Israel,   @ewb_i  – project at the Nakuru Agricultural Training Centre, where local farmers, students, and youth are learning low-cost, practical ways to improve food",0,Zionist,Israel,2025-12-01T08:12:39.000Z
"Introducing the Foreign Ministry’s new cadets - Israels next generation of diplomats  Foreign Minister  @gidonsaar  emphasized to them the core mission ahead: While our enemies attempt to isolate Israel politically, we continue to take the initiative, strengthen alliances and",0,Zionist,Israel,2025-12-01T09:43:51.000Z
"The Israeli National Karate team won multiple medals at the Karate World Championships in Poland!    Daniel Matveev – World Champion, Men Kata (Team Leader & Coach)   Daniel Faivilis – Cadets Boys U18, -75 kg   Ron German – Cadets Boys U18, -70kg   Artem Kiselev – Boys",0,Zionist,Israel,2025-11-30T14:19:43.000Z
"For decades, UNRWA nurtured Palestinian refugee status. They transfer it across generations instead of helping people rebuild their lives.  After 1948, 700,000 Jews who were expelled from Arab countries & Iran took refuge in Israel. They were integrated and became significant",0,Zionist,Israel,2025-11-30T14:14:02.000Z
"Our friend  @HillelNeuer  says it so well. The Arab world & Iran threw out almost 1,000,000 Jews. Today there are no Jewish refugees. Meantime, the Palestinians’ claimed number of refugees just increases as they turn it into a hereditary status.  Today, Nov. 30, we remember the",0,Zionist,Israel,2025-11-30T11:11:12.000Z
"Our hearts are with all affected families following the severe floods in Sri Lanka. Together with the 30,000 Sri Lankans working in Israel who are worried about their loved ones back home, Israel stands in solidarity with the people of Sri Lanka in this difficult time.",0,Zionist,Israel,2025-11-30T10:54:12.000Z
"On Nov. 30, Israel marks the Day of Departure & Expulsion of Jews from Arab Countries & Iran. Almost a million Jews expelled from their countries of birth after 1948 (>850,000 from the Arab world & 100,000 from Iran).  Stripped of rights. Subject to state sanctioned violence,",0,Zionist,Israel,2025-11-30T08:14:17.000Z
Israeli windsurfer Daniela Peleg won 1st place at the European Windsurfing Championship in Italy! Her second year in a row! We are so proud! Sailing Energy,0,Zionist,Israel,2025-11-30T09:52:28.000Z
Israeli motorcyclist Alona Ben Natan won first place at the FIM BAJAS World Cup in the UAE! She is the FIM Baja World Cup Champion!  Alona Ben Natan,0,Zionist,Israel,2025-11-26T07:40:35.000Z
"Heartbroken but relieved Dror Or is home after 781 days in Hamas captivity.   Dror Or, 48, from Kibbutz Be’eri, was murdered by Hamas terrorists on October 7, 2023. His body was kidnapped into Gaza.  During the attack, Dror’s family was forced to flee their burning home. His",0,Zionist,Israel,2025-11-26T06:48:59.000Z
Couldn’t have said it better ourselves,0,Zionist,Israel,2025-11-25T22:19:25.000Z
"Moving scene: Israel’s national anthem, “Hatikvah,” is played in San Martín Square in Buenos Aires.  The first day of the Israeli diplomatic and business delegation’s visit to Argentina, headed by Foreign Minister  @gidonsaar .",0,Zionist,Israel,2025-11-25T19:40:04.000Z
"There he lies (physically & verbally..). Raking in cash through his GoFundMe   Says he’s reporting from Gaza, till 𝕏 exposed his real location. Understand how you’ve been played",0,Zionist,Israel,2025-11-25T17:11:19.000Z
Israeli wheelchair ballroom dancers Tomer Margalit and Orel Chalaf won the gold cup at the World Championship in Slovakia! What an amazing moment to hear the Hatikva at the end  Tomer Margalit,0,Zionist,Israel,2025-11-25T16:02:38.000Z
We join with the world in calling for the elimination of violence against women.  You are not alone.  #NoExcuse #OrangeTheWorld,0,Zionist,Israel,2025-11-25T13:18:42.000Z
"Times Square just got brighter.  The Star of David, in all its shapes, colors, and stories, now shines on one of the world’s biggest screens.  A symbol of light, connection and freedom to be shared by everyone.  Proud and visible. Wherever you are #sharethestar",0,Zionist,Israel,2025-11-21T08:30:13.000Z
The power of the understatement..,0,Zionist,Israel,2025-11-20T19:43:12.000Z
"80 years ago the world stood up for justice. After World War 2, an International Military Tribunal gathered in Nuremberg to try Nazi leaders for war crimes & crimes against humanity.  The rise of antisemitism in Europe caused hatred and discrimination to become state-driven",0,Zionist,Israel,2025-11-20T12:18:35.000Z
Wishing you all a happy and blissful Sigd!,0,Zionist,Israel,2025-11-20T10:13:18.000Z
"Happy Sigd! We honor the faith and resilience of Jews of Ethiopian descent. For generations they gathered on distant mountaintops, praying to reach Jerusalem.  Sigd celebrates their heritage, their courage & the incredible journey that brought them home to Israel - a journey",0,Zionist,Israel,2025-11-20T10:00:56.000Z
I was honored to meet Israeli Blazers star Deni Avdija tonight after a close game in which he recorded his 3rd career triple double.   I thanked him for making millions of Israelis and Jews around the world proud.  #RipCity,0,Zionist,Israel,2025-11-20T07:00:52.000Z
Hostage survivor Guy Gilboa Dalal shares a brutal sexual assault that he carried in silence since his liberation. His courage to speak out is a testament of the unimaginable crimes committed against Israeli hostages Channel 12 News,0,Zionist,Israel,2025-11-19T18:56:05.000Z
Wherever you are #sharethestar !,0,Zionist,Israel,2025-11-19T18:14:16.000Z
"For generations, Jews in Ethiopia (aka, Bet-A-Israel) kept the dream of Zion alive. Their journey home - against all odds - stands as one of the great miracles of our people.  This week, as we mark the Sigd holiday—a day that expresses the renewal of the covenant between the",0,Zionist,Israel,2025-11-18T15:44:59.000Z
"Joshua Loitu Mollel  Today, we held a farewell ceremony at Ben Gurion Airport. Joshua’s body now flies home to Tanzania. Mungu ailaze roho yake mahala pema peponi ~ May God rest his soul in peace.  Only 21, an agricultural student in Israel from Tanzania. Barely weeks after",0,Zionist,Israel,2025-11-18T11:29:20.000Z
From tragedy to triumph - our dancing queen reminding the world we will dance again.  Yuval Raphael - Nova Survivor sings,0,Zionist,Israel,2025-11-17T22:00:00.000Z
"The State of Israel submitted today a request to disqualify the ICC Prosecutor, Karim Khan, and to cancel the warrants concerning Israel   The State of Israel submitted today to the Appeals Chamber of the International Criminal Court (ICC) a request to disqualify the Court's",0,Zionist,Israel,2025-11-17T19:54:40.000Z
Fake News,0,Zionist,Israel,2025-11-17T20:00:00.000Z
"The story of the Star of David is rooted in the Land of Israel yet also stretches across continents and centuries. A symbol that the people of Israel carried through exile, diaspora and back to the modern State of Israel.  At the ANU Museum, the Star of David appears throughout,",0,Zionist,Israel,2025-11-17T13:40:05.000Z
"Reem Alsalem denies Hamas rape - documented by Hamas itself. Now she blocks Israel, a member state of her employer, the United Nations.  Alsalem doesn’t meet the standard required of responsible professionals. Resign Reem.  Let better people address the critical work you’re",0,Zionist,Israel,2025-11-17T12:00:32.000Z
DISCOVERED: IDF soldiers found an anti-tank missile post and weapons while operating in southern Lebanon.,0,Zionist,IDF,2026-03-22T18:34:54.000Z
IAF STRIKES IN TEHRAN CONTINUE  A wide-scale wave of strikes on security bodies targeted:  • A military base used for training soldiers and storing missile systems intended to target aircrafts • A weapons production and storage facility of the Ministry of Defense • A,0,Zionist,IDF,2026-03-22T14:31:05.000Z
"ELIMINATED: Abu Khalil Barji, Commander of the Special Forces in Hezbollah’s Radwan Force, along with 2 other terrorists in the area of Majdal Selm in southern Lebanon.  Barji served for years as a commander in the Radwan Force and recently commanded its special forces, which",0,Zionist,IDF,2026-03-22T12:30:12.000Z
"The Iranian terrorist regime launched a long-range missile for the first time since the start of Operation Roaring Lion that could reach a distance of ~4,000 km.  During Operation Rising Lion in June 2025, the IDF revealed that the Iranian regime has intentions to develop",0,Zionist,IDF,2026-03-21T18:17:01.000Z
"ELIMINATED: Mehdi Rastami Sh'mastan, a key commander in the Iranian Ministry of Intelligence.  Sh'mastan was a key figure in promoting terrorist activities and attacks against Israeli and Jewish civilians around the world.  The Ministry of Intelligence is the Iranian terror",0,Zionist,IDF,2026-03-20T14:03:52.000Z
"ELIMINATED: Esmail Ahmadi, Head of the Intelligence Division of the Basij Force, as well as several other senior commanders in a strike on the senior leadership of the Basij Force in the heart of Tehran.  Ahmadi played a central role in advancing and executing terror attacks",0,Zionist,IDF,2026-03-20T13:10:48.000Z
"As part of the forward defensive effort, IDF troops continue targeted ground operations in southern Lebanon against Hezbollah and have struck +2,000 terror targets struck:  ~120 Hezbollah command posts 100+ weapons storage facilities 130+ missile launchers 570+ Hezbollah",0,Zionist,IDF,2026-03-20T12:14:31.000Z
"ELIMINATED: Ali Mohammad Naini, the Spokesperson and Head of the Public Relations Array of the IRGC.  Naini served in several propaganda and public relations roles. In his role as the IRGC's main propagandist for the past 2 years, he disseminated the regime's terrorist",0,Zionist,IDF,2026-03-20T09:14:56.000Z
"In response to yesterday’s events in which Druze civilians were attacked, the IDF struck a command center and weapons in military compounds belonging to the Syrian regime in southern Syria.   The IDF will not tolerate harm towards the Druze population in Syria and will continue",0,Zionist,IDF,2026-03-20T06:12:57.000Z
"Since Hezbollah decided to support the Iranian regime and attack Israel on March 2nd, they have fired ~700 rockets, missiles and UAVs toward Israel from areas south of the Litani River.  Those same areas south of the Litani were supposed to be cleared of Hezbollah’s terror by the",0,Zionist,IDF,2026-03-19T17:55:04.000Z
"IRANIAN NAVAL INFRASTRUCTURE STRUCK IN THE CASPIAN SEA  Targets included: • Iranian Navy vessels, including missile ships, support vessels boats, & guard ships. • A port command center from which Iranian Navy forces controlled naval operations  • Central infrastructure",0,Zionist,IDF,2026-03-19T14:40:55.000Z
"The IDF has targeted Litani River crossings that Hezbollah used for both terrorist movement and to transfer thousands of weapons, including rockets and rocket launchers, intended to be used against IDF troops and Israeli civilians in terrorist attacks.   Prior to the strikes,",0,Zionist,IDF,2026-03-19T13:56:48.000Z
"ELIMINATED: Basij Force soldier while guarding a Basij Force entrance post.  Earlier this week, Basij soldiers operating at over 10 posts across Tehran were targeted.",0,Zionist,IDF,2026-03-19T10:24:36.000Z
"WATCH: IAF aircraft dismantled an Iranian ‘MI-17’ Helicopter at ‘Sanandaj’ Airport in Hamadan, Iran.",0,Zionist,IDF,2026-03-19T08:08:12.000Z
"ELIMINATED: Hassan Ali Marwan, the commander of the “Imam Hussein Division” within a week of eliminating his predecessor  The “Imam Hussein Division” is a military force used by the Iranian Quds Force to advance the interests of the Iranian terror regime and to carry out",0,Zionist,IDF,2026-03-18T18:05:28.000Z
"ELIMINATED: Esmaeil Khatib, the Iranian terrorist regime Minister of Intelligence, in a targeted strike in Tehran.  Khatib played a significant role during the recent protests throughout Iran, including the arrest & killing of protestors and led terrorist activities against",0,Zionist,IDF,2026-03-18T10:50:56.000Z
"“We are continuing to concentrate forces and conduct precise and targeted ground operations. Cooperation between the IDF and  @centcom  continues to strengthen, with joint actions contributing to enhanced operational achievements. We will continue to act decisively to remove",0,Zionist,IDF,2026-03-17T08:39:01.000Z
"STRUCK: Iranian regime infrastructure in different areas across Iran:  In Tehran, dozens of munitions were dropped on command centers and UAV, ballistic missiles and air defense storage sites were stuck.  In Shiraz, the internal security forces’ command center and a",0,Zionist,IDF,2026-03-17T07:25:03.000Z
"Operational Update: Lebanon  Additional IDF troops have been deployed in Lebanon, continuing efforts to establish a forward defense posture in order to remove threats and create an additional layer of security for residents of northern Israel against Hezbollah’s threat.",0,Zionist,IDF,2026-03-17T06:15:29.000Z
"IRGC NAVAL HEADQUARTERS DISMANTLED  In a precise strike last week, the IAF dismantled the headquarters used by senior naval commanders to manage operations and advance international maritime terrorist activities.  The IRGC’s Navy is responsible for terror attacks on civilian",0,Zionist,IDF,2026-03-16T20:14:09.000Z
"IDF troops have begun limited and targeted ground operations against key Hezbollah strongholds in southern Lebanon, aimed at enhancing the forward defense area.   This activity is part of broader defensive efforts to establish and strengthen a forward defensive posture, which",0,Zionist,IDF,2026-03-16T06:09:03.000Z
"ELIMINATED: Muhammad Majed Abd al-Salam Tawfiq Zidan, a Palestinian terrorist directed by the Iranian regime’s intelligence   Zidan served as a key Palestinian terrorist who operated under the intelligence of the Iranian terror regime and attempted to advance terror attacks",0,Zionist,IDF,2026-03-15T14:31:44.000Z
INTELLIGENCE REVEALS: BROTHER OF TERRORIST BEHIND U.S. SYNAGOGUE ATTACK WAS A HEZBOLLAH TERRORIST  Hezbollah commander Ibrahim Muhammad Ghazali was responsible for managing weapons operations within a specialized branch of the Badr Unit. The unit is responsible for launching,0,Zionist,IDF,2026-03-15T13:12:12.000Z
"ELIMINATED: Abdollah Jalali-Nasab & Amir Shariat, senior intelligence officials of the “Khatam al-Anbiya” Emergency Command  The two senior commanders were key figures in the Iranian intelligence community and close to the leadership of the Iranian terrorist regime.",0,Zionist,IDF,2026-03-14T16:38:24.000Z
"STRUCK: The primary research center of the Iranian Space Agency & an aerial defense system production factory.   The center contained strategic laboratories used for research, including developing military satellites, intelligence collection, & directing fire toward targets",0,Zionist,IDF,2026-03-14T11:26:29.000Z
WATCH: Hezbollah terrorists carrying rockets into a weapon storage facility in southern Lebanon.,0,Zionist,IDF,2026-03-14T06:24:43.000Z
IAF STRIKES IN TEHRAN:  90+ Israeli Air Force fighter jets used ~200 munitions targeting Iranian terror regime infrastructure including:   • A regional headquarters of the IRGC and the Basij Forces  • Key headquarters of the Basij Forces • Headquarters of the Iranian,0,Zionist,IDF,2026-03-13T17:17:01.000Z
"ELIMINATED: Ali Muslim Tabaja, a senior commander of the Iranian Imam Hossein Division.  Tabaja was a key figure who held a series of military roles both within Hezbollah and within the division.  The Imam Hussein Division is a military force used by the Iranian Quds Force to",0,Zionist,IDF,2026-03-12T15:52:56.000Z
"ELIMINATED: Abu Ali Riyan, Hezbollah's 'Radwan Force' southern Lebanon unit commander.  Riyan was the central figure responsible for coordinating operations, recruiting operatives, and managing its weapon supply chain.  In addition, 100+ terrorists were eliminated, and 60+",0,Zionist,IDF,2026-03-12T12:03:39.000Z
"ELIMINATED: Abu Dharr Mohammadi, the operations commander in the IRGC’s missile unit within Hezbollah in Beirut.  Mohammadi was a central figure coordinating between Hezbollah and the Iranian terror regime and played a key role in rehabilitating Hezbollah’s missile program",0,Zionist,IDF,2026-03-12T11:06:50.000Z
"STRUCK: The ‘Taleghan’ compound, a site used by the Iranian regime to advance nuclear weapons capabilities.  The compound was used to develop advanced explosives and conduct sensitive experiments as part of the covert ‘AMAD’ project in the 2000s.",0,Zionist,IDF,2026-03-12T10:35:57.000Z
"~70 terror targets were struck including terrorist infrastructure, weapons storage facilities, central headquarters, key terrorists, and an IRGC Air Force HQ in Beirut.",0,Zionist,IDF,2026-03-12T08:20:31.000Z
"Within 30 minutes, the IDF struck 10 Hezbollah terror headquarters in the Dahieh area, including intelligence HQs, a Radwan unit HQ and additional command centers.  During the strikes, the IDF eliminated dozens of Hezbollah terrorists while they were preparing launches toward",0,Zionist,IDF,2026-03-12T00:19:54.000Z
"The IDF has begun a large-scale wave of strikes on Hezbollah infrastructure in the Dahieh area, Beirut.   Interception efforts against Hezbollah projectiles are ongoing.   The IDF is operating with determination against the Hezbollah terrorist organization following its",0,Zionist,IDF,2026-03-11T19:21:38.000Z
"In the past few minutes, Hezbollah launched rockets toward several areas in Israel.  Along with the intercepting effort, the Israeli Air Force is currently striking ready-to-launch projectile launchers and additional infrastructure sites belonging to Hezbollah across Lebanon.",0,Zionist,IDF,2026-03-11T18:29:23.000Z
Song credit: Back in Black - AC/DC,0,Zionist,IDF,2026-03-11T17:32:35.000Z
TEHRAN & TABRIZ: A combined strike on central command centres of the Iranian terror regime   Targets struck included: • A special units command center in Tabriz • An “Imam Hassan” security unit military compound in Tehran • A command center for the security unit,0,Zionist,IDF,2026-03-10T19:37:53.000Z
"ELIMINATED: Hassan Salameh, the Commander of Hezbollah's 'Nassar' Unit  Salameh was eliminated on Sunday night in a precise IAF strike in the Jwaya area. The senior terrorist held multiple key positions in the terror organization.",0,Zionist,IDF,2026-03-10T18:20:44.000Z
"DISMANTLED: Most key assets of the Iranian terror regime’s Internal Security Forces and Basij units in Ilam Province, as part of the IDF’s operations to target the regime’s systems and capabilities.  Targets included: • The main Internal Security Forces headquarters •⁠ The",0,Zionist,IDF,2026-03-10T17:11:26.000Z
This is what we’re operating against.,0,Zionist,IDF,2026-03-10T08:01:09.000Z
"Pictured is the Iranian terror regime’s strategy: targeting civilians.   Last night, the Iranian regime fired a cluster bomb at the Israeli city of Rishon Lezion—damaging multiple areas including a children’s playground. This is what we’re operating against.",0,Zionist,IDF,2026-03-09T15:19:23.000Z
"This is your reminder that the Iranian terrorist regime is still firing cluster bombs at Israeli civilians.   This is also your reminder that intentionally attacking civilians is a war crime. By using cluster munitions, the Iranian terrorist regime is trying to maximize its",0,Zionist,IDF,2026-03-09T14:58:21.000Z
"WATCH: Armed Hezbollah terrorists enter and attempt to exploit a site in a Christian village in southern Lebanon  Following the identification, IDF troops directed an Israeli Air Force fighter jet, which struck and eliminated the terrorist cell.",0,Zionist,IDF,2026-03-09T11:25:14.000Z
"IDF troops began a targeted and limited raid in an area in southern Lebanon to locate and eliminate terrorists and dismantle Hezbollah infrastructure.  Prior to the entry of ground forces, numerous terror targets were struck from the air and ground.  This operation aims to",0,Zionist,IDF,2026-03-09T09:57:39.000Z
"LISTEN NOW:  “Get rid of Hezbollah already—I’m with you, they forced us out of our homes”  The IDF is issuing evacuation notices to residents in areas where the IDF is conducting strikes against Hezbollah terrorist infrastructure.   Listen to a declassified call of a resident",0,Zionist,IDF,2026-03-09T07:04:03.000Z
"The IDF can now reveal that the IRGC’s Air Force Headquarters, the main command-and-control center used to direct the regime’s air force activity, was targeted during wide-scale IDF strikes on dozens of Iranian terror regime targets.",0,Zionist,IDF,2026-03-08T19:12:49.000Z
The IDF eliminated 5 senior commanders in the IRGC Quds Force’s Lebanon Corps in a precise strike in Beirut,0,Zionist,IDF,2026-03-08T18:42:12.000Z
"ELIMINATED: Abu al-Qassem Baba’iyan, the new Head of the Military Office of the Supreme Leader and the Chief of Staff of the Khatam al-Anbiya Central Headquarters.  Baba’iyan was responsible for coordinating between the Iranian terror regime’s various force employment",0,Zionist,IDF,2026-03-08T17:59:15.000Z
"One message. Three languages: English, Arabic, and Persian. Together, we stand strong. Happy International Women's Day.  Happy Women's Day Happy International Women's Day.",0,Zionist,IDF,2026-03-08T16:32:07.000Z
STRUCK: The IDF completed an additional wave of strikes in Tehran including: - ~50 ammunition bunkers - A Basij base - Internal security command center - A compound belonging to the IRGC's Ground Forces   The Internal Security Forces and the Basij are part of the Iranian,0,Zionist,IDF,2026-03-08T16:20:11.000Z
"STRUCK: 2 main ballistic missile production sites in Parchin and Shahrud.  Over the past week, hundreds of IAF fighter jets struck the Iranian regime’s production industries, which are used for the development and production of missiles and weapons.  Among the targets struck:",0,Zionist,IDF,2026-03-07T19:44:56.000Z
"2 IDF soldiers were moderately injured as a result of anti-tank fire during a defensive activity in southern Lebanon.  The soldiers were evacuated to the hospital to receive medical treatment, and their families have been notified.",0,Zionist,IDF,2026-03-07T17:35:19.000Z
"The IDF dismantled the air defense situation room of the IRGC Air Force, responsible for the aerial situational assessment and to defend Iran’s airspace.  Additionally, the Israeli Air Force struck air defense systems, a site used to manufacture & launch ballistic missiles,",0,Zionist,IDF,2026-03-07T15:39:26.000Z
"STRUCK: 16 IRGC Quds Force aircraft used to transfer weapons to Hezbollah.  The IAF conducted a wave of precise strikes in Tehran, targeting military infrastructure at Mehrabad Airport, a central hub used by the IRGC to arm and fund its terror proxies across the Middle East.",0,Zionist,IDF,2026-03-07T13:59:50.000Z
"As part of IDF activities in Lebanon, IDF special forces operated overnight in an attempt to locate findings related the missing navigator Ron Arad.  No findings related to him were located at the search site and no IDF injuries were reported.   The IDF will continue to operate",0,Zionist,IDF,2026-03-07T10:52:56.000Z
Misinformation spreads quickly. Here are the facts.,0,Zionist,IDF,2026-03-07T09:04:37.000Z
Over 80 IAF fighter jets struck key Iranian regime military infrastructure in Tehran and central Iran.  Targets included: • IRGC Imam Hossein military university—used for IRGC officer training and assembly compound  • Ballistic missile storage facilities • Underground,0,Zionist,IDF,2026-03-07T06:17:18.000Z
Are the IDF’s strikes in Iran legal? Let’s break it down.,0,Zionist,IDF,2026-03-06T22:06:15.000Z
"Iran’s threat extends far beyond its borders. Through Hezbollah and other proxies, the Iranian regime targets civilians across the region. Together with the United States we are dismantling this terror network.",0,Zionist,IDF,2026-03-06T18:24:15.000Z
The IAF completed an additional wave of strikes against terror targets in the Dahiyeh District in Beirut. Among the targets struck: • An IRGC Air Force command center • A command center used by the Hezbollah Navy unit • A command center used by Hezbollah’s financial unit •,0,Zionist,IDF,2026-03-06T18:11:29.000Z
POV: you’re an IDF pilot otw to Tehran,0,Zionist,IDF,2026-03-06T15:39:41.000Z
Hezbollah brought this on itself.   Don’t threaten our people.,0,Zionist,IDF,2026-03-06T05:01:19.000Z
"ELIMINATED: Hezbollah firepower management commander Zaid Ali Jumaa in Beirut.  Jumaa served as Hezbollah’s head of artillery in southern Lebanon and was responsible for launching thousands of rockets, missiles and UAVs from Lebanon toward Israel.  He also led the 2015",0,Zionist,IDF,2026-03-05T20:03:56.000Z
"In just 100 hours, this is what the IDF achieved:",0,Zionist,IDF,2026-03-05T19:31:29.000Z
ELIMINATED: A Hamas commander responsible for training operatives in Lebanon.  The Israeli Navy struck and eliminated terrorist Wasim Attallah Ali in the area of Tripoli. He served as a Hamas commander responsible for training and exercises for the organization’s military wing,0,Zionist,IDF,2026-03-05T15:09:14.000Z
"The IDF completed its 12th wave of strikes across Tehran.  Alborz province: The headquarters of the special unit responsible for all internal security forces was targeted.  Tehran: Targets belonging to the Iranian Revolutionary Guard Corps, the Basij organization, and a",0,Zionist,IDF,2026-03-05T13:17:38.000Z
This is what we mean when we say Hezbollah's threat is on our border.,0,Zionist,IDF,2026-03-05T13:01:54.000Z
WATCH: Footage from the historic shoot down of an Iranian Yak-130 fighter jet by an IAF “Adir” F-35I fighter jet,0,Zionist,IDF,2026-03-05T09:20:55.000Z
"Overnight Activity:  IAF aircraft struck and dismantled an armed ballistic missile launcher in the area of Qom that was ready to fire at Israel. An Iranian aerial defense system was also struck in Isfahan.  Prior to the strikes, the IDF took multiple measures to mitigate the",0,Zionist,IDF,2026-03-05T06:24:08.000Z
On our way to make history,0,Zionist,IDF,2026-03-05T05:41:53.000Z
The full interview:,0,Zionist,IDF,2026-03-04T21:08:45.000Z
"The IDF dismantled dozens of assets belonging to the Iranian regime’s ballistic missile array, including missile launchers & defense systems deployed in the area that constituted a threat to the Israeli Air Force’s aircraft.",0,Zionist,IDF,2026-03-04T20:15:50.000Z
"STRUCK: Approx. 60 Hezbollah terrorist targets in southern Lebanon.  Among the targets struck were weapons storage facilities, missile launchers, command centers, and additional terrorist infrastructure belonging to the Hezbollah and Hamas terrorist organizations in the Tyre",0,Zionist,IDF,2026-03-03T21:33:52.000Z
"In the past 24 hours, hundreds of fighter jets and aircraft have been striking hundreds of targets simultaneously in Iran and Lebanon. Since the start of the operation, the Israeli Air Force has neutralized ~300 Iranian missile launchers.   As part of the defensive effort, the",0,Zionist,IDF,2026-03-03T20:10:18.000Z
"NUCLEAR WEAPONS DEVELOPMENT SITE STRUCK  The covert ‘Minzadehei’ compound was used by a group of nuclear scientists who operated to develop a key component for nuclear weapons.  Using intelligence, the IDF tracked the activities at this new location, removing a key component",0,Zionist,IDF,2026-03-03T18:54:46.000Z
Hezbollah has continued to join Iran’s terror campaign and has launched projectiles toward Israel.,0,Zionist,IDF,2026-03-03T18:40:29.000Z
This is how Israeli civilians spent Purim this year:,0,Zionist,IDF,2026-03-03T18:04:00.000Z
"OPERATIONAL UPDATE:  Targets belonging to the Iranian terror regime in Tehran and Isfahan were struck.  Throughout Iran, industrial sites used by the Iranian regime to produce weapons, particularly ballistic missiles, were targeted.  Isfahan: Dozens of targets related to",0,Zionist,IDF,2026-03-03T16:08:49.000Z
"60+ strike flights: The IAF completed additional waves of strikes in western Iran targeting the Iranian regime’s missile launchers, defense systems, and live-fire arrays.",0,Zionist,IDF,2026-03-03T13:45:37.000Z
"Purim—triumph over an enemy seeking your destruction. Centuries later, we are reliving that same story.",0,Zionist,IDF,2026-03-03T10:53:17.000Z
STRUCK: The Iranian Regime’s Leadership Compound — the central headquarters have been dismantled  This command headquarters was one of the most heavily secured assets in Iran. The compound that housed the regime’s most senior forum was struck by the IAF overnight using precise,0,Zionist,IDF,2026-03-03T10:34:05.000Z
"Yesterday, Hezbollah chose to join the Iranian regime in their terrorist fight against Israel.   Today, they have begun to see the consequences.",0,Zionist,IDF,2026-03-03T09:31:14.000Z
Hezbollah just made a big mistake.,0,Zionist,IDF,2026-03-02T08:35:59.000Z
"In response to projectile fire toward northern Israel, the IDF is striking Hezbollah targets across Lebanon.  Hezbollah is operating on behalf of the Iranian regime, opening fire against the Israeli civilians, and bringing ruin to Lebanon.  IDF troops have prepared for such a",0,Zionist,IDF,2026-03-02T00:54:46.000Z
Sirens sounding in northern Israel following projectile fire from Lebanon,0,Zionist,IDF,2026-03-01T23:09:55.000Z
This is what terror that targets civilians looks like:,0,Zionist,IDF,2026-03-01T21:06:37.000Z
What you need to know about the operational accomplishments by U.S. & Israeli forces against the Iranian terror regime:,0,Zionist,IDF,2026-03-01T19:00:08.000Z
"AERIAL SUPERIORITY ACHIEVED OVER TEHRAN: The IAF have been operating over the skies over Tehran, striking and eliminating numerous targets.  Targets struck include ballistic missile launchers, headquarters, Iranian air defense systems & command centers of the Iranian",0,Zionist,IDF,2026-03-01T17:28:23.000Z
It’s official: All senior terrorist leaders of Iran’s Axis of Terror have been eliminated,0,Zionist,IDF,2026-03-01T17:03:40.000Z
"The Iranian Regime directly fired missiles toward the civilian neighborhood of Beit Shemesh, killing innocent civilians.   The Iranian regime purposely targets civilian targets while we precisely target terror targets. This is who we’re operating against—a regime who uses",0,Zionist,IDF,2026-03-01T12:55:21.000Z
Watch this video for a how-to achieve aerial superiority over a terrorist regime:,0,Zionist,IDF,2026-03-01T11:42:11.000Z
"The Iranian Regime’s Plan for the Destruction of Israel: A Sharp Acceleration in the Regime’s Missile Production Capabilities  Currently, the regime produces dozens of ballistic missiles per month with a clear acceleration in its recovery pace—an attempt to produce ~8,000",0,Zionist,IDF,2026-03-01T11:38:07.000Z
"ONGOING STRIKE: 30+ targets so far, in western and central Iran, including aerial defense systems, missile launchers, regime targets and military command centers.  The IDF will continue to degrade the Iranian terror regime’s capabilities until they can no longer threaten our",0,Zionist,IDF,2026-03-01T02:35:23.000Z
"STRUCK: Missile Launch Site in the Qom area of Central Iran  The strike targeted a site that stored Ghadr H-1 ballistic missiles carrying hundreds of pounds of explosives, significantly degrading the regime’s offensive capability.  This has prevented numerous launches that",0,Zionist,IDF,2026-02-28T23:08:22.000Z
Sirens sounding across Israel,0,Zionist,IDF,2026-02-28T21:34:19.000Z
Here’s what happened in the last 12 hours:,0,Zionist,IDF,2026-02-28T21:19:30.000Z
"ELIMINATED: IAF fighter jets precisely struck military targets across Iran, eliminating 7 senior officials of the Iranian Defense Leadership:  Ali Shamkhani, Mohammad Pakpour, Saleh Asadi, Mohammad Shirazi, Aziz Nasirzadeh, Hossein Jabal Amelian, Reza Mozaffari-Nia.  The world",0,Zionist,IDF,2026-02-28T21:08:01.000Z
Sirens sounding in several areas across Israel as missiles are launched from Iran,0,Zionist,IDF,2026-02-28T20:41:16.000Z
"The Iranian regime’s threat is not only a threat to Israel, it is a threat to the entire region.",0,Zionist,IDF,2026-02-28T18:57:57.000Z
"THE LARGEST MILITARY FLYOVER IN IDF HISTORY:  ~200 IAF jets completed a broad strike against the missile array and the aerial defense systems of the IRGC in western and central Iran.   500+ targets hit, including aerial defense systems & missile launchers in several locations",0,Zionist,IDF,2026-02-28T18:45:58.000Z
WATCH: Soldiers of the Iranian terror regime were struck while arming missile launchers aimed toward Israel.,0,Zionist,IDF,2026-02-28T16:25:42.000Z
OPERATION ROARING LION: The IDF and the U.S Armed Forces have launched a broad & joint operation to thoroughly degrade the Iranian terrorist regime and to remove existential threats to Israel over time.  The Iranian regime has not abandoned its plan to destroy Israel.,0,Zionist,IDF,2026-02-28T09:11:48.000Z
Israel has the right to defend itself.,0,Zionist,IDF,2026-02-28T08:30:06.000Z
An additional barrage of missiles was launched toward Israel.  The Aerial Defense Array is currently identifying and intercepting threats.,0,Zionist,IDF,2026-02-28T08:24:45.000Z
"Sirens were sounded in several areas across the country following the identification of missiles launched from Iran toward Israel.    At this time, the IAF is operating to intercept and strike threats where necessary to remove the threat.",0,Zionist,IDF,2026-02-28T08:13:22.000Z
"A short while ago, the IDF identified missiles launched from Iran toward Israel.   Defensive systems are operating to intercept the threat. In the past few minutes, the Home Front Command has sent a precautionary directive directly to mobile phones in the relevant areas.",0,Zionist,IDF,2026-02-28T08:10:17.000Z
"Following a situational assessment, it was determined that as of today (Saturday), at 08:00, immediate changes will be made to the Home Front Command Guidelines. As part of the changes, it was decided to shift all areas of the country from Full Activity to Essential Activity. The",0,Zionist,IDF,2026-02-28T06:25:26.000Z
"In the last few minutes, sirens were sounded all throughout Israel, with an advance instruction alert directly to cellular devices to stay within proximity to protected spaces.  This is a proactive alert to prepare the public for the possibility of missiles being launched toward",0,Zionist,IDF,2026-02-28T06:21:57.000Z
"WATCH: Armed terrorists emerging from underground terror infrastructure in eastern Rafah, in violation of the ceasefire. As a result, the IDF precisely struck some of the terrorists.",0,Zionist,IDF,2026-02-27T11:18:36.000Z
"While the IDF upholds the ceasefire, terrorists continue to break it.  Several terrorists approached IDF troops near the Yellow Line in northern Gaza, posing an immediate threat.  The IAF struck and eliminated the terrorists to remove the danger.",0,Zionist,IDF,2026-02-26T19:34:51.000Z
"STRUCK: 8 Hezbollah Radwan Force military compounds in the Baalbek area used to store weapons, train terrorists, and plan attacks against IDF troops and Israeli civilians.  Hezbollah’s attempts to rearm constitute a violation of the ceasefire understandings between Israel and",0,Zionist,IDF,2026-02-26T16:54:34.000Z
"YET ANOTHER CEASEFIRE VIOLATION: A terrorist crossed the Yellow Line and approached IDF troops, posing an immediate threat to them.  The troops eliminated the terrorist in order to remove the threat.",0,Zionist,IDF,2026-02-26T11:37:40.000Z
"EXPOSED: 5km underground tunnel routes with weapons inside in Beit Hanoun, Gaza  IDF troops dismantled the tunnel routes, in which they also found a weapons stockpile containing explosive devices, grenades, rifles, and more.",0,Zionist,IDF,2026-02-26T11:01:32.000Z
"WATCH: Weapons, observation posts, and firing positions used by Hezbollah terrorists were located and dismantled by IDF troops in southern Lebanon.  These sites, including anti-tank launcher positions, are part of Hezbollah’s ongoing attempts to rearm, in blatant violation of",0,Zionist,IDF,2026-02-25T13:23:13.000Z
"TERRORIST APPROACHED IDF TROOPS DURING A CEASEFIRE: A terrorist was identified approaching IDF troops in northern Gaza, in the area of the Yellow Line, posing an immediate threat.  IDF troops eliminated the terrorist to remove the threat.",0,Zionist,IDF,2026-02-21T12:33:17.000Z
"ELIMINATED: Several terrorists of Hezbollah’s missile array, in 3 different command centers in the Baalbek area in Lebanon.    They were identified as operating to accelerate readiness and force build-up processes, while planning fire attacks toward Israel and advancing terror",0,Zionist,IDF,2026-02-21T08:00:28.000Z
"STRUCK: Hezbollah command centers used to advance terror attacks against IDF troops and Israel, in the Baalbek area in Lebanon.  Within the command centers, weapons and funds utilized by Hezbollah were being stored, constituting a violation of the understandings between Israel",0,Zionist,IDF,2026-02-20T19:00:00.000Z
"The command center was embedded within the center of a civilian-populated area, and recently used by Hamas terrorists to plan & prepare terror attacks against IDF troops and Israel—in violation of the ceasefire understandings.",0,Zionist,IDF,2026-02-20T16:41:03.000Z
"In response to repeated ceasefire violations, the IDF struck a Hamas command center, from which terrorists operated, in the Ain al-Hilweh area in southern Lebanon.",0,Zionist,IDF,2026-02-20T14:36:29.000Z
"ANOTHER CEASEFIRE VIOLATION: A terrorist crossed the Yellow Line in southern Gaza and approached IDF troops, posing an imminent threat.  The IAF struck and eliminated the terrorist in order to remove the threat.",0,Zionist,IDF,2026-02-20T10:01:18.000Z
"Deepening Military Ties: Commander of the German Army concludes his visit to Israel  The Commander of the German Army, LTG Christian Freuding, concluded a visit to Israel, hosted by MG Nadav Lotan, Commander of the IDF Ground Forces. For the first time, the two signed a",0,Zionist,IDF,2026-02-20T08:27:26.000Z
"CPT Brielle sits down with actor and Israel activist, Nate Buzz, for an honest conversation about advocacy, truth in the digital age, and the cost of defending Israel.",0,Zionist,IDF,2026-02-19T18:02:15.000Z
"WATCH: Kilometer-long tunnel route uncovered in Beit Hanoun, Gaza, with several terrorist hideouts and explosives inside.",0,Zionist,IDF,2026-02-19T15:36:22.000Z
Our podcast with Nate Buzz is out now!  Spotify:  open.spotify.com/episode/3JWe6k …  Apple Podcasts:  podcasts.apple.com/il/podcast/mis …,0,Zionist,IDF,2026-02-19T14:28:37.000Z
Stay tuned… 4 PM (Israel time),0,Zionist,IDF,2026-02-19T12:47:28.000Z
"WATCH: BLATANT CEASEFIRE VIOLATION  Several armed terrorists, most likely after exiting underground infrastructure, took cover east of the Yellow Line & adjacent to IDF troops—posing an imminent threat to their safety. The IDF struck the armed terrorists, eliminating at least",0,Zionist,IDF,2026-02-14T19:44:43.000Z
"Once again—another ceasefire violation!   A terrorist crossed the Yellow Line and approached IDF troops, posing an imminent threat to their safety. Following identification, the terrorist was eliminated.",0,Zionist,IDF,2026-02-14T15:09:33.000Z
"WEEKLY RECAP: Central Command  Jericho: ~70 locations searched & 3 terrorists apprehended.   Judea & Samaria: 3 million shekels in terror funds and dozens of weapons confiscated, 30+ terrorists apprehended, including suspects affiliated with Hamas & Islamic Jihad.",0,Zionist,IDF,2026-02-13T14:21:19.000Z
"APPREHENDED: MUHAMMAD ZIDAN Former senior figure of the terrorist network in Jenin and an aide to the terrorist who carried out the shooting attack in Al Funduq, in which 3 Israeli civilians were murdered & 8 were injured.",0,Zionist,IDF,2026-02-13T11:26:12.000Z
"It’s reached the point where we sound like a broken record, but yet again, there has been another violation of the ceasefire.  Yesterday, IDF troops operating in northern Gaza, identified 2 terrorists who entered a structure east of the Yellow Line.  Following identification, we",0,Zionist,IDF,2026-02-13T09:37:51.000Z
"ELIMINATED: Basel Hamoni, Hamas terrorist responsible for the 2004 Be’er Sheva bus bombings that murdered 16 Israeli civilians and injured ~100.  In a joint ISA & IDF strike in Gaza, Hamoni was eliminated following Hamas’ repeated violations of the ceasefire.  After",0,Zionist,IDF,2026-02-11T13:51:56.000Z
"ELIMINATED: Ahmad Hasan, Head of the Sniper Array in the Hamas Beit Hanoun Battalion, and responsible for leading multiple attacks that killed several IDF soldiers.   Hasan took part in numerous terror attack plans against IDF soldiers in northern Gaza and was recently",0,Zionist,IDF,2026-02-11T08:30:47.000Z
"In response to the blatant ceasefire violation yesterday, in which terrorists exited an underground tunnel shaft in eastern Rafah and fired toward troops, the IDF and ISA struck Hamas terrorists in Gaza.   These terrorists advanced multiple terrorist plots against IDF troops",0,Zionist,IDF,2026-02-10T10:25:34.000Z
"IDF troops completed an overnight operation to locate and dismantle a weapons storage facility belonging to the Jamaa Islamiya terrorist organization in the Beit Jinn area in southern Syria.  The troops located and dismantled various weapons in the facility, including guns,",0,Zionist,IDF,2026-02-10T06:08:17.000Z
"CEASEFIRE VIOLATION: A terrorist crossed the Yellow Line in northern Gaza and approached IDF troops, posing an imminent threat.  Following identification, the terrorist was eliminated.",0,Zionist,IDF,2026-02-09T19:44:10.000Z
ELIMINATED: A Hezbollah terrorist in the Ayta ash-Shaab area in southern Lebanon.  The terrorist was involved in gathering intelligence on IDF troops and operated to rehabilitate Hezbollah’s terrorist infrastructure in southern Lebanon.  The terrorist’s activities constituted a,0,Zionist,IDF,2026-02-09T14:30:36.000Z
"Rafah Crossing – Operations Update  In accordance with the agreement and Israel’s commitments, operations at the Rafah Crossing are ongoing.  Over the past week, approx. 100 patients and escorts exited through the Rafah Crossing, and approx. 100 Gazans entered Gaza.",0,Zionist,IDF,2026-02-09T12:40:41.000Z
"BLATANT CEASEFIRE VIOLATION: Overnight, terrorists fired shots toward IDF troops operating in northern Gaza in the area of the Yellow Line. No IDF injuries were reported.   In response to the violation, the IDF precisely struck a terror infrastructure in Gaza.",0,Zionist,IDF,2026-02-06T06:36:57.000Z
"STRUCK: Tunnel shafts used for weapons storage at several Hezbollah sites across Lebanon. Following the strikes, secondary explosions were identified, indicating the presence of weapons in the area.   Over the past several months, Hezbollah terrorist activity was identified at",0,Zionist,IDF,2026-02-05T17:46:46.000Z
"ELIMINATED: Muhammad Issam Hassan al-Habil, head of a Hamas terror cell, who brutally murdered IDF observer Corporal Noa Marciano while she was held in captivity.  In response to a blatant ceasefire violation, the IDF & ISA carried out the strike. Marciano was abducted from",0,Zionist,IDF,2026-02-04T18:50:37.000Z
"ELIMINATED: Ali Raziana, the Islamic Jihad commander of the Northern Gaza Brigade.   The strike was conducted in response to the blatant violation of the ceasefire agreement overnight.    In Ali Raziana’s role, he was responsible for the deployment of the organization’s",0,Zionist,IDF,2026-02-04T18:22:39.000Z
"RAW FOOTAGE: Hamas terrorists systematically using ambulances to move terrorists & weapons from a hospital to a school, in violation of the ceasefire agreement.",0,Zionist,IDF,2026-02-04T15:09:15.000Z
"TARGETED: Bilal Abu Assi, a Hamas Nukhba Platoon Commander who led the infiltration into Kibbutz Nir Oz during the Oct. 7 Massacre, as well as likely taking part in holding deceased hostages captive throughout the war and leading terror attacks against IDF troops throughout",0,Zionist,IDF,2026-02-04T14:07:13.000Z
"The IDF continues to operate with the same goals: Defeat terror, dismantle Hamas & protect Israel’s civilians.",0,Zionist,IDF,2026-02-04T13:29:11.000Z
"IDF troops are operating in the area of southern Lebanon in order to prevent attempts by Hezbollah to reestablish its capabilities.  Over the past year, the troops: • Eliminated approx. 60 Hezbollah terrorists • ⁠Dismantled dozens of terrorist structures, weapons storage",0,Zionist,IDF,2026-02-04T08:54:00.000Z
"BLATANT CEASEFIRE VIOLATION: An IDF reserve officer was severely injured after terrorists opened fire on IDF troops in northern Gaza, during routine operational activity near the Yellow Line.  The injured officer was evacuated to a hospital and his family has been notified.",0,Zionist,IDF,2026-02-04T05:15:58.000Z
"UPDATE:   In accordance with the ceasefire agreement and the directive of the political echelon, the Rafah Crossing will open this coming Sunday (February 1st) in both directions, for limited movement of people only.  Exit from and entry into the Gaza Strip via the Rafah",0,Zionist,IDF,2026-01-30T11:29:41.000Z
"CEASEFIRE VIOLATION: Eight terrorists emerged from underground terrorist infrastructure in eastern Rafah.  Following the identification, the IAF struck and eliminated three of the terrorists. Additional strikes toward the area were conducted and the results of the strikes are",0,Zionist,IDF,2026-01-30T06:28:18.000Z
"STRUCK: A Hamas terrorist who was planning to carry out an imminent terror attack against IDF troops operating in southern Gaza.   The terrorist posed an imminent threat to the troops and was therefore targeted in a precise strike, in accordance with the ceasefire agreement.",0,Zionist,IDF,2026-01-29T17:06:16.000Z
"For anyone who has doubted the humanitarian efforts throughout the war, let the numbers speak for themselves:    112,000 humanitarian aid trucks brought in  13,000 food pallets airdropped 1,800,000 tents and tarps for shelter 55,000 tons of medical equipment and medicine",0,Zionist,IDF,2026-01-29T12:29:25.000Z
A report was received regarding a stabbing attack in the area of the tunnel checkpoint adjacent to Jerusalem. The details are under review. No injuries were reported.,0,Zionist,IDF,2026-01-28T13:03:26.000Z
"IDF troops identified approximately 10 suspects who approached Israeli territory in a suspicious and rapid manner, in the area of Paran, and searches were conducted to locate the suspects.  Following extensive searches and a closure of traffic routes in the area, infiltration",0,Zionist,IDF,2026-01-27T19:44:57.000Z
"A short while ago, IDF troops identified a suspected infiltration into Israeli territory from Jordan, near the Paran and Yahel communities.  IDF soldiers are currently conducting extensive searches and blocking traffic routes in the area to locate the suspects.  Details to",0,Zionist,IDF,2026-01-27T18:23:05.000Z
"Today, we mark International Holocaust Day. We remember the 6 million victims murdered, honor the survivors, and carry the promise of never again.",0,Zionist,IDF,2026-01-27T18:01:46.000Z
"A moment caught during Operation “Courageous Heart”, returning the deceased hostage Master Sergeant Ran Gvili:",0,Zionist,IDF,2026-01-27T16:16:58.000Z
"ELIMINATED: Hezbollah terrorists, while they were operating at an underground site in the Nabatieh area of southern Lebanon.  The activity carried out by the terrorists to restore the site constitutes a violation of the ceasefire understandings between Israel and Lebanon.",0,Zionist,IDF,2026-01-27T13:34:18.000Z
"ELIMINATED: Ali Nour El-Din, head of an artillery squad in Hezbollah, in the area of Tyre in southern Lebanon.  Throughout the war, the terrorist advanced numerous terror attacks against the state of Israel, and operated to rehabilitate Hezbollah.  The terrorist's activities",0,Zionist,IDF,2026-01-26T20:26:30.000Z
"SFC Ran Gvili is home. After 843 days, he has finally been returned to Israel. With this, there are officially no more Israeli hostages in Gaza.",0,Zionist,IDF,2026-01-26T18:33:17.000Z
"The deceased hostage SFC Ran Gvili has been identified and will be returned for burial.  According to the information and intelligence available to us, SFC Ran Gvili, 24, who served in the Israeli Police Special Forces, fell in combat on the morning of Oct. 7, 2023, and his body",0,Zionist,IDF,2026-01-26T13:56:34.000Z
IDF observation posts identified a drone that crossed into Israeli territory from the east in an attempt to smuggle weapons.  IDF troops intercepted the drone which carried ten firearms. The firearms were later transferred to the security forces for further handling.,0,Zionist,IDF,2026-01-22T07:32:38.000Z
"OPERATIONAL UPDATE:  On the Syria-Lebanon Border, 4 border crossings used by Hezbollah to smuggle weapons in the area of Hermel were struck.   In the area of Sidon, the IDF struck and eliminated the terrorist Muhammad Awasha, a key Hezbollah weapons smuggler.  Awasha played",0,Zionist,IDF,2026-01-21T19:18:11.000Z
"STRUCK: Hezbollah weapons storage facilities and an underground weapons storage site in southern Lebanon.  The sites struck were deliberately embedded within civilian areas, another example of Hezbollah’s cynical exploitation of Lebanese civilians as human shields and",0,Zionist,IDF,2026-01-21T17:51:09.000Z
"This is a false headline. Contrary to what was claimed in this publication, there is no evacuation of the population in the area.  IDF troops identified Gazan civilians crossing the Yellow Line into the Israeli controlled side. In order to ensure the safety of the civilians, they",0,Zionist,IDF,2026-01-21T16:40:00.000Z
"ELIMINATED: Hezbollah terrorist Abu Ali Salameh, a liaison officer in the village of Yanouh in southern Lebanon.  As part of his role, Salameh managed Hezbollah’s activities in the village of Yanouh, enabling the embedding of terrorist infrastructure within the civilian",0,Zionist,IDF,2026-01-21T15:23:37.000Z
"UNCOVERED: Dozens of weapons hidden inside a shaft near the Yellow Line in southern Gaza, including AK-47s, RPGs, and magazines.",0,Zionist,IDF,2026-01-20T18:29:09.000Z
STRUCK: Hezbollah terror infrastructure in several areas across southern Lebanon.  Targets included: • Military structures used for Hezbollah drills and training to plan attacks • Tunnel shafts used to store weapons • Launch sites and additional military structures,0,Zionist,IDF,2026-01-19T10:24:27.000Z
"Overnight, in the Jabal Johar area in Hebron, security forces began an operation to dismantle terror infrastructure sites, eradicate illegal possession of weapons, and enhance security in the area.   The operation is expected to continue for several days, and increased movement",0,Zionist,IDF,2026-01-19T04:44:50.000Z
"One Year Since the Return of Fallen Hostage SSGT Oron Shaul: Operation “Red South” Revealed  About a year ago, the IDF and ISA carried out Operation “Red South”, a covert, precise mission that brought SSGT Oron Shaul home to Israel after he fell in combat in Shejaiya in on",0,Zionist,IDF,2026-01-18T17:23:10.000Z
"Here is a list of our humanitarian efforts over the past week (11-17 Jan):   4,200 humanitarian aid trucks entered the Gaza Strip, according to the agreement. The trucks carried food, medical supplies and shelter equipment, based on the prioritization by the international",0,Zionist,IDF,2026-01-18T11:29:26.000Z
"WATCH: Our troops have completed a two month mission in southern Lebanon to prevent Hezbollah’s entrenchment.  Operating on the ground, they collected intelligence, located enemy infrastructure, directed fire, and supported ground & aerial forces in dismantling Hezbollah",0,Zionist,IDF,2026-01-18T08:46:22.000Z
"BLATANT HAMAS CEASEFIRE VIOLATION: Yesterday, terrorists fired towards an IDF tank operating in southern Gaza, before being eliminated by IDF troops.",0,Zionist,IDF,2026-01-14T16:01:27.000Z
"RECAP CEASEFIRE VIOLATIONS OVER THE PAST 24 HOURS:  Western Rafah: 6 terrorists were confirmed eliminated during exchange of fire, following the ceasefire violation incident yesterday. Various weapons were located on the eliminated terrorists.  Northern Gaza: IDF troops",0,Zionist,IDF,2026-01-14T10:15:39.000Z
"CEASEFIRE VIOLATION: 6 armed terrorists in the western Rafah area, adjacent to IDF troops deployed in southern Gaza, were identified.   Following identification, tanks arrived at the scene and fired at the terrorists. The terrorists fired at the soldiers, and an exchange of",0,Zionist,IDF,2026-01-13T18:55:44.000Z
Tap the post,0,Zionist,IDF,2026-01-12T09:31:32.000Z
"APPREHENDED: Zaid Kharraz, the Hamas terrorist who fired toward IDF troops in Nablus and injured an IDF soldier.  Following a joint IDF & ISA pursuit that lasted less than 24 hours, troops apprehended the suspect this morning, along with additional suspects who assisted his",0,Zionist,IDF,2026-01-12T08:57:48.000Z
"STRUCK: An underground site used by Hezbollah for weapons storage in Lebanon  The site was previously struck approx. a week ago, after the IDF notified the LAF about the ongoing terrorist activity at the site. The LAF inspected the site; however, the terror infrastructure was",0,Zionist,IDF,2026-01-11T18:53:11.000Z
"STRUCK: Shafts used for storing weapons in several military sites belonging to Hezbollah in southern Lebanon, where in recent months, Hezbollah activity has been identified at these sites.  Hezbollah's terror activity at these sites constitutes a violation of the",0,Zionist,IDF,2026-01-11T15:36:38.000Z
"CEASEFIRE VIOLATIONS:   Southern Gaza: IDF troops identified three terrorists who crossed the Yellow Line and approached the troops, posing an immediate threat.  One of the terrorists attempted to steal IDF equipment and fled. Following identification, the IAF eliminated the",0,Zionist,IDF,2026-01-10T17:27:43.000Z
"STRUCK: Terror targets across Gaza in response to a failed projectile launch from Gaza City.  The IDF & ISA struck and eliminated Hamas terrorists and terrorists from additional terrorist organizations including Kamal Abd al-Rahman Muhammad Awad and Ahmad Thabet. Additionally,",0,Zionist,IDF,2026-01-09T18:21:43.000Z
"LOCATED: A rocket launcher with 2 loaded rockets, ready to be fired toward Israel, was found during IDF activity in Jabaliya.  IDF troops remain deployed in accordance with the ceasefire agreement.",0,Zionist,IDF,2026-01-09T17:05:55.000Z
"STRUCK: Hezbollah terror infrastructure in several areas in Lebanon.  Targets struck: • weapons storage and production facilities used for rehabilitation and military buildup  • several launch sites and rocket launchers, along with military structures.  The targets all",0,Zionist,IDF,2026-01-09T12:52:18.000Z
"The Alpinist Reservist Unit completed their annual series of unique training exercises designed to prepare the unit’s troops for operational activity in the extreme weather conditions of the Mount Hermon Summit in Syria.  As part of the training exercises, the troops",0,Zionist,IDF,2026-01-09T10:24:36.000Z
"DISMANTLED: 2km of Hamas Underground Tunnel Routes in Northern Gaza.  IDF troops have been operating along the Yellow Line in northern Gaza in order to dismantle terrorist infrastructure sites, both above and below ground.",0,Zionist,IDF,2026-01-04T14:00:53.000Z
"STRUCK: A Hamas shaft containing a rocket launcher loaded and ready to be launched toward the city of Sderot in southern Israel.  The rocket launcher struck was used and equipped by Hamas after the ceasefire agreement had come into effect, a blatant violation of the ceasefire",0,Zionist,IDF,2026-01-03T17:42:40.000Z
STRUCK: Hezbollah Terror Infrastructure Sites in Several Areas in Southern Lebanon.  Targets Struck: • A training compound used by Hezbollah’s ‘Radwan Force’ for conducting drills and training terrorists • Military structures that were recently used to store weapons for,0,Zionist,IDF,2026-01-02T10:46:35.000Z
"Sirens sounding in Bar’am, northern Israel",0,Zionist,IDF,2026-01-02T08:06:25.000Z
"Following the sirens that sounded in the area of Bar’am, an interceptor was launched toward a suspicious aerial target.  The results of the interception are under review.",0,Zionist,IDF,2026-01-02T08:23:33.000Z
"Following the sirens that sounded in the area of Bar’am, an interceptor was launched toward a false target.   Sirens were sounded in accordance with protocol.",0,Zionist,IDF,2026-01-02T08:43:01.000Z
"2025 was a year of a multi-front war, complex operations, challenges & achievements.   Every day we operated, defending Israel against every threat, and always protecting our civilians.",0,Zionist,IDF,2026-01-01T18:02:55.000Z
Happy new year from the IDF!  A new year begins but our mission stays the same: Defend Israel and Israeli civilians.,0,Zionist,IDF,2026-01-01T14:02:19.000Z
"UNCOVERED: A rocket launcher loaded with five rockets ready to be launched towards Israel.  In accordance with the ceasefire agreement, IDF soldiers continue to dismantle terror infrastructure in the area of the Yellow Line in northern Gaza.",0,Zionist,IDF,2025-12-31T16:03:43.000Z
"Hamas challenged us to prove that civilians, hospitals, schools, paramedics & journalists were targeted on October 7.   Challenged Accepted.",0,Zionist,IDF,2025-12-31T04:11:20.000Z
Here are 25 moments that made up our 2025:,0,Zionist,IDF,2025-12-30T20:05:04.000Z
The IDF wishes all those celebrating a Merry Christmas!,0,Zionist,IDF,2025-12-24T17:39:07.000Z
"CEASEFIRE VIOLATION: An explosive device was detonated against an IDF vehicle during operational activity dismantling terrorist infrastructure in the area of Rafah.   As a result, an IDF combat officer was lightly injured and was evacuated to a hospital.",0,Zionist,IDF,2025-12-24T12:42:54.000Z
"STRUCK: Several Hezbollah launch sites in several areas in southern Lebanon.  The strikes dismantled Hezbollah military structures and terrorist infrastructure from which Hezbollah terrorists had recently operated, in violation of the understandings between Israel and Lebanon.",0,Zionist,IDF,2025-12-24T09:19:21.000Z
"Humanitarian efforts over the past week (14-20 December):   4,200 humanitarian aid trucks entered the Gaza Strip, according to the agreement.   Over 200 Gazans holding dual citizenships or valid visas exited Gaza (Dec. 15) through the Kerem Shalom Crossing, continued to",0,Zionist,IDF,2025-12-23T14:49:49.000Z
"ELIMINATED: 3 Hezbollah terrorists in southern Lebanon who were advancing terror attacks and attempting to rebuild terrorist infrastructure.   Initial findings show one of the terrorists simultaneously served in the Lebanese intelligence unit.  During the strike, the two other",0,Zionist,IDF,2025-12-23T08:08:44.000Z
"STRUCK: 2 Hezbollah terrorists in the area of Yater in southern Lebanon.  As part of the strikes, the IDF eliminated a terrorist who was involved in attempts to rehabilitate Hezbollah military infrastructure in the area. These attempts constituted a violation of the",0,Zionist,IDF,2025-12-22T09:11:30.000Z
"STRUCK: 2 Hezbollah terrorists were struck in the area of Yater, southern Lebanon.",0,Zionist,IDF,2025-12-21T13:16:09.000Z
"Ask your question here:  bit.ly/swu-askthepres …  StandWithUs TV presents: Special Briefing - Ask The President  BE PART OF THE CONVERSATION Submit your questions to the President of Israel, Isaac Herzog, as he joins StandWithUs host Michael Dickson to discuss the current",0,Zionist,StandWithUs,2026-03-22T19:26:23.000Z
"StandWithUs Daily Special Briefing with Noah Shufutinsky from Israel, for the latest updates on the ongoing Operation “Roaring Lion”.",0,Zionist,StandWithUs,2026-03-22T20:42:06.000Z
"The Iranian terrorist regime fired a long-range missile for the first time since the start of Operation Roaring Lion that can reach a distance of approximately 4,000 kilometers (2,485 miles), putting dozens of countries across Europe, Asia, and Africa within striking range.",0,Zionist,StandWithUs,2026-03-22T19:00:51.000Z
BREAKING VIDEO: Damage at an impact site in central Israel following another missile barrage fired by the Iranian regime. Across several Iranian regime impact sites in central Israel one 53-year-old man is in moderate condition and 14 people in mild condition.  Via: Magen David,0,Zionist,StandWithUs,2026-03-22T10:03:53.000Z
BREAKING: Ofer Moskovitz has been identified as the person murdered in the Hezbollah rocket attack in northern Israel. May his memory forever be a blessing.,0,Zionist,StandWithUs,2026-03-22T09:51:56.000Z
Reports of several Iranian regime missile impact sites in central Israel. Reports of a vehicle and a building that were hit. Several people injured. Details to follow.,0,Zionist,StandWithUs,2026-03-22T09:28:19.000Z
UPDATE: Six people injured. One is in moderate condition and five are in mild condition.,0,Zionist,StandWithUs,2026-03-22T09:35:53.000Z
BREAKING: Red alert sirens sound in central Israel as the Iranian regime continues to fire missiles at Israel.,0,Zionist,StandWithUs,2026-03-22T07:30:27.000Z
"BREAKING VIDEO: Moments after a Hezbollah anti-tank missile attack on the northern border community of Misgav Am, murdering 1 person.   The Magen David Adom ambulance service said two vehicles caught fire, and the man was pulled from one of them. The deadly attack continues the",0,Zionist,StandWithUs,2026-03-22T07:25:57.000Z
"One man has been murdered in a Hezbollah anti-tank missile attack on the northern border community of Misgav Am, first responders reported. The Magen David Adom ambulance service said two vehicles caught fire, and the man was pulled from one of them.   The deadly attack continues",0,Zionist,StandWithUs,2026-03-22T07:20:55.000Z
"BREAKING: Massive damage at a direct impact site in southern Israel following another missile barrage fired by the Iranian regime. About 70 people injured. Numerous people unaccounted for at the scene. At least 9 buildings damaged.   Four people are in serious condition,",0,Zionist,StandWithUs,2026-03-21T21:05:53.000Z
"The U.S. Department of Justice filed a federal lawsuit against Harvard University on Friday, seeking to recover billions of dollars for allegedly failing to protect Jewish and Israeli students from harassment and discrimination.   The complaint accuses Harvard of remaining",0,Zionist,StandWithUs,2026-03-21T16:00:14.000Z
The moment of impact and the aftermath of an Iranian regime missile hitting a kindergarten in central Israel. This is a war crime.,0,Zionist,StandWithUs,2026-03-21T13:01:16.000Z
A building in northern Israel was heavily damaged following another barrage of rockets fired by Hezbollah terrorists towards civilian populations. No physical injuries were reported.   The attack is part of the Iranian regime proxy Hezbollah’s ongoing campaign of terror against,0,Zionist,StandWithUs,2026-03-21T12:11:57.000Z
"Iran executes 19-year-old champion wrestler Saleh Mohammadi, two others in horrific public hangings.",0,Zionist,StandWithUs,2026-03-20T14:31:08.000Z
Fragments of an Iranian missile hit a kindergarten in central Israel. This is what we are facing.,0,Zionist,StandWithUs,2026-03-21T08:38:04.000Z
"A kindergarten in central Israel was heavily damaged following another barrage of missiles fired by the Iranian regime towards civilian populations.   Thankfully, no physical injuries were reported as the attack occurred when children were not present. The strike on an",0,Zionist,StandWithUs,2026-03-21T11:44:44.000Z
BREAKING: Red alert sirens sound across Israel as the Iranian regime continues to fire missiles at Israel.,0,Zionist,StandWithUs,2026-03-20T11:58:13.000Z
"Highlights from the StandWithUs International Conference in Las Vegas - our biggest conference yet!   Leaders, students, and activists from around the world came together to fight antisemitism, strengthen Israel advocacy, and inspire action.  These moments show the power of",0,Zionist,StandWithUs,2026-03-20T10:56:55.000Z
"This past weekend, StandWithUs in Pittsburgh was proud to co-sponsor a historic and vibrant Holi–Passover celebration. It was a powerful fusion of traditions, welcoming the spring season through a lens of shared values and mutual respect. The afternoon was filled with the joy of",0,Zionist,StandWithUs,2026-03-20T09:55:28.000Z
"Hindu friends and supporters invited StandWithUs to a lunch prior to the start of its 2026 annual International Conference to discuss opportunities for more collaboration and support.  Peggy Shapiro, Executive Director of Center for Combating Antisemitism (CCA), stated, ""Hindus",0,Zionist,StandWithUs,2026-03-20T01:24:59.000Z
BREAKING: For the fourth time in the last hour red alert sirens sound in the Jerusalem area as the Iranian regime continues to fire missiles at Israel.,0,Zionist,StandWithUs,2026-03-19T22:08:34.000Z
BREAKING: Red alert sirens sound in northern Israel as the Iranian regime continues to fire missiles at Israel. This is the fifth missile salvo fired at Israel in the last hour.,0,Zionist,StandWithUs,2026-03-19T22:19:52.000Z
"UPDATE: Operation ‘Roaring Lion’ | March 19, 2026",0,Zionist,StandWithUs,2026-03-19T14:09:17.000Z
"Despite another year of war on multiple fronts, Israel once again ranked eighth in the World Happiness Report published Thursday, maintaining its position for the second year in a row. A testament to its resilience, unity, and unwavering spirit even during challenging times.",0,Zionist,StandWithUs,2026-03-19T13:00:57.000Z
"""Israelis have a sense of meaning and purpose, which contributes to their overall satisfaction with life,"" said Anat Fanti, a happiness policy researcher at Israel’s Bar-Ilan University. Perhaps the most remarkable finding: Israelis under 25 were the happiest demographic within",0,Zionist,StandWithUs,2026-03-19T13:00:58.000Z
Ongoing:,0,Zionist,StandWithUs,2026-03-19T09:46:46.000Z
Today I am proud that the second edition of my 7 October Parliamentary Commission Report is being published. It's on  7Octparliamentarycommission.co.uk We cannot allow history to be distorted and 7 Oct denial to win  @AppgIsrael  #7October #Israel,0,Zionist,StandWithUs,2026-03-18T09:30:42.000Z
"IDF teachers from the Education and Youth Corps are bringing moments of joy and comfort to children forced to spend time in bomb shelters, as the Iranian regime continues firing ballistic missiles at Israeli civilian communities. With schools and educational programs closed under",0,Zionist,StandWithUs,2026-03-19T02:10:58.000Z
The incomparable Bret Stephens at our conference in Vegas! ⁦ @StandWithUs ⁩,0,Zionist,StandWithUs,2026-03-18T15:39:30.000Z
"Melanie Shiraz, Miss Israel 2025, speaks about staying true to yourself and combatting misinformation at the StandWithUs International Conference in Las Vegas, the premier pro-Israel gathering, uniting leaders, students, and activists from around the world to confront",0,Zionist,StandWithUs,2026-03-18T16:02:33.000Z
"Not even the Iranian regime can break the spirit of the Israeli people. In central Israel, people in an underground parking garage practice yoga as the Iranian regime continues to fire ballistic missiles at Israel. Am Yisrael Chai!   Photo by Miriam Alster/Flash90",0,Zionist,StandWithUs,2026-03-18T15:06:48.000Z
"Hamas captivity survivor Omer Shem Tov shares with us the special bond he has among other survivors, following the atrocities that took pace on October 7, 2023.   He shared his inspirational story at the StandWithUs International Conference in Las Vegas, the premier pro-Israel",0,Zionist,StandWithUs,2026-03-18T15:02:49.000Z
"Operation ‘Roaring Lion’ | March 18, 2026  Since the joint U.S.-Israel operation against the tyrannical Iranian regime began, over 780 missiles and rockets have been fired toward Israeli civilian populations - both from Iran and from Hezbollah in Lebanon. Seventeen people have",0,Zionist,StandWithUs,2026-03-18T14:26:05.000Z
BREAKING VIDEO: Severe damage to several residential buildings in central Israel following Iranian regime missile attack. One man and two children sustained minor injuries.  @Mdais    Via: Magen David Adom,0,Zionist,StandWithUs,2026-03-18T14:23:21.000Z
BREAKING: Scenes from an Iranian regime missile impact site in central Israel. No physical injuries reported thus far as rescue teams continue to scan reported impact sites.  @Mdais   Credit: Magen David Adom,0,Zionist,StandWithUs,2026-03-18T14:06:02.000Z
"UPDATE: Operation ‘Roaring Lion’ | March 17, 2026",0,Zionist,StandWithUs,2026-03-17T22:01:31.000Z
"On March 17, 1992, a devastating terrorist attack on the Israeli embassy in Buenos Aires claimed the lives of 29 innocent people and left 242 others injured. Hussein Ahmad Karaki, a terrorist belonging to Hezbollah, an Iranian regime proxy group, was responsible for this horrific",0,Zionist,StandWithUs,2026-03-17T21:30:10.000Z
"Former Miss Slovakia Miriam Mattova, speaks about growing up Jewish in Slovakia and her experiences after October 7, 2023, at the StandWithUs International Conference in Las Vegas, the premier pro-Israel gathering, uniting leaders, students, and activists from around the world to",0,Zionist,StandWithUs,2026-03-17T21:01:04.000Z
"Former Miss Israel Noa Cochva and Former Miss Slovakia Miriam Mattova, speak about what motivates them to fight online hate at the StandWithUs International Conference in Las Vegas, the premier pro-Israel gathering, uniting leaders, students, and activists from around the world",0,Zionist,StandWithUs,2026-03-17T20:01:02.000Z
"As the Iranian regime continues to fire ballistic missiles at Israel, endangering all its citizens, Muslims, Christians, Jews, Druze, and others, shrapnel from one of these missiles was found at the Christian holy site, the Church of the Holy Sepulchre, and near the Muslim holy",0,Zionist,StandWithUs,2026-03-17T19:00:16.000Z
"A poster over a major Israeli highway reads, ‘We will get through this together.’ As the joint U.S.-Israeli operation targeting the Iranian regime continues and Israeli civilians face ongoing missile attacks, the resilient people of Israel stand united, even in difficult times,",0,Zionist,StandWithUs,2026-03-17T00:00:55.000Z
"Scenes from central Israel after an Iranian regime missile struck a family home. The Iranian regime continues to fire missiles toward civilian populations, aiming at causing as much destruction and devastation as possible. Make no mistake: the Iranian regime is targeting and",0,Zionist,StandWithUs,2026-03-16T22:00:55.000Z
"UPDATE: Operation ‘Roaring Lion’ | March 16, 2026",0,Zionist,StandWithUs,2026-03-16T21:02:20.000Z
"A heartfelt message about the power of coming together from Montana Tucker, actress, singer, dancer, philanthropist, and activist, at the StandWithUs International Conference in Las Vegas, the premier pro-Israel gathering, uniting leaders, students, and activists from around the",0,Zionist,StandWithUs,2026-03-16T20:01:58.000Z
"A powerful message from Sami Steigmann, Holocaust survivor and educator, at the StandWithUs International Conference in Las Vegas. The conference is the premier pro-Israel gathering, uniting leaders, students, and activists from around the world to confront antisemitism and",0,Zionist,StandWithUs,2026-03-16T19:02:05.000Z
BREAKING: Red alert sirens sound in northern Israel as the Iranian regime continues to fire missiles at Israel.,0,Zionist,StandWithUs,2026-03-16T10:13:35.000Z
"At the Oscars, Javier Bardem made it clear that he stands with the jihadis of Hamas and their overlords in the Islamic Republic regime in Iran.  He does not stand with the oppressed people of Iran. He seems to think this is a courageous position, it is, of course, extremist.",0,Zionist,StandWithUs,2026-03-16T06:39:12.000Z
The incomparable Idan Raichel performing right now in Las Vegas at the incomparable ⁦ @standwithus  conference!,0,Zionist,StandWithUs,2026-03-16T04:24:26.000Z
Thank you Montana for joining us at the  @standwithus  conference in Vegas!,0,Zionist,StandWithUs,2026-03-16T05:26:11.000Z
BREAKING VIDEO: Several houses damaged following the recent Iranian regime missile barrage towards central and southern Israel. No physical injuries reported thus far.,0,Zionist,StandWithUs,2026-03-16T08:46:51.000Z
"Update: A woman in her 30s was lightly injured, following the recent Iranian regime missile attack towards central Israel.",0,Zionist,StandWithUs,2026-03-16T08:53:55.000Z
BREAKING: Red alert sirens sound in central and southern Israel as the Iranian regime continues to fire missiles at Israel.,0,Zionist,StandWithUs,2026-03-16T08:10:44.000Z
"Israeli MMA made history Saturday as Stav Koren became the bantamweight champion of Tuff N Uff, defeating Andrew Garrette in the second round with a rear naked choke. With this victory, Koren became the first Israeli to win a championship belt in an MMA organization whose events",0,Zionist,StandWithUs,2026-03-16T00:00:55.000Z
"The Iranian regime continues to purposefully target residential areas in Israel, aiming to cause maximum destruction and devastation.   Make no mistake: the Iranian regime is targeting and endangering everyone in the entire region.",0,Zionist,StandWithUs,2026-03-15T10:47:45.000Z
"BREAKING: Two people mildly injured, cars and a building damaged following an Iranian regime missile impact in central Israel.  @Mdais",0,Zionist,StandWithUs,2026-03-15T10:35:51.000Z
"UPDATE: Following the recent Iranian missile attack on Israel, several locations in central Israel were hit with shrapnel causing local fires. No physical injuries reported thus far.  UPDATE: Two people mildly injured and a building damaged following an Iranian regime missile",0,Zionist,StandWithUs,2026-03-15T10:22:26.000Z
"BREAKING: Red alert sirens sound in the Eilat area, southern Israel, as the Iranian regime continues to fire missiles at Israel.",0,Zionist,StandWithUs,2026-03-15T09:43:13.000Z
Iranians can’t speak out against the regime that is oppressing them.   Be their voice.,0,Zionist,StandWithUs,2026-03-15T01:08:15.000Z
"BREAKING VIDEO: An explosion damaged a Jewish school in Amsterdam, the Netherlands, early Saturday morning in what the city's mayor described as ""a deliberate attack against the Jewish community."" The explosion caused limited damage and no injuries were reported. Police have",0,Zionist,StandWithUs,2026-03-14T10:16:47.000Z
"As antisemitism grows unchecked online and across the globe, staying silent is not an option.  Former Miss Israel Noa Cochva and Former Miss Slovakia Miriam Mattova, will speak about the dangers of online hate and how to fight it at the StandWithUs International Conference in Las",0,Zionist,StandWithUs,2026-03-13T19:02:15.000Z
"Link:  bit.ly/4bngYSJ  Anti-Zionist vandals launched a campaign of intimidation against a pro-Israel lecture at Delft University of Technology in the Netherlands. Over 25 plate-glass windows were smashed across two nights and butyric acid, a vomit-smelling substance, was",0,Zionist,StandWithUs,2026-03-13T15:48:37.000Z
"For the full show:  bit.ly/4s3QcpC Elica Le Bon, an Iranian-American attorney, writer, and activist, debunks false claims that Israel dragged the U.S. into a war against the Iranian regime.  With the regime in Iran under attack, what are Iranians inside the country and in",0,Zionist,StandWithUs,2026-03-13T15:16:10.000Z
"WATCH: Everything you need to know about the vehicle ramming and shooting terror attack at Temple Israel Synagogue in West Bloomfield, Michigan.",0,Zionist,StandWithUs,2026-03-12T21:40:02.000Z
"“StandWithUs is horrified by the shooting at Temple Israel in West Bloomfield and are holding its clergy, leadership, congregants, staff, students and the greater Detroit Jewish community in our hearts.  I had the privilege of speaking at Temple Israel and know firsthand how",0,Zionist,StandWithUs,2026-03-12T20:29:31.000Z
"Now more than ever, share this message: we are Jewish and proud.",0,Zionist,StandWithUs,2026-03-12T20:23:04.000Z
"BREAKING: Reports of an attempted terror attack at a synagogue in Trondheim, Norway. A significant presence of officers equipped with rifles and protective shields are on scene. This follows today’s shooting and vehicle-ramming attack at the Temple Israel synagogue in Michigan.",0,Zionist,StandWithUs,2026-03-12T20:07:53.000Z
"BREAKING: Police responding to vehicle ramming and active shooter situation at Temple Israel in West Bloomfield, Michigan, the largest Reform synagogue in the United States. The synagogue also houses a school. The FBI, West Bloomfield police, Oakland County Sheriff's Office,",0,Zionist,StandWithUs,2026-03-12T17:49:35.000Z
"This is what the skies over northern Israel looked like last night, as Hezbollah fired 200+ rockets at civilians. But it wasn’t just last night. For years, the people of northern Israel have lived under the constant threat of Hezbollah, the Iranian regime’s terrorist proxy in",0,Zionist,StandWithUs,2026-03-12T10:36:41.000Z
"For more:  standwithus.com/news/legal/fou … Four Convicted in Assault at Asheville, NC Library Event Targeting Jewish Attendees  StandWithUs Saidoff Law expressed appreciation for the convictions of four individuals responsible for assaulting attendees during an incident targeting Jewish",0,Zionist,StandWithUs,2026-03-12T10:03:05.000Z
Thank you for standing with the  Jewish community!,0,Zionist,StandWithUs,2026-03-12T08:37:45.000Z
"BREAKING: Red alert sirens sound across Israel as Hezbollah and the Iranian regime continue to fire rockets, missiles, and attack drones at Israel.",0,Zionist,StandWithUs,2026-03-11T22:32:08.000Z
"At the World Baseball Classic, Team Israel is making a nation proud on the global stage and inspiring fans around the world.",0,Zionist,StandWithUs,2026-03-12T00:01:19.000Z
"Part of an Iranian regime ballistic missile that impacted in central Israel.  The Iranian regime continues to launch missiles of this scale toward civilian population centers across Israel, deliberately putting millions of civilians at risk. These are not small projectiles. They",0,Zionist,StandWithUs,2026-03-11T22:00:57.000Z
"The difference between Israel and Iran's terrorist regime:  Israel targets Iran's regime and military, while Iranian forces target civilians with cluster bombs to cause widespread destruction in their communities.",0,Zionist,StandWithUs,2026-03-11T16:54:53.000Z
"For the full show:  bit.ly/4s3QcpC Elica Le Bon, Iranian-American attorney, writer, and activist, speaks on what she’s hearing from Iranians amid the U.S.-Israeli operation targeting the Iranian regime.  With the regime in Iran under attack, what are Iranians inside the",0,Zionist,StandWithUs,2026-03-11T16:02:03.000Z
"The people of Iran, the people of Israel, and the people of the United States stand together, sharing a hope for a better future.",0,Zionist,StandWithUs,2026-03-11T14:01:10.000Z
"HORRIFIC: As antisemitism continues to rise around the world, Israelis were violently assaulted after attackers identified them speaking Hebrew at Santana Row in San Jose, California.  Antisemitism must be confronted and condemned wherever it appears.",0,Zionist,StandWithUs,2026-03-11T12:01:43.000Z
"You were being lied to - repeatedly - by Iran-regime and extremist propaganda and the UN and related agencies that enriched themselves while telling those lies, in hoc with Hamas terrorists.",0,Zionist,StandWithUs,2026-03-11T10:28:37.000Z
"In Israel, no one is left behind.   IDF Search and Rescue Brigade soldiers rescued several pets trapped under rubble after an Iranian regime missile strike. “Imagine a person whose world has collapsed and their home destroyed, but thanks to you, their best friend will still be",0,Zionist,StandWithUs,2026-03-11T06:00:24.000Z
BREAKING: Red alert sirens sound in northern Israel as Hezbollah continues to fire rockets at Israel.,0,Zionist,StandWithUs,2026-03-10T14:42:51.000Z
"There's a huge factor that many people have missed about the conflict between the U.S., Israel, and Iran’s regime:   China    The Chinese government has been funding and supporting Iran’s military for years.   A thread:",0,Zionist,StandWithUs,2026-03-10T14:00:58.000Z
"Expert analysts believe China is using the Iranian regime to:   Keep the U.S. military occupied in the Middle East.  Weaken the U.S. by draining its money and resources.  Make it harder for the U.S. to stop an invasion of Taiwan.   Based on this analysis, the U.S. is seeking to",0,Zionist,StandWithUs,2026-03-10T14:01:11.000Z
"Reasonable people can disagree with military actions taken by their government. However, there is no place for antisemitic conspiracy theories that risk fueling more violence against Jewish communities.  The U.S. is not fighting Iran “for Israel” or being “controlled by Israel.”",0,Zionist,StandWithUs,2026-03-10T14:01:13.000Z
"When the U.S. and its allies were negotiating to limit Iran’s nuclear program in 2015, China and Russia reportedly helped prevent the agreement from including any restriction on ballistic missiles. This allowed Iran’s military to build the largest arsenal in the Middle East – an",0,Zionist,StandWithUs,2026-03-10T14:01:07.000Z
"If Iran’s regime builds enough missiles, they can overwhelm even the most advanced defenses and cause mass destruction.   Both Democratic and Republican leaders have said they believe China is seeking to pass the U.S. as the world's greatest superpower. This includes major",0,Zionist,StandWithUs,2026-03-10T14:01:09.000Z
"BREAKING: Amid and Rostam have been identified as the two people murdered in the Iranian regime' missile attack in central Israel on March 9, 2026. May their memories forever be a blessing.",0,Zionist,StandWithUs,2026-03-10T13:33:58.000Z
"Israel Airports Authority:  60% of Israelis who were abroad on the eve of the war have returned to Israel  As part of Operation “Wings of the Lion”, between 5–9 March 2026, 177 flights landed at Ben Gurion Airport, bringing back around 32,000 passengers.  Today, approximately 40",0,Zionist,StandWithUs,2026-03-10T12:36:42.000Z
BREAKING: Red alert sirens sound in central and northern Israel as the Iranian regime continues to fire missiles at Israel.,0,Zionist,StandWithUs,2026-03-10T12:49:04.000Z
"See link:  bit.ly/4rftbyB The regime in Iran, extremist groups around the world, and some popular American ""influencers"" are falsely blaming Israel for ""dragging"" the U.S. into another war in the Middle East. Fill out the form on this page NOW to email your elected",0,Zionist,StandWithUs,2026-03-09T21:30:55.000Z
"UPDATE: Operation ‘Roaring Lion’ | March 9, 2026",0,Zionist,StandWithUs,2026-03-09T21:15:08.000Z
"Israelis rush to a public shelter as sirens warn of incoming ballistic missiles fired by the Iranian regime towards Israeli civilians.   Despite ongoing attacks by the Iranian regime and its proxies, Israelis continue their daily lives with resilience and determination, running",0,Zionist,StandWithUs,2026-03-09T20:00:34.000Z
"A hero’s welcome: An Israeli Air Force pilot reunites with his children for the first time since the U.S.-Israeli operation against the Iranian regime began. Welcome home, hero!   @IDF    Credit: IDF",0,Zionist,StandWithUs,2026-03-09T18:02:04.000Z
"As the Western Wall plaza in Jerusalem stands empty due to Iranian regime and Hezbollah missile and rocket attacks, a sacred tradition continues.  Every year before Passover and Rosh Hashanah, sacred cleansings takes place. Thousands of heartfelt notes, wishes, and prayers,",0,Zionist,StandWithUs,2026-03-09T17:00:49.000Z
Israel secures the win over Nicaragua!,0,Zionist,StandWithUs,2026-03-09T01:56:27.000Z
BREAKING: Two men have been murdered in an Iranian regime missile attack on central Israel. May their memories forever be a blessing.,0,Zionist,StandWithUs,2026-03-09T10:24:26.000Z
BREAKING: Reports of Iranian regime missile impact site in central Israel. Two people seriously injured. Details to follow.,0,Zionist,StandWithUs,2026-03-09T09:36:03.000Z
UPDATE: Six impact sites across central Israel reported so far following the Iranian regime missile attack on the civilian population.,0,Zionist,StandWithUs,2026-03-09T09:56:42.000Z
BREAKING: One man has been murdered in an Iranian regime missile attack on central Israel. May his memory forever be a blessing.,0,Zionist,StandWithUs,2026-03-09T09:49:50.000Z
UPDATE: Reports of two Iranian regime missile impact sites in central Israel. Two people critically injured and one person seriously injured across two sites. Details to follow.,0,Zionist,StandWithUs,2026-03-09T09:44:10.000Z
"UPDATE: Operation ‘Roaring Lion’ | March 8, 2026",0,Zionist,StandWithUs,2026-03-08T20:30:11.000Z
"On International Women’s Day, we honor the courageous Israeli women who protect, serve, and run toward danger not just today but every single day.",0,Zionist,StandWithUs,2026-03-08T20:00:22.000Z
UPDATE: A seventh American soldier has been killed amid the ongoing U.S.-Israel operation targeting the Iranian regime.,0,Zionist,StandWithUs,2026-03-08T19:52:45.000Z
"Answering your tough questions: Who is Mojtaba Khamenei, and what’s his role in the future of Iran?",0,Zionist,StandWithUs,2026-03-08T19:30:11.000Z
"Meet some of the trailblazing women of the Israel Fire and Rescue Authority.    President of Israel, Isaac Herzog, and First Lady Michal met with them as the world celebrates International Women’s Day. In Israel, women don’t just break the glass ceiling - they shatter it!",0,Zionist,StandWithUs,2026-03-08T19:25:14.000Z
"This International Women’s Day, we honor Jewish heroine Hannah Szenes. In 1944, while on a secret mission to rescue Jews from Hungary, she was arrested by the Nazis and tortured repeatedly. She refused to reveal any information. On November 7, 1944, she was executed at age 23.",0,Zionist,StandWithUs,2026-03-08T19:00:09.000Z
"Despite relentless missile attacks, the resilient people of Tel Aviv carry on with daily life whenever it’s safe.",0,Zionist,StandWithUs,2026-03-08T18:30:17.000Z
"Operation ‘Roaring Lion’ | March 8, 2026  Since the joint U.S.-Israel operation against the tyrannical Iranian regime began, over 300 missiles have been fired toward Israeli civilian populations - both from Iran and from Hezbollah in Lebanon. Thirteen people have been murdered",0,Zionist,StandWithUs,2026-03-08T18:00:08.000Z
"BREAKING VIDEO: One person in critical condition following Iranian regime missile attack on central Israel.   Magen David Adom: Three people reported injured so far: a man around 40 years old in serious condition, a man around 25 in moderate condition, and a 56-year-old man in",0,Zionist,StandWithUs,2026-03-08T12:25:05.000Z
"BREAKING: At least one person in critical condition, two more injured as Iranian regime fires missiles at central Israel.  The Iranian regime continues to target innocent civilian communities across the country.  Update: Magen David: Three people injured by shrapnel: a man",0,Zionist,StandWithUs,2026-03-08T12:17:22.000Z
BREAKING: Red alert sirens sound in southern Israel as the Iranian regime continues to fire missiles at Israel.,0,Zionist,StandWithUs,2026-03-07T21:02:06.000Z
"BREAKING: Iranian regime terror plots in Baku, Azerbaijan, have reportedly been foiled by security services. The planned targets reportedly included the Israeli Embassy, a synagogue, the Jewish community, and the Baku-Tbilisi-Ceyhan pipeline.  The Iranian regime is not just a",0,Zionist,StandWithUs,2026-03-06T21:15:14.000Z
"A MUST WATCH: Thirteen years ago, Douglas Murray, a renowned author and political commentator, delivered a powerful speech about Israel and the threat of a nuclear Iranian regime. Today, his words resonate more strongly than ever.  @DouglasKMurray",0,Zionist,StandWithUs,2026-03-06T20:46:56.000Z
POV: you’re an IDF pilot otw to Tehran,0,Zionist,StandWithUs,2026-03-06T15:39:41.000Z
BREAKING: Scenes from central Israel following impact from a ballistic missile fired by the Iranian regime. No physical injuries reported thus far.  @Mdais    Credit: Magen David Adom,0,Zionist,StandWithUs,2026-03-05T21:41:21.000Z
BREAKING: Initial reports of Iranian regime missile impact site in central Israel. No physical injuries reported thus far.,0,Zionist,StandWithUs,2026-03-05T21:28:09.000Z
BREAKING: Red alert sirens continue to sound across Israel as Hezbollah continues to fire rockets at Israel.,0,Zionist,StandWithUs,2026-03-05T21:09:57.000Z
BREAKING: Red alert sirens sound in northern Israel due to an attack drone in the area.,0,Zionist,StandWithUs,2026-03-05T20:49:10.000Z
BREAKING: An IDF officer was severely wounded and another soldier moderately wounded during the ongoing operation against Hezbollah terrorists in Lebanon.,0,Zionist,StandWithUs,2026-03-05T20:38:57.000Z
"In under 6 days, the Iranian regime has targeted 13 countries with missiles and drones. The Iranian regime isn’t just a threat to Israel; it’s a threat to the entire world. The regime’s ongoing missile and drone attacks on countries across the region should make that ABSOLUTELY",0,Zionist,StandWithUs,2026-03-05T20:15:32.000Z
"Anti-Israel extremists on U.S. campuses celebrate Iranian missiles hitting Americans and call for ""death to America.""  Where is the outrage?",0,Zionist,StandWithUs,2026-03-05T20:00:42.000Z
BREAKING: Red alert sirens sound in northern Israel as Hezbollah and the Iranian regime continue to fire rockets and missiles at Israel.,0,Zionist,StandWithUs,2026-03-05T18:37:08.000Z
Link:   standwithus.com/news/standwith …  StandWithUs Center For Legal Justice Announces Settlement of Antisemitism Lawsuit Against Columbia University  The StandWithUs Center for Legal Justice (SCLJ) announced that a settlement has been reached in the federal lawsuit Students Against,0,Zionist,StandWithUs,2026-03-05T17:52:00.000Z
Israeli coders developed a new App called “Can I Shower?” to predict the likelihood of a missile alerts interrupting shower-time - avoiding the risk of awkward meetings with neighbors in the bomb shelter.,0,Zionist,StandWithUs,2026-03-04T22:15:57.000Z
“Stop the War” Crowd 2026:,0,Zionist,StandWithUs,2026-03-05T09:32:21.000Z
"The world is learning that calling for and acting for ""Death to America"" and ""Death to Israel"" is a pretty bad idea.",0,Zionist,StandWithUs,2026-03-05T11:41:12.000Z
For our full statement:  standwithus.com/news/standwith …  StandWithUs calls on California Governor and likely Presidential candidate Gavin Newsom to correct multiple deeply misleading claims he made about Israel and the war with Iran’s regime.,0,Zionist,StandWithUs,2026-03-05T13:25:07.000Z
These are two of the six American soldiers who have fallen amid the ongoing U.S.-Israeli operation targeting the Iranian regime.  Our thoughts are with the families of the fallen. Their bravery and sacrifice will not be forgotten.,0,Zionist,StandWithUs,2026-03-05T12:13:08.000Z
"Amid U.S. and Israeli strikes on Iran’s regime, Iran expert Beni Sabti shares a powerful message of hope for the future.  @BeniSabti",0,Zionist,StandWithUs,2026-03-05T11:29:30.000Z
"Join StandWithUs for an exclusive Research Colloquium led by Dr. Alexandra Fishman on Sunday, March 15, 2026 in Las Vegas. Connect with researchers and data professionals focused on Israel education and combating antisemitism, share insights, and explore opportunities for",0,Zionist,StandWithUs,2026-03-05T11:18:24.000Z
BREAKING: Red alert sirens sound in northern Israel as Hezbollah in Lebanon continues to fire rockets at Israel.,0,Zionist,StandWithUs,2026-03-05T10:32:53.000Z
"Resilience in Israel  As ballistic missiles from the Iranian regime are fired at Israeli cities and sirens sound, life goes on. A couple holds their wedding in an underground parking lot converted into a bomb shelter.  Love will not be interrupted. Mazel Tov!",0,Zionist,StandWithUs,2026-03-04T18:02:32.000Z
"Amid a global surge in antisemitism, Jewish tourists in Milan, Italy, were attacked. Antisemitism must be confronted and condemned wherever it appears.",0,Zionist,StandWithUs,2026-03-04T17:54:24.000Z
"Thank you, Taiwan",0,Zionist,StandWithUs,2026-03-04T16:01:04.000Z
BREAKING: Red alert sirens sound in northern as Hezbollah continues to fire rockets at Israel.,0,Zionist,StandWithUs,2026-03-04T13:24:46.000Z
BREAKING: Red alert sirens sound in northern and central Israel as Hezbollah and the Iranian regime continue to fire rockets and missiles at Israel.,0,Zionist,StandWithUs,2026-03-04T12:39:29.000Z
BREAKING: Red alert sirens sound in central Israel as Hezbollah and the Iranian regime continues to fire rockets and missiles at Israel.,0,Zionist,StandWithUs,2026-03-04T12:04:48.000Z
BREAKING: Part of an Iranian regime missile fell in Turkey following its interception by NATO forces.,0,Zionist,StandWithUs,2026-03-04T12:03:54.000Z
"If you are any of these, or support them, you should FOR the action against the regime in Iran, because the regime hates:  • Independent journalists and media workers • Human rights defenders & Civil liberties advocates • Women • Sunni Muslims • Gender-equality activists •",0,Zionist,StandWithUs,2026-03-03T09:49:14.000Z
"Resilience in Israel  As ballistic missiles from the Iranian regime are fired at Israeli cities and sirens sound, life goes on. A couple dances during their wedding ceremony in an underground parking lot converted into a bomb shelter.  Love will not be interrupted. Mazel Tov!",0,Zionist,StandWithUs,2026-03-04T09:26:34.000Z
Israel and the United States’ fight against the Iranian regime is a stand for the freedom of the entire world.  -  @michaeldickson  Executive Director of StandWithUs Israel,0,Zionist,StandWithUs,2026-03-03T19:53:13.000Z
"Even when forced into bomb shelters by Iranian regime ballistic missile attacks, Israelis refuse to let terror extinguish their spirit. Young and old, they celebrate Purim this year from the safety of underground shelters, despite the danger above.  This is the resilience of the",0,Zionist,StandWithUs,2026-03-03T18:33:48.000Z
BREAKING: Red alert sirens sound in central and northern Israel as Hezbollah continues to fire rockets at Israel.,0,Zionist,StandWithUs,2026-03-03T18:03:47.000Z
"Operation ‘Lion’s Roar’ | March 3, 2026. Since the joint U.S.-Israel operation against the tyrannical Iranian regime, over 270 ballistic missiles have been fired from Iran towards Israeli civilian populations. Twelve people have been murdered and over 235 others injured.",0,Zionist,StandWithUs,2026-03-03T17:34:02.000Z
"Not even the Iranian regime can break the spirit of the Israeli people: In central Israel, people in an underground shelter celebrate the Jewish holiday of Purim even as the Iranian regime continues to fire missiles at Israel. Am Yisrael Chai!",0,Zionist,StandWithUs,2026-03-03T16:15:40.000Z
"Approximately 30 female Israeli Air Force pilots and navigators are participating in Operation ‘Lion’s Roar’ against the Iranian regime. While the Iranian regime beats women in the streets for showing their hair and denies them basic freedoms, Israeli women are flying fighter",0,Zionist,StandWithUs,2026-03-03T16:01:16.000Z
"Iranians in Athens, Greece gathered in front of the Israeli embassy to express gratitude to Israel for eliminating Ayatollah Khamenei, the architect of decades of terror and oppression. The emotional gathering reflects the hope of countless Iranians longing for freedom from the",0,Zionist,StandWithUs,2026-03-03T11:31:08.000Z
"For the full StandWithUs statement:  standwithus.com/news/hope-for- …  For decades, Iranian regime leaders called for death to the United States, the UK, Israel, and all others who oppose its reign of terror. They have brutally murdered the people of Iran, while exporting death and",0,Zionist,StandWithUs,2026-03-03T11:03:14.000Z
"In a stunning act of defiance, the Iranian women's national soccer team refused to sing the Islamic regime's anthem, standing in silent protest as the music played. These brave women risk everything by refusing to honor a regime that has brutalized Iranian women for decades,",0,Zionist,StandWithUs,2026-03-03T10:15:20.000Z
WATCH: Here’s what has happened so far amid the ongoing U.S.-Israeli strikes on the Iranian regime.,0,Zionist,StandWithUs,2026-03-02T20:57:03.000Z
"Operation ‘Lion’s Roar’ | March 2, 2026. Since the joint U.S.-Israel operation against the tyrannical Iranian regime, over 250 ballistic missiles have been fired from Iran towards Israeli civilian populations. Twelve people have been murdered and over 160 others injured.",0,Zionist,StandWithUs,2026-03-02T20:02:43.000Z
"The people of Iran and the people of Israel stand together, sharing a hope for a better future.",0,Zionist,StandWithUs,2026-03-02T19:17:50.000Z
WATCH: Lt. Col. (Res.) Jonathan Conricus speaks about what he is hearing from Iranians around the world amid the war against the oppressive Iranian regime | Special Briefing on StandWithUs TV - War with Iran  To watch the full show:  youtu.be/tgpATovt_yo,0,Zionist,StandWithUs,2026-03-02T19:07:40.000Z
BREAKING: Red alert sirens sound in northern Israel as Hezbollah from Lebanon fires an attack drone at Israel.,0,Zionist,StandWithUs,2026-03-02T17:19:47.000Z
WATCH: Lt. Col. (Res.) Jonathan Conricus speaks on amazing strength of the IDF in the war against the oppressive Iranian regime | Special Briefing on StandWithUs TV - War with Iran  To watch the full show:  bit.ly/4rJI65l,0,Zionist,StandWithUs,2026-03-02T17:17:31.000Z
"From allies to adversaries: Michael Dickson, Executive Director of StandWithUs Israel, shares a hopeful vision for Iran-Israel peace.",0,Zionist,StandWithUs,2026-03-02T16:49:10.000Z
"Even in challenging times, the resilience of the Israeli people endures. Wishing all the people of Israel a safe and meaningful Purim.",0,Zionist,StandWithUs,2026-03-02T12:27:19.000Z
"BREAKING: The IDF has announced that it has eliminated Hussein Makled, head of Hezbollah’s intelligence headquarters, in a strike in Beirut, Lebanon.",0,Zionist,StandWithUs,2026-03-02T12:24:43.000Z
"HEARTBREAKING: Loved ones attend the funeral for Sarah and Ronit, mother and daughter, who were murdered in the Iranian regime's missile attack in Beit Shemesh, central Israel. May their memories forever be a blessing.",0,Zionist,StandWithUs,2026-03-02T11:40:42.000Z
BREAKING: Initial reports of 9 people mildly injured at an Iranian regime missile impact site in southern Israel.  UPDATE: One 35-year-old male in moderate condition and 14 others mildly injured.,0,Zionist,StandWithUs,2026-03-02T11:37:10.000Z
BREAKING: Red alert sirens sound across southern Israel as the Iranian regime continues to fire missiles at Israel.,0,Zionist,StandWithUs,2026-03-02T10:54:56.000Z
BREAKING: Red alert sirens sound across central Israel as the Iranian regime continues to fire missiles at Israel.,0,Zionist,StandWithUs,2026-03-02T10:13:24.000Z
The Iranian regime isn’t just a threat to Israel; it’s a threat to the entire world. The regime’s ongoing missile and drone attacks on countries across the region should make that ABSOLUTELY clear.,0,Zionist,StandWithUs,2026-03-01T21:59:45.000Z
"In just 36 hours, the Iranian regime has targeted 11 countries with missiles and drones.  The Iranian regime isn’t just a threat to Israel; it’s a threat to the entire world. The regime’s ongoing missile and drone attacks on countries across the region should make that ABSOLUTELY",0,Zionist,StandWithUs,2026-03-01T21:51:45.000Z
"BREAKING: Sarah and Ronit, mother and daughter, have been identified as two of the people murdered in the Iranian regime's missile attacks in Beit Shemesh, central Israel.",0,Zionist,StandWithUs,2026-03-01T21:18:28.000Z
"BREAKING: Scenes from the Iranian regime missile impact site in the Jerusalem area. Seven people injured, 1 critically. Details to follow.  Credit:  @Mdais",0,Zionist,StandWithUs,2026-03-01T20:54:18.000Z
"BREAKING: Initial reports of 7 people injured, 1 critically, at an Iranian regime missile impact site in the Jerusalem area.",0,Zionist,StandWithUs,2026-03-01T20:52:46.000Z
BREAKING: Eight people have been murdered in the Iranian regime missile attacks on central Israel. Multiple others injured. May their memories forever be a blessing.  UPDATE:  Nine people have been murdered in the Iranian regime missile attacks on central Israel.,0,Zionist,StandWithUs,2026-03-01T13:43:56.000Z
"Operation ‘Lion’s Roar’ | March 1, 2026. Since the joint U.S.-Israel operation against the tyrannical Iranian regime, over 200 ballistic missiles have been fired from Iran towards Israeli civilian populations. Eleven people have been murdered and over 140 others injured.",0,Zionist,StandWithUs,2026-03-01T13:38:42.000Z
BREAKING: Nine people have been murdered in the Iranian regime missile attacks on central Israel. Multiple others injured. May their memories forever be a blessing.,0,Zionist,StandWithUs,2026-03-01T13:34:50.000Z
BREAKING: Former President of Iran Mahmoud Ahmadinejad has been eliminated in the American and Israeli strikes in Iran.,0,Zionist,StandWithUs,2026-03-01T13:30:18.000Z
BREAKING: Eight people have been murdered in the Iranian regime missile attacks on central Israel. Multiple others injured. May their memories forever be a blessing.,0,Zionist,StandWithUs,2026-03-01T13:05:32.000Z
"BREAKING VIDEO: Horrific scenes from Bet Shemesh, near Jerusalem, where at least 20 people were injured, 4 critically, including children following an Iranian regime ballistic missile attack on Israel. A 10-year-old girl was critically injured.  @Mdais   Via: Magen David Adom",0,Zionist,StandWithUs,2026-03-01T12:26:20.000Z
UPDATE: 4 people in critical condition and more than 20 injured.,0,Zionist,StandWithUs,2026-03-01T12:16:42.000Z
BREAKING: Non-stop red alert sirens sound across Israel as the Iranian regime continues to fire missiles at Israel.,0,Zionist,StandWithUs,2026-03-01T08:29:33.000Z
"Today, I am proud to be Israeli.   Despite all the shaming.  Despite all the UN ""resolutions"".  Despite all the academics.  Despite all the online pressure.  Israel is cleaning the Middle East from radical religious terrorists. One by one.   They will not thank us for it.  But",0,Zionist,StandWithUs,2026-03-01T03:30:45.000Z
Update from central Israel following a direct hit from an Iranian regime ballistic missile. Twenty-one people injured thus far including 1 critically and 1 seriously.  Credit:  @AFMDA,0,Zionist,StandWithUs,2026-02-28T21:51:09.000Z
BREAKING VIDEO: Scene from central Israel following a direct hit from an Iranian regime ballistic missile. Twenty-one people injured thus far including 1 critically and 1 seriously.,0,Zionist,StandWithUs,2026-02-28T21:45:45.000Z
"BREAKING VIDEO: Scene from central Israel following a direct hit from an Iranian regime ballistic missile. One person critically injured, 1 moderately, and 7 mildly injured.",0,Zionist,StandWithUs,2026-02-28T21:21:53.000Z
UPDATE: Two more women in critical condition were located in an apartment in central Israel. Total injured thus far is 16.  via:  @AFMDA,0,Zionist,StandWithUs,2026-02-28T21:31:35.000Z
"UPDATE: 21 injured, 1 critically, 1 seriously, 3 moderately, and 16 others mildly.",0,Zionist,StandWithUs,2026-02-28T21:39:38.000Z
"US official:  ""It was very clear that the intent for [Iran's regime] was to preserve their ability to do enrichment, so that over time, they could use it for a nuclear bomb... If they wanted to have a civil, peaceful nuclear program, we offered them many, many ways to do that.",0,Zionist,StandWithUs,2026-02-28T21:16:16.000Z
"In Israel, no one gets left behind.   A dog being rescued by first responders from an Iranian regime ballistic missile impact site in central Israel.  Credit:  @AFMDA",0,Zionist,StandWithUs,2026-02-28T21:11:26.000Z
BREAKING: Reports of direct Iranian regime missile impact in central Israel. Details to follow.  via:  @AFMDA,0,Zionist,StandWithUs,2026-02-28T21:00:50.000Z
UPDATE: Four impact sites reported thus far in the latest barrage of Iranian regime ballistic missiles. One man in his 40s in critical conditions and 6 others with moderate and light injuries.,0,Zionist,StandWithUs,2026-02-28T21:06:46.000Z
UPDATE: One 17 year old male has been evacuated to hospital with mild injuries.,0,Zionist,StandWithUs,2026-02-28T15:10:08.000Z
Red alert sirens continue to sound in central Israel.,0,Zionist,StandWithUs,2026-02-28T14:08:21.000Z
UPDATE: At least 3 ballistic missiles were fired by the Iranian regime towards Israel in the latest barrage. No physical injuries or damage reported so far.,0,Zionist,StandWithUs,2026-02-28T13:00:48.000Z
"Former Iranian ""diplomat"" says Israel ""must be erased"" and ""death to America""",0,Zionist,StandWithUs,2026-02-28T12:41:52.000Z
Genocidal threats from Iran's regime and state media show why they can never be allowed to have nuclear weapons.,0,Zionist,StandWithUs,2026-02-28T12:41:00.000Z
A powerful answer to false comparisons between the 2003 Iraq War and the strikes against Iran's regime.,0,Zionist,StandWithUs,2026-02-28T12:37:21.000Z
Why are the U.S. and Israel striking Iran's regime?,0,Zionist,StandWithUs,2026-02-28T12:36:20.000Z
"Context for the U.S.- Israel strike on Iran's regime:  Last year, the commander of Iran's Navy promised to ""wipe Israel off the map.""",0,Zionist,StandWithUs,2026-02-28T11:55:25.000Z
"We strongly condemn the fringe extremists who are targeting Israeli news anchor Lucy Aharish.   Debating ideas, even intensely, is legitimate in a democratic society. Harassing a journalist at her home and attacking her identity as an Arab citizen of Israel is not.",0,Zionist,StandWithUs,2026-02-27T08:26:30.000Z
"StandWithUs Mid-Atlantic Regional Director Julie Paris published an op-ed in the Pittsburgh Jewish Chronicle condemning the East End Food Co-op's decision to hold a ""non-binding"" BDS referendum targeting Israel. Paris detailed how the co-op's union vote has subjected Jewish",0,Zionist,StandWithUs,2026-02-27T08:00:20.000Z
"Israeli women don’t just break the glass ceiling, they shatter it.   Meet Lieutenant Colonel Ella Waweya, the newly appointed IDF Arabic-language spokesperson and the highest-ranking Muslim woman in the IDF. @CaptainElla1    Photo by Chaim Goldberg/Flash90",0,Zionist,StandWithUs,2026-02-27T06:00:23.000Z
"Diplomacy with a side of Fauda: During his official visit to Israel, Prime Minister Modi met the stars of the hit Israeli series. Always fun to see Israeli TV winning fans worldwide as Modi reportedly told the actors that Fauda has fans in India too.   Credit: Prime Minister",0,Zionist,StandWithUs,2026-02-27T00:00:22.000Z
"Actress and comedian Amy Schumer participated in Carnegie Hall's ""Letters, Light and Love"" event an that raised funds to help rebuild Kibbutz Be’eri, one of the southern Israeli communities devastated by the Hamas terrorist massacre on October 7, 2023. At event  she read two",0,Zionist,StandWithUs,2026-02-26T20:00:11.000Z
"StandWithUs and the Louis D. Brandeis Center for Human Rights filed a major lawsuit against the state of California and its education department, exposing horrific antisemitic HARASSMENT AND violence in public schools where Jewish students were beaten unconscious to chants of",0,Zionist,StandWithUs,2026-02-26T17:03:04.000Z
"Moving words of solidarity from Indian Prime Minister Narendra Modi as he became the first Indian Prime Minister to address the Knesset, underscoring the deepening bond between the world’s largest democracy and the Jewish state as they mark 34 years of diplomatic relations this",0,Zionist,StandWithUs,2026-02-26T17:02:28.000Z
AIPAC and our 6 million grassroots members—Democrats and Republicans from all 50 states—are proud to help expand the U.S.-Israel relationship!  Funded by Americans.  Directed by Americans. Strengthening an alliance that benefits America!,0,Zionist,AIPAC,2026-01-22T16:06:47.000Z
I don’t like this antiblack and antisemitic ad because it’s extremely clear what this is.  White Democrats need to stop sitting by and letting this happen.  Black and Jewish voters notice what’s going on and it’s infuriating,0,Zionist,AIPAC,2026-03-22T16:54:25.000Z
To all the people who yelled at me the other day about my criticisms of Track AIAPC…,0,Zionist,AIPAC,2026-03-22T18:32:30.000Z
". @USAmbUN  on Iran: ""The president is not messing around. He stands, unlike his predecessors, by his red lines, and he's not going to allow this genocidal regime to hold the world's energy supplies or economies hostage.""",0,Zionist,AIPAC,2026-03-22T14:15:28.000Z
Uh oh… Trouble at home? @TrackAIPAC  can’t decide if they’re actually about transparency or only about transparency when and where it fits their agenda.  Almost like they’re hacks.  Is being anti-Israel and anti-Zionist just a tag line for clicks or a principle you apply to all?,0,Zionist,AIPAC,2026-03-22T14:20:18.000Z
". @SecScottBessent : ""We have demolished the Iranian capabilities... and now, Gen. Caine,  @SecWar  are leading a campaign to destroy all the fortifications along the Straits of Hormuz.""",0,Zionist,AIPAC,2026-03-22T13:44:23.000Z
"No college encampments when Assad gassed civilians,  or when Iran brutally massacred protestors,  or now, as Iran fires missiles at Israeli and Arab cities.  But Gaza?  Did they ever really care about civilian suffering or was it always just a vehicle to demonize Israel?",0,Zionist,AIPAC,2026-03-22T13:53:15.000Z
"Unlike the ""Free Palestine"" mobs - You know what you don't hear at Iranian celebration rallies?  ""Kill the Jews""",0,Zionist,AIPAC,2026-03-02T01:50:40.000Z
Listen to experts!  Thank you  @SpencerGuard !,0,Zionist,AIPAC,2026-03-22T13:13:33.000Z
"The Iranian regime built close, short, and medium-range ballistic missiles at the Kuh-E Barjamali Ballistic Missile Assembly Facility. The first photo shows what the location looked like on March 1, 2026. The photo dated March 7, 2026 is what the buildings look like now. Out of",0,Zionist,AIPAC,2026-03-22T10:36:16.000Z
"""Whatever we do, we do together,"" Prime Minister Netanyahu told me about possible U.S. strikes on the Iranian power grid.",0,Zionist,AIPAC,2026-03-22T12:26:23.000Z
"Don’t want to mention Hezbollah, Senator?  More convenient to just give a free pass to the Iranian-backed terror group that has killed hundreds of American troops, is indiscriminately firing missiles at civilians, and was supposed to be disarmed?",0,Zionist,AIPAC,2026-03-21T19:08:52.000Z
"IDF Chief-of-Staff Eyal Zamir confirms Iran launched an ICBM toward Diego Garcia Base in the Indian Ocean:  Iran launched a two-stage intercontinental ballistic missile with a range of 4,000 kilometers (2,500 miles) towards an American target on the island of Diego Garcia.  These",0,Zionist,AIPAC,2026-03-21T18:23:58.000Z
We weren’t the first to use this tactic…. And we won’t be the last.  But we will be the one called out.  Wonder why?  The orchestrated campaign to single out and demonize pro-Israel Democrats from participating in the political process is wrong and fundamentally undemocratic.,0,Zionist,AIPAC,2026-03-21T18:23:21.000Z
"So not only has Iran brazenly lied about its ballistic missile range capacity, but this means it can probably hit the UK with them - and we have zero, I repeat ZERO, defence against these missiles. Very worrying.",0,Zionist,AIPAC,2026-03-21T16:20:52.000Z
"Incredible footage of a missile strike in Dimona, southern Israel a short time ago.",0,Zionist,AIPAC,2026-03-21T17:04:23.000Z
"How many people on the far-left who claimed that pro-Israel influencers were being paid $7000, were themselves being paid $8000?",0,Zionist,AIPAC,2026-03-21T17:25:35.000Z
"I'm shocked -- shocked! -- that Iran lies through its teeth at every turn.  And everyone who built their strategy on trusting the ayatollahs was handing us over -- Israelis, Gulf states -- as the sacrifice on the altar of appeasement.",0,Zionist,AIPAC,2026-03-21T16:41:33.000Z
"Iran said its missiles stopped at 2,000 km. Then it fired at Diego Garcia — 4,000 km away.  That has exposed what many warned for years. Tehran was advancing rapidly toward nuclear-carrying ICBMs that directly threaten the American homeland.",0,Zionist,AIPAC,2026-03-21T16:50:54.000Z
Nope. Not what it says.,0,Zionist,AIPAC,2026-03-20T21:39:04.000Z
"Nearly 20% of world's oil flows through the Strait of Hormuz.  If Iran can blackmail that chokepoint with drones, missiles, and naval forces at will while pursuing nuclear capability, the consequences for global markets and security is enormous.  That threat cannot be ignored.",0,Zionist,AIPAC,2026-03-19T23:00:02.000Z
"Everytime I bring up  @AIPAC , I’m bombarded by people who attack AIPAC by claiming it’s a “foreign” lobby or it’s an agency within the Israeli government that must register as a “foreign” agent. ALL of that is false. All of it. AIPAC is an American organization, representing",0,Zionist,AIPAC,2026-03-20T19:43:19.000Z
"The orchestrated campaign to single out and demonize pro-Israel Americans, including millions of Democrats who are members of AIPAC, for participating in the political process is wrong and fundamentally undemocratic.",0,Zionist,AIPAC,2026-03-20T19:12:26.000Z
"If there was a terrorist state in our backyard whose sole mission was to eradicate the United States through terror and nuclear weapons, not a single American would disagree about what needed to be done.  That's the reality Israel faces with Iran.",0,Zionist,AIPAC,2026-03-20T17:32:57.000Z
Iran is firing missiles on holy sites. This is the second time that a missile fragment struck Jerusalem’s Old City,0,Zionist,AIPAC,2026-03-20T16:41:08.000Z
"When Al Aqsa is actually under attack, the anti-Israel left is silent.  Why is that?",0,Zionist,AIPAC,2026-03-20T17:12:43.000Z
"An Iranian missile just struck Jerusalem’s Old City near the Western Wall, Al-Aqsa Mosque, and the Church of the Holy Sepulchre, some of the holiest sites to Jews, Muslims, and Christians.",0,Zionist,AIPAC,2026-03-20T16:18:17.000Z
"Sara and I were deeply saddened to hear of the passing of Chuck Norris, a great friend of Israel and a close personal friend.  Chuck brought martial arts and the warmth of his character to millions around the world.  May his memory be a blessing.",0,Zionist,AIPAC,2026-03-20T14:50:13.000Z
"From Israelis to Iranians with love  Nowruz Mobarak ~ Happy New Year ~ نوروز مبارک  Like you, we don’t like the regime that oppresses you.  Nowruz, the time of year for housecleaning. We look forward to visiting, hopefully soon.",0,Zionist,AIPAC,2026-03-20T09:30:00.000Z
"Iran's terror regime is launching ballistic missiles with CLUSTER WARHEADS at Israeli neighborhoods.  Weapons of mass death. Meant to massacre civilians.  But since it's Israelis under attack,  @RoKhanna  @BernieSanders  @AOC  @ChrisVanHollen  can't be bothered.",0,Zionist,AIPAC,2026-03-20T11:35:52.000Z
"As the holy month of Ramadan comes to an end, we wish Muslims in Israel and around the world a joyous Eid al-Fitr #EidMubarak!",0,Zionist,AIPAC,2026-03-19T21:45:00.000Z
"“The level of penetration into Iran is significant… this is the participation of the Iranian people.”  Former Israeli National Security Adviser Eyal Hulata, who also spent 23 years in the Mossad, explains how real‑time tips have enabled Israel to target key Iranian leaders even",0,Zionist,AIPAC,2026-03-19T01:28:15.000Z
There used to be a factory for the production of ballistic missiles in Karaj,0,Zionist,AIPAC,2026-03-19T21:57:51.000Z
"We wish Eid al-Fitr Mubarak to all our Muslim friends in Israel and around the world  #EidMubarak. May this holiday bring peace, joy, and shared hope for brighter days ahead.",0,Zionist,AIPAC,2026-03-19T18:30:00.000Z
"The oil refineries in Haifa were struck by falling fragments caused by an interception of an Iranian missile, the Israeli military said. It added there were no direct missile impacts at the site.",0,Zionist,AIPAC,2026-03-19T16:02:15.000Z
Several vehicles were set ablaze after an Iranian missile struck the Bazan oil refinery in Haifa; There is no concern over any leakage of hazardous materials.,0,Zionist,AIPAC,2026-03-19T15:29:23.000Z
"From  @WSJFreeEx  via  @WSJOpinion : There’s no excuse for failing to act against the surge of antisemitism, spread by the Hasan Pikers of the world and normalized by too many on the Democratic side, write  @lilyycohenn  and Jonathan Cowan",0,Zionist,AIPAC,2026-03-19T14:56:09.000Z
"Hegseth praises Israel: ""Israel from day one has been an incredible and capable partner.”   “Willing and able.""",0,Zionist,AIPAC,2026-03-19T12:34:21.000Z
"""Was Iran developing a nuclear weapon prior to our military action last June and did Iran remain committed to developing a nuclear weapon in the lead-up to this conflict?"" @CIADirector : Yes  ""If left unchecked, do you think Iran would have the ability to develop missiles capable",0,Zionist,AIPAC,2026-03-19T14:24:42.000Z
"“Tuesday’s primaries in Illinois were another win for the center-left Democratic establishment against more progressive or outsider elements. Overall, its candidates continue to lean left, but the party is mostly avoiding a tumble into the abyss.”",0,Zionist,AIPAC,2026-03-19T11:52:15.000Z
U.S. forces are destroying Iranian naval targets that threaten international shipping in and near the Strait of Hormuz.,0,Zionist,AIPAC,2026-03-19T10:39:55.000Z
Here’s an interesting question. Tucker proclaims he may be under investigation on Sunday. Kent resigns Tuesday and goes straight to Tucker on Wednesday. Now we learn Kent was already under investigation for leaking classified. Is Tucker tied into Kent’s leak of classified info?,0,Zionist,AIPAC,2026-03-19T01:40:29.000Z
Here's the true test... Will  @PramilaJayapal  call out J Street?  J Street used its dark money super PAC to help elect Jayapal's preferred candidate in Illinois.  Does she oppose dark money OR does she oppose dark money if she disagrees with how it's used?  Principle vs hypocrisy.,0,Zionist,AIPAC,2026-03-19T01:29:46.000Z
"In 2020, after universities failed to report at least $6.5 billion in foreign funding, the Department of Education opened investigations into Harvard and Yale. U.S. higher-education institutions were, according to the Department’s report, “multibillion-dollar, multinational",0,Zionist,AIPAC,2026-03-18T00:19:10.000Z
"Jensen Huang, CEO of  @nvidia , one of the largest tech companies in the world, sends a beautiful message of solidarity to all of his Israeli employees. @CCFPeace",0,Zionist,AIPAC,2026-03-18T18:58:23.000Z
"ABC News' Tom Soufi Burridge was given rare access to an Israeli air force base to see the Arrow air defense system, Israel's longest-range air defense system.  abcnews.link/C6AA6fU",0,Zionist,AIPAC,2026-03-18T18:11:21.000Z
"This isn’t a hard equation, David:  The overwhelming majority of pro-Israel candidates are winning. + The overwhelming majority of anti-Israel candidates are losing. = Being pro-Israel is good policy and good politics.",0,Zionist,AIPAC,2026-03-18T17:32:00.000Z
"Reports  @Israel  has closed Church of Holy Sepulcher & Al Aska Mosque omit important fact-the Western Wall, Judaism's holiest site is also closed. A large piece of Iranian missile landed in courtyard at Church of the Holy Sepulcher. If not closed, mass casualties.",0,Zionist,AIPAC,2026-03-18T12:46:09.000Z
"Yesterday, voters in Illinois and North Carolina rejected all seven far-left radicals who based their campaigns on attacking Israel and demonizing pro-Israel Americans like me.  Remember:  I don’t have a conservative ax to grind.  I am a mainstream liberal.",0,Zionist,AIPAC,2026-03-18T12:55:24.000Z
"ANALYSIS | Reports of the demise of AIPAC’s political clout in Democratic primaries, it turned out, were greatly exaggerated.  By  @JoshKraushaar",0,Zionist,AIPAC,2026-03-18T16:51:32.000Z
NYT:  Centrist Melissa Bean Wins 8th District Democratic Primary  nytimes.com/2026/03/17/us/ … via  @NYTimes,0,Zionist,AIPAC,2026-03-18T12:26:58.000Z
Operation Epic Fury: March 18th Update,0,Zionist,AIPAC,2026-03-18T14:49:39.000Z
"I respect differences of opinion on Iran, but blaming the “Israeli lobby” for the war echoes some of the oldest anti-semitic tropes, dating back centuries, the false idea of a hidden Jewish cabal secretly controlling our country. That has no place in our party. I will not be a",0,Zionist,AIPAC,2026-03-18T16:27:37.000Z
Just wanna say; thank God for  @AIPAC  this morning.   America is not stronger with Jew-hating extremists in office. America is not stronger when people are elected who morally invert terrorist attacks.   AIPAC benefits all Americans. Not just Jewish Americans who support Israel.,0,Zionist,AIPAC,2026-03-18T10:13:45.000Z
The far left loves to rail against dark money super PACs… until one backs their preferred candidate.  Not principle. Just hypocrisy.,0,Zionist,AIPAC,2026-03-18T13:00:32.000Z
"A senior Israeli official: The Israeli Air Force struck the largest natural gas processing facility in Iran, located in the southwest of the country. The strike was carried out in coordination with and with the approval of the U.S.",0,Zionist,AIPAC,2026-03-18T12:04:18.000Z
“The [far] left suffered a virtually total collapse in the Illinois Democratic congressional primaries on Tuesday night.”,0,Zionist,AIPAC,2026-03-18T12:18:07.000Z
"The ""Squad"" left faces complete wipeout in Illinois Democratic primaries",0,Zionist,AIPAC,2026-03-18T09:32:51.000Z
"My new analysis  @J_Insider : “AIPAC shows staying power in Illinois Democratic primaries”  “Reports of the demise of AIPAC’s political clout in Democratic primaries, it turned out, were greatly exaggerated.”",0,Zionist,AIPAC,2026-03-18T11:18:19.000Z
"Fare thee well, Kat.",0,Zionist,AIPAC,2026-03-18T02:41:51.000Z
We were very proud to help defeat her.  And all your candidates tonight.,0,Zionist,AIPAC,2026-03-18T04:11:45.000Z
Loss.,0,Zionist,AIPAC,2026-03-18T03:06:26.000Z
"Tonight, six candidates built their campaigns on undermining the U.S.-Israel relationship and demonizing pro-Israel Americans.  Democratic voters in Illinois rejected all six of these far-left extreme anti-Israel candidates.  Being pro-Israel is good policy and good politics!",0,Zionist,AIPAC,2026-03-18T03:00:23.000Z
Six up… Six down!  A great night for the pro-Israel community and a terrible night for anti-Israel candidates.  Tonight’s results tell a critical story: centering campaigns on attacking Israel and demonizing pro-Israel Americans is a losing strategy.,0,Zionist,AIPAC,2026-03-18T02:55:35.000Z
"While disappointed Laura Fine didn’t prevail, the pro-Israel community is proud to have helped defeat Kat Abughazaleh - a fiercely anti-Israel candidate and would-be Squad member.",0,Zionist,AIPAC,2026-03-18T02:53:42.000Z
"While disappointed that Laura Fine did not prevail, voters rejected two anti-Israel candidates in this race—Kat Abughazaleh and Bushra Amiwala.  We were especially proud to help defeat Abughazaleh, who centered her campaign on attacking Israel and demonizing pro-Israel Americans.",0,Zionist,AIPAC,2026-03-18T02:48:49.000Z
"Welcome back to Congress,  @MelissaBeanIL08 !    We know you will roll up your sleeves, hit the ground running and deliver for the people of Illinois.",0,Zionist,AIPAC,2026-03-18T02:24:11.000Z
"AIPAC is also pointing to Stratton’s win in the IL U.S. Senate race as a favorable outcome, even though they did not directly spend heavily to support her in the race.",0,Zionist,AIPAC,2026-03-18T02:14:21.000Z
"Democratic voters once again rejected an anti-Israel candidate.  The pro-Israel community is proud to have helped defeat Kina Collins, who accused Israel of genocide just nine days after 10/7, called for conditions on aid, and repeatedly accused Israel of committing war crimes.",0,Zionist,AIPAC,2026-03-18T02:34:02.000Z
"NBC calls IL-02 for Donna Miller over Jesse Jackson Jr. and Robert Peters.  Miller, the pro-Israel candidate, winning 41% of the vote.  Robert Peters, the anti-Israel candidate, in FOURTH place with 11% of the vote.   Social media isn’t real life.",0,Zionist,AIPAC,2026-03-18T01:17:06.000Z
"AIPAC congratulates County Commissioner Donna Miller on her victory tonight over Robert Peters, whose campaign focused on undermining the U.S.-Israel relationship and disparaging the millions of Americans who support it.  Being pro-Israel is good policy and good politics!",0,Zionist,AIPAC,2026-03-18T01:20:02.000Z
"This would count as a big win for AIPAC, boosting their favored candidate Donna Miller over Jesse Jackson, Jr.",0,Zionist,AIPAC,2026-03-18T00:58:39.000Z
"Hours ago, U.S. forces successfully employed multiple 5,000-pound deep penetrator munitions on hardened Iranian missile sites along Iran’s coastline near the Strait of Hormuz. The Iranian anti-ship cruise missiles in these sites posed a risk to international shipping in the",0,Zionist,AIPAC,2026-03-17T22:54:27.000Z
Not a meteor shower.   An Iranian ballistic missile exploding into cluster submunitions over Israeli cities.,0,Zionist,AIPAC,2026-03-17T22:42:20.000Z
"First time Israeli officials tell the Iranian public: You can go out, we are protecting you.",0,Zionist,AIPAC,2026-03-17T21:17:53.000Z
"BREAKING: “The man responsible for the killing of 32,000 people… was also killed yesterday. It’s an evil group.” — President Donald Trump",0,Zionist,AIPAC,2026-03-17T16:16:40.000Z
"Nvidia CEO Jensen Huang: “We have 6,000 families in Israel and I’m quite worried about them.""  ""Our company continues to operate very well...""  ""I’m 100% committed to Israel, we’re going to be there for a very long time.""",0,Zionist,AIPAC,2026-03-17T20:04:59.000Z
"The IDF showed how it eliminates Basij members in Tehran. ""Over the past few hours, the air force has been striking soldiers and positions of the Basij unit deployed throughout Tehran,"" reports the IDF spokesman.",0,Zionist,AIPAC,2026-03-17T17:12:04.000Z
Israel made good on  @POTUS  @realDonaldTrump ’s promise.  Save the names of the killers and the abusers… because they’ll pay a very big price.,0,Zionist,AIPAC,2026-03-17T20:23:28.000Z
"Gold Star wife here.  When ISIS killed your wife, you supported going after the people responsible. You understood exactly why we were fighting and never called it “Israel’s war.”  My husband, Alan, was killed by Iranian proxies in Iraq. And now, after decades, the fight is",0,Zionist,AIPAC,2026-03-17T14:05:09.000Z
"@SpeakerJohnson  on resignation of Joe Kent, Director of National Counterterrorism Center : ""I don't know where Joe Kent is getting his information, but he wasn't in those briefings clearly...they had exquisite intelligence that we understood this was a serious moment for us.""",0,Zionist,AIPAC,2026-03-17T14:58:50.000Z
"Notable statement from the Israeli military:   The IDF said that Hezbollah has ""expanded preparations... to launch rocket barrages"" against Israel in the coming hours. The IDF is actively working to disrupt them.",0,Zionist,AIPAC,2026-03-17T14:15:22.000Z
New details by  @jeremybob1 : Israel's number one target: new details on how the IDF assassinated Iran’s ‘de-facto leader’ Ali Larijani,0,Zionist,AIPAC,2026-03-17T13:20:32.000Z
Reunited.,0,Zionist,AIPAC,2026-03-17T12:12:59.000Z
Report by Iran International: Around 300 Basij members were killed last night in IDF strikes.,0,Zionist,AIPAC,2026-03-17T11:38:51.000Z
"Ali Larijani, Secretary of Iran’s Supreme National Security Council and the regime’s effective leader, has been eliminated.  Throughout the years, Larijani was considered one of the most veteran and senior figures within the Iranian regime leadership, and was a close associate",0,Zionist,AIPAC,2026-03-17T11:02:14.000Z
"Israel confirms Gholamreza Soleimani—head of Iran’s Basij paramilitary—was killed in an airstrike overnight.   The Basij led the violent crackdowns on Iranians over decades, including the protests earlier this year.  U.S. sanctions description (2021)",0,Zionist,AIPAC,2026-03-17T09:25:28.000Z
An Israeli official to  @Jerusalem_Post : The majority of the Basij leadership was eliminated overnight in thr Israeli airstrike,0,Zionist,AIPAC,2026-03-17T09:30:20.000Z
"Israel killed Larijani, the most powerful executive in the Iranian government. This is the most significant elimination since the killing of Khamenei, with immediate operational, symbolic, and destabilizing effects on Iran’s wartime posture and long-term regime resilience.",0,Zionist,AIPAC,2026-03-17T10:12:45.000Z
"The military is targeting a dangerous threat to America, American troops, and U.S. allies and interests.",0,Zionist,AIPAC,2026-03-16T21:38:59.000Z
"Wishing you continued strength and a full, speedy recovery.",0,Zionist,AIPAC,2026-03-16T21:35:16.000Z
"Baghdad, Iraq: A C-RAM (Counter-Rocket, Artillery, and Mortar) system destroys what appears to be a drone. Some local reports say the interception took place near the U.S. embassy.",0,Zionist,AIPAC,2026-03-16T20:32:51.000Z
More insane footage of an Iranian ballistic missile interception in Israel tonight,0,Zionist,AIPAC,2026-03-16T20:00:31.000Z
"Near disaster at the Church of the Holy Sepulchre.  As Iran continues to fire missiles indiscriminately at civilians, it doesn’t care who it kills… Jews, Christians, or Muslims.   It only cares about killing Israelis.",0,Zionist,AIPAC,2026-03-16T19:10:17.000Z
It is?!  Huh. Really?   What are we doing? What’s going on?,0,Zionist,AIPAC,2026-03-16T19:00:51.000Z
Designed by Iran to murder civilians.,0,Zionist,AIPAC,2026-03-16T18:56:14.000Z
Iran made a strategic miscalculation by targeting our Gulf allies and threatening Americans and American businesses.  Our military and regional partners responded with precision and strength.  We’ve made real progress. Now we need to finish the job.,0,Zionist,AIPAC,2026-03-15T17:31:23.000Z
". @SecretaryWright : ""For 47 years, Iran has threatened the Strait of Hormuz, has attacked its neighbors, has killed U.S. soldiers. Just imagine an Iran that's nuclear armed with a massive weapons arsenal to surround those nuclear weapons.""",0,Zionist,AIPAC,2026-03-15T13:54:18.000Z
The Israeli Air Force publishes footage of F-35I fighter jets heading to carry out strikes in Iran.,0,Zionist,AIPAC,2026-03-15T17:31:07.000Z
Israeli F-35I Adir aircraft en route to strike regime targets in Iran.,0,Zionist,AIPAC,2026-03-15T17:50:09.000Z
How many fingers does Mojtaba Khamenei have?,0,Zionist,AIPAC,2026-03-15T15:15:56.000Z
". @USAmbUN : I think  @POTUS  is calling upon the world, saying that Iran can't hold your economies hostage, & we certainly welcome and encourage their participation to help their own economies. Meanwhile, our military will continue to destroy Iran's forces to keep the straits open.",0,Zionist,AIPAC,2026-03-15T13:33:26.000Z
". @SecretaryWright : ""In the short term, we have to end Iran's ability to kill American soldiers, terrorize their neighbors, and continue to put global energy supplies at risk — as they've done for 47 years.""",0,Zionist,AIPAC,2026-03-15T13:35:33.000Z
"Iranian combat power declines, as U.S. dominance builds over vast swaths of Iran.",0,Zionist,AIPAC,2026-03-15T13:13:09.000Z
INTELLIGENCE REVEALS: BROTHER OF TERRORIST BEHIND U.S. SYNAGOGUE ATTACK WAS A HEZBOLLAH TERRORIST  Hezbollah commander Ibrahim Muhammad Ghazali was responsible for managing weapons operations within a specialized branch of the Badr Unit. The unit is responsible for launching,0,Zionist,AIPAC,2026-03-15T13:12:12.000Z
The fact the Iranian regime is firing ballistic missiles with cluster warheads at Israel cities shows EXACTLY why Israel has to dismantle Iran’s ballistic missile capabilities before it develops four times as many.,0,Zionist,AIPAC,2026-03-15T04:43:48.000Z
Thank you  @POTUS  @realDonaldTrump !,0,Zionist,AIPAC,2026-03-13T22:59:20.000Z
"Spotted on the Tel Aviv boardwalk  Shabbat Shalom. May this Shabbat bring peace, quiet, and better days for all.  : Chaim Goldberg / Flash90",0,Zionist,AIPAC,2026-03-13T21:27:13.000Z
". @POTUS : ""The situation in Iran is going very well. A lot of big hits today... We're in very good control.""",0,Zionist,AIPAC,2026-03-13T22:47:00.000Z
"Iran's terror regime is launching ballistic missiles with CLUSTER WARHEADS at Israel's largest cities.  Weapons of mass death.  Launched to massacre civilians.  But since they're Israeli civilians,  @RoKhanna  @BernieSanders  @AOC  @ChrisVanHollen  can't be bothered.",0,Zionist,AIPAC,2026-03-13T18:51:09.000Z
"B-2 stealth bombers takeoff to conduct a mission during Operation Epic Fury, delivering long-range fire to not only eliminate the threat from the Iranian regime today, but also eliminate their ability to rebuild in the future.",0,Zionist,AIPAC,2026-03-13T18:33:57.000Z
The US and Israel razed another IRGC base in Tehran.,0,Zionist,AIPAC,2026-03-13T16:53:34.000Z
"Thank you  @POTUS  @realDonaldTrump  @SecRubio  @WhiteHouse  for standing with Israel and soundly rejecting the outrageous case brought against our ally at the ICJ:  “The United States affirms, in the strongest terms possible, that the allegations of ‘genocide’ against Israel are",0,Zionist,AIPAC,2026-03-13T17:35:20.000Z
Amazing missile interception captured today by an Israeli citizen while he was on the road (apparently),0,Zionist,AIPAC,2026-03-13T15:53:36.000Z
We mourn the loss of our brave heroes who died while protecting America.,0,Zionist,AIPAC,2026-03-13T12:36:30.000Z
"Gen. Dan Caine: ""Today will be our heaviest day of kinetic fires across the operating area... We've attacked over 6,000 targets, and our strike packages continue to launch every hour.""",0,Zionist,AIPAC,2026-03-13T12:32:38.000Z
Which part of this attack divides Americans?,0,Zionist,AIPAC,2026-03-13T03:25:25.000Z
"Today, Treasury’s Office of Foreign Assets Control designated four sham charities that directly fund Hamas’s Military Wing and its terrorist activities. Hamas continues to rely on deceitful practices to hide its revenue-generating activities behind civilian organizations under",0,Zionist,AIPAC,2026-03-12T16:31:32.000Z
Important clarification: @RoKhanna  stands with the guy with a Nazi tattoo.  He joins with the guy who compares Zionists to Nazis.,0,Zionist,AIPAC,2026-03-12T20:48:35.000Z
"38 minutes before this post,  @RoKhanna  bragged about sitting with an antisemitic streamer who compares Zionists to Nazis.",0,Zionist,AIPAC,2026-03-12T20:38:49.000Z
The Senator who accused the Washington Jewish community leader of dual loyalty and said our members are not pro-America is “appalled” by this attack.,0,Zionist,AIPAC,2026-03-12T20:15:01.000Z
"In the Name of God, the Beneficent, the Merciful",1,Resistance,khamenei_ir,2020-01-03T06:36:16.000Z
"If the enemy strikes us one blow, they'll receive 10.  June 4, 2018",1,Resistance,khamenei_ir,2026-03-22T18:47:30.000Z
Read the full text of Imam Sayyid Mojtaba Khamenei's message on the occasion of Eid al-Fitr and Nowruz 1405 en.khamenei.ir/news/149472,1,Resistance,khamenei_ir,2026-03-20T17:43:26.000Z
"“And We desired to show favor to those who were oppressed in the earth, and to make them examples and to make them the inheritors, and to establish them in the land, and to show Pharaoh and Haman and their hosts from them that of which they were apprehensive (Holy Quran 28:6).”",1,Resistance,khamenei_ir,2026-03-20T17:23:18.000Z
"I hope this year will be a good year full of triumph for Iranian nation, our neighbors, Muslim nations, and for the elements of the Resistance Front; and a year not so for the enemies of Islam and humanity.",1,Resistance,khamenei_ir,2026-03-20T17:14:05.000Z
"The attacks against #Turkey and #Oman, targeting certain locations in these countries, is a ploy by the Zionist enemy to create discord between the Islamic Republic and its neighbors, and it may also occur in some other countries.",1,Resistance,khamenei_ir,2026-03-20T17:00:53.000Z
"The attacks against Turkey and Oman, targeting certain locations in these countries, were in no way carried out by the armed forces of the Islamic Republic or the other forces of the Resistance Front.",1,Resistance,khamenei_ir,2026-03-20T16:48:29.000Z
"We must consider this great blessing of unity among Iranians as merely a mercy from the Almighty and make good use of it. In this way, this cohesion will definitely become more and more resolute, and your enemies will become more subdued.",1,Resistance,khamenei_ir,2026-03-20T16:14:31.000Z
"As a result of the incredible unity created among you, fellow citizens – despite all the differences of religious, intellectual, cultural and political origins – a breakdown is brought about in the enemy.",1,Resistance,khamenei_ir,2026-03-20T16:12:10.000Z
"I would like to thank each and every one of the dear people for creating this great epic, as well as the brave, honest and popular president and other officials who were present among the people in this ceremony, immaculate and without formalities.",1,Resistance,khamenei_ir,2026-03-20T16:10:23.000Z
"On Quds Day, you, Iranian people,  made the enemy realize that he was not only dealing with missiles, drones, torpedoes, and military affairs and that Iran's front line is much bigger than his [the enemies’] humble and small mentality.",1,Resistance,khamenei_ir,2026-03-20T16:02:07.000Z
"But you people provided a vast defense line, as wide as the country, and in this way, you dealt him a confusing blow, so much so that he began to utter numerous contradictory words and many absurdities, which is a sign of lack of mindfulness.",1,Resistance,khamenei_ir,2026-03-20T15:59:52.000Z
"This war took place with the illusion that if they martyred the head of the system and a number of influential military figures, it would create fear and despair in people, and in this way, it would realize the dream of dominating Iran and then disintegrating it.",1,Resistance,khamenei_ir,2026-03-20T15:59:51.000Z
"From the first day of war, we gradually & sorrowfully bode farewell to other martyrs, including the children of Minab school, stars of Dena Destroyer, martyred fighters of IRGC, the army, the Basij, the police and security forces, brave border guards & the rest of the nation.",1,Resistance,khamenei_ir,2026-03-20T15:53:28.000Z
"The third war is the war that we are now in the middle of, and on the first day of which, with tearful eyes and sad and broken hearts, we bode farewell to our great Leader.",1,Resistance,khamenei_ir,2026-03-20T15:38:03.000Z
"The second war was the January Coup, when the US and the Zionist regime, thinking that the Iranian people were implementing the enemy’s vision due to the economic problems, used their mercenaries to create countless disasters.",1,Resistance,khamenei_ir,2026-03-20T15:26:35.000Z
"In the past year, our people have experienced three military and security wars. The first war was the June war, when the Zionist enemy, with the special help of the United States and in the midst of negotiations, martyred about 1,000 of our fellow citizens.",1,Resistance,khamenei_ir,2026-03-20T15:10:11.000Z
"I express my condolences and sympathy to all the families and survivors of the honorable martyrs of the second imposed war, the January Coup, the third imposed war, and the security and border martyrs.",1,Resistance,khamenei_ir,2026-03-20T15:04:42.000Z
I congratulate all Muslims of the world on the occasion of Eid al-Fitr.,1,Resistance,khamenei_ir,2026-03-20T15:02:25.000Z
"This year, the spring of spirituality and the spring of nature – i.e., the auspicious Eid al-Fitr and the age-old Eid of Nowruz – have coincided, and I congratulate each and every one of the people of the nation on these two religious and national holidays.",1,Resistance,khamenei_ir,2026-03-20T15:00:15.000Z
"In the Name of Allah, the Most Compassionate, the Most Merciful  O Transformer of hearts and sights,  O Director of nights and days,  O Transformer of situations and circumstances,   Transform our circumstances to the best of circumstances!",1,Resistance,khamenei_ir,2026-03-20T14:58:26.000Z
The Nowruz 1405 message of Imam Sayyid Mojtaba Khamenei will be published in minutes.,1,Resistance,khamenei_ir,2026-03-20T14:53:12.000Z
"The US empire is in decline. Feb. 17, 2026",1,Resistance,khamenei_ir,2026-03-19T17:08:36.000Z
"Since the Islamic Republic of #Iran relies on the people, it doesn’t fear the US or any other Arrogant Power whatsoever.  Nov. 14, 2000",1,Resistance,khamenei_ir,2026-03-18T20:51:37.000Z
"I extend my condolences on this grievous loss to the honorable family of that exalted martyr, to all his colleagues in the Islamic Revolutionary Guard Corps, and to all the dear members of the Basij – among whom I consider myself to be the least of them.",1,Resistance,khamenei_ir,2026-03-18T18:04:33.000Z
"This eminent figure had long been active in struggle on the path of God & had accumulated extensive experience on this path. The assassination of this mujahid commander is a reminder of the immense importance of Basij & the spiteful, vile enemy’s intense fear of confronting it.",1,Resistance,khamenei_ir,2026-03-18T17:58:27.000Z
"The grievous news of the martyrdom of Major General Gholamreza Soleimani, Head of the Basij Forces, has caused profound sorrow.",1,Resistance,khamenei_ir,2026-03-18T17:49:24.000Z
"In the Name of God, the Compassionate, the Merciful  Among the faithful are men who fulfill what they have pledged to Allah: there are some among them who have fulfilled their pledge, and some of them who still wait, and they have not changed in the least (Quran 33:23).",1,Resistance,khamenei_ir,2026-03-18T17:32:06.000Z
"Let the adversaries of Islam know that shedding the blood of such people at the foot of the mighty tree of the Islamic system will only make it stronger. And surely, every drop of blood has its due retribution that the criminal murderers of these martyrs will soon have to pay.",1,Resistance,khamenei_ir,2026-03-18T17:17:44.000Z
"Without a doubt, the assassination of such a figure attests to his importance and the enmity harbored by the enemies of Islam toward him.",1,Resistance,khamenei_ir,2026-03-18T17:15:14.000Z
"He was a man of knowledge, foresight & wisdom. He was committed & possessed diverse experience in political, military, security, cultural & administrative fields. Nearly 5 decades of active service at different levels in the Islamic system had shaped him into an eminent figure.",1,Resistance,khamenei_ir,2026-03-18T17:12:25.000Z
"With deep sorrow, I received the grievous news of the martyrdom of Dr. Ali Larijani, Secretary of the Supreme National Security Council and the Leader’s Representative in that Council, along with the martyrdom of his worthy son and several of his colleagues.",1,Resistance,khamenei_ir,2026-03-18T17:07:06.000Z
"In the Name of God, the Compassionate, the Merciful  “Do not suppose those who were slain in the way of Allah to be dead; no, they are living and provided for near their Lord” (Quran 3:169).",1,Resistance,khamenei_ir,2026-03-18T16:42:17.000Z
"The US’s interference in various parts of the world is one of the factors that’s causing it to become more isolated and detested in the world day by day.  Nov. 27, 2025",1,Resistance,khamenei_ir,2026-03-15T18:42:16.000Z
"The Islamic Republic, without being in pursuit of domination or colonization in the region, is fully prepared for unity, and fostering warm, sincere, reciprocal relations with all its neighbors.",1,Resistance,khamenei_ir,2026-03-12T20:31:34.000Z
"Shutting down US bases in the region will enable those governments to strengthen their ties with their own people, who are generally dissatisfied with the humiliating behavior associated with those bases. It will also bring an increase in their wealth and power.",1,Resistance,khamenei_ir,2026-03-12T19:29:39.000Z
"I advise the leaders of regional countries to shut down those [US] bases as soon as possible, for they must surely have realized by now that the US’s claims of ensuring security and peace have been nothing but lies.",1,Resistance,khamenei_ir,2026-03-12T19:19:25.000Z
These regional countries must determine their position with regard to the aggressors who’ve attacked our beloved homeland and murdered our people.,1,Resistance,khamenei_ir,2026-03-12T19:02:17.000Z
"As we had clearly warned in advance, and without committing any act of aggression against those regional countries themselves, we have only targeted the US bases there. After this, we will have no choice but to continue this course of action.",1,Resistance,khamenei_ir,2026-03-12T18:52:03.000Z
"To leaders in certain regional countries: We share borders with 15 countries & have always wanted, & still want warm relations with them. But for years, the enemy has been establishing military & financial bases in some of these countries to secure its dominance over the region.",1,Resistance,khamenei_ir,2026-03-12T18:06:47.000Z
"In any case, we will obtain compensation from the enemy. If they refuse, we will take it from their assets to the extent we deem appropriate. If that wasn’t possible, we will destroy an equivalent amount of their assets.",1,Resistance,khamenei_ir,2026-03-12T17:58:02.000Z
The crime deliberately committed by the enemy against the Shajarah Tayyibah School in Minab and other similar cases will receive particular attention in this process of taking revenge.  #Minab,1,Resistance,khamenei_ir,2026-03-12T17:45:53.000Z
"A limited portion of this revenge for the blood of our martyrs can already be seen. But until we completely take revenge, this file will remain on top of all the others. We’re even more sensitive with regard to the blood of our children and infants.",1,Resistance,khamenei_ir,2026-03-12T17:34:54.000Z
The revenge we have in mind is not just because of the martyrdom of the illustrious Leader of the Revolution. Every member of the nation martyred by the enemy is a separate case that demands we seek revenge.,1,Resistance,khamenei_ir,2026-03-12T17:29:22.000Z
I assure everyone that we won’t forgo avenging the blood of your martyrs.,1,Resistance,khamenei_ir,2026-03-12T17:17:24.000Z
"I sympathize with the families of the martyrs. I have a similar experience to these noble people.  In addition to my father, I’ve entrusted my loyal wife, my self-sacrificing sister and her young child, and the husband of my other sister to the caravan of martyrs.",1,Resistance,khamenei_ir,2026-03-12T17:10:00.000Z
"Courageous, faithful #Yemen hasn’t stopped defending the oppressed people of Gaza. Despite all obstacles, self-sacrificing #Hezbollah has come to the aid of the Islamic Republic, and the Resistance in #Iraq has courageously followed the same path.",1,Resistance,khamenei_ir,2026-03-12T16:59:34.000Z
"Without a doubt, cooperation between the members of the Resistance Front will shorten the path to eliminating the Zionist sedition.",1,Resistance,khamenei_ir,2026-03-12T16:42:58.000Z
"We regard the countries of the Resistance Front to be our closest friends, and the cause of the Resistance and the Resistance Front are an inseparable part of the Islamic Revolution’s values.",1,Resistance,khamenei_ir,2026-03-12T16:36:03.000Z
I sincerely thank the fighters in the Resistance Front.,1,Resistance,khamenei_ir,2026-03-12T16:29:25.000Z
"Studies have been conducted regarding opening other fronts where the enemy has minimal experience and where it would be highly vulnerable. Should the war continue, activation of such fronts will be carried out based on certain interests.",1,Resistance,khamenei_ir,2026-03-12T16:25:39.000Z
The leverage of closing the Strait of Hormuz must definitely continue to be employed.,1,Resistance,khamenei_ir,2026-03-12T16:05:56.000Z
My dear brothers in arms! What the Iranian people want is the continuation of an effective defense that makes the enemy regret.,1,Resistance,khamenei_ir,2026-03-12T15:47:51.000Z
"The Iranian fighters, with their crushing blows, have blocked the enemy’s path and dispelled their illusion of them being able to dominate or possibly disintegrate our beloved homeland.",1,Resistance,khamenei_ir,2026-03-12T15:40:20.000Z
I sincerely thank our courageous fighters at a time when our beloved homeland is being unjustly attacked by the leading countries of the Front of Arrogance.,1,Resistance,khamenei_ir,2026-03-12T15:29:01.000Z
"In this years Quds Day rallies, a spirit of wanting to crush the enemy must be the focus of everyone’s attention.",1,Resistance,khamenei_ir,2026-03-12T15:23:39.000Z
"The effective presence of the Iranian people on the scene must be maintained – both in the manner you’ve shown in these days & nights of the war & in various instrumental forms such as participation in various social, political, educational, cultural, & even security spheres.",1,Resistance,khamenei_ir,2026-03-12T15:13:10.000Z
"If the strength of you Iranian people isn’t seen in the arena, neither the Leader nor any of the [country’s] various institutions – whose true dignity lies in serving the people – will have the required effectiveness.",1,Resistance,khamenei_ir,2026-03-12T14:59:24.000Z
"I was granted the honor of visiting the body of the Martyred Leader after his martyrdom. What I saw was a mountain of strength, and I was told that the fist of his uninjured hand was tightly clenched.",1,Resistance,khamenei_ir,2026-03-12T14:52:55.000Z
"This position was previously filled by someone who, after more than 60 years of striving on the path of God and foregoing all kinds of pleasures, became a radiant jewel and eminent figure in the history of this country’s rulers.",1,Resistance,khamenei_ir,2026-03-12T14:31:32.000Z
It’s difficult for me to sit in the place of two illustrious Leaders – the Great [Imam] Khomeini and the Martyred [Imam] Khamenei.,1,Resistance,khamenei_ir,2026-03-12T14:27:24.000Z
"I would like to offer my condolences to my Master, Imam Mahdi (aj), on the heart-rending martyrdom of the illustrious Leader of the Revolution, the wise and beloved Khamenei. And I ask that he will pray for all those who serve Islam.",1,Resistance,khamenei_ir,2026-03-12T14:19:57.000Z
"Peace be upon you, O proof of God and guide to His will. Peace be upon you, O you who has been brought forward and in whom hope is placed. Peace be upon you with an all-encompassing greeting. Peace be upon you, O my Master, the Master of the Time.",1,Resistance,khamenei_ir,2026-03-12T14:07:23.000Z
"Peace be upon you, O you who invite to God and are the divinely guided interpreter of His signs. Peace be upon you, O you who are a gate leading to God and the guardian of His religion. Peace be upon you, O vicegerent of God and supporter of His truth.",1,Resistance,khamenei_ir,2026-03-12T14:07:22.000Z
"""Whatever verse We abrogate or cause to be forgotten, We bring forth one better than it or one similar to it” (Quran 2:106).",1,Resistance,khamenei_ir,2026-03-12T13:42:25.000Z
"The first message from Imam Sayyid Mojtaba Hosseini Khamenei, the Leader of the Islamic Revolution, will be published in minutes.",1,Resistance,khamenei_ir,2026-03-12T13:16:54.000Z
"In the Name of God, the Compassionate, the Merciful",1,Resistance,khamenei_ir,2026-03-12T13:15:25.000Z
"Martyr Khamenei on Palestine   First Episode: Palestine, A Cause for All Humanity  ""Martyr Khamenei on Palestine"" is a media package focused on the views of the late Martyr Imam Khamenei regarding the Palestinian Cause.  #Palestine #MartyrKhameneiOnPalestine",1,Resistance,khamenei_ir,2026-03-11T19:40:16.000Z
"In the Name of God, the Compassionate, the Merciful  Among the faithful are men who fulfill what they have pledged to Allah: there are some among them who have fulfilled their pledge, and some of them who still wait, and they have not changed in the least (Holy Quran 33:23).",1,Resistance,khamenei_ir,2026-03-01T01:58:24.000Z
"The Quranic gathering was held in the presence of Imam Khamenei, the Leader of the Islamic Revolution and a group of distinguished Quran reciters, on the first day of the holy month of Ramadan [Feb. 19, 2026] at the Imam Khomeini (ra) Hussainiyah.",1,Resistance,khamenei_ir,2026-02-19T20:06:50.000Z
"""So should anyone aggress against you, assail him in the manner he assailed you."" (Holy Quran, 2:194)",1,Resistance,khamenei_ir,2026-02-17T19:54:34.000Z
"This island of corruption is only one example. There is much more of this. Just as this was not apparent and then became exposed, there are many other things that will soon come to light.",1,Resistance,khamenei_ir,2026-02-17T17:53:49.000Z
"Everything we had ever heard about their corruption is one thing; this affair of that morally corrupt island is another altogether. These are indicative of what Western civilization and liberal democracy are. They proceed for 200, 300 years and this is the ultimate outcome.",1,Resistance,khamenei_ir,2026-02-17T17:32:41.000Z
"The Americans say, ‘Let's negotiate over your nuclear energy, and the result of the negotiation is supposed to be that you do not have this energy!'",1,Resistance,khamenei_ir,2026-02-17T14:35:07.000Z
"If that’s the case, there is no room for negotiation; but if negotiations are truly to take place, determining the outcome of the negotiations in advance is a wrong and foolish act.",1,Resistance,khamenei_ir,2026-02-17T14:35:08.000Z
"The fact that nuclear energy is our undeniable right has been also included in the guidelines of the International Atomic Energy Agency. That is, all countries have the right to own nuclear and enrichment installations. This is among a nation’s rights. Why does the US interfere?!",1,Resistance,khamenei_ir,2026-02-17T13:14:07.000Z
"Peaceful nuclear industry is not for war; it is for running the country—for agriculture, for treatment and healthcare, and for everything that depends on energy. This is among the nation’s rights. What does it have to do with you Americans?",1,Resistance,khamenei_ir,2026-02-17T12:55:24.000Z
"A sign of the decline of the corrupt, oppressive US empire is its irrationality, such as interfering in our country’s internal affairs. They say, “Limit your missiles to this range.” What’s that to do with you?! Without deterrent weaponry, a country will be crushed by the enemy.",1,Resistance,khamenei_ir,2026-02-17T12:09:43.000Z
"The US President has said that for 47 years, the United States hasn't been able to eliminate the Islamic Republic. That is a good confession. I say, "" You, too, will not be able to do this.""",1,Resistance,khamenei_ir,2026-02-17T10:45:06.000Z
"The Americans constantly say that they’ve sent a warship toward Iran. Of course, a warship is a dangerous piece of military hardware. However, more dangerous than that warship is the weapon that can send that warship to the bottom of the sea.",1,Resistance,khamenei_ir,2026-02-17T10:35:19.000Z
The US President keeps saying that they have the strongest military force in the world. The strongest military force in the world may at times be struck so hard that it cannot get up again.,1,Resistance,khamenei_ir,2026-02-17T10:25:27.000Z
"On the eve of the anniversary of the historic uprising of the people of Tabriz on Feb. 18, 1978, thousands of people from various walks of life from East Azerbaijan Province met this morning with the Leader of the Islamic Revolution, Imam Khamenei.",1,Resistance,khamenei_ir,2026-02-17T10:11:40.000Z
"I thank the entire Iranian nation, and I offer my warmest greetings to each and every person who took part in yesterday’s magnificent, nationwide gathering of millions.",1,Resistance,khamenei_ir,2026-02-12T16:59:01.000Z
"For an entire nation to take to the streets, to all say the same thing with a single objective, to actively demonstrate that they’re present on the scene, & to be able to assert their identity before their enemies’ eyes is very valuable.",1,Resistance,khamenei_ir,2026-02-12T16:57:30.000Z
This national solidarity is invaluable. Let us strive to preserve our national unity and solidarity.,1,Resistance,khamenei_ir,2026-02-12T16:56:26.000Z
"The hopes of the enemies, who in their rhetoric and scheming are seeking the surrender of the Iranian nation, have been frustrated yesterday.",1,Resistance,khamenei_ir,2026-02-12T16:05:25.000Z
"Dear Iranian nation. By God’s grace, you carried out this great feat yesterday, and Almighty God shall reward the nation for such a presence and such a monumental movement. That reward will be greater honor, authority, and independence, God willing.",1,Resistance,khamenei_ir,2026-02-12T16:05:25.000Z
"Dear Iranian nation, On the anniversary of the 22nd of Bahman yesterday, you achieved something truly magnificent. You’ve honored Iran. As always, you’ve stood with the Islamic Republic and increased its strength.",1,Resistance,khamenei_ir,2026-02-12T15:31:39.000Z
"The televised message of the Leader of the Islamic Revolution, Imam Khamenei, following the magnificent participation of the Iranian nation in the 22nd of Bahman (11th of Feb.) rallies on the anniversary of the victory of the Islamic Revolution will be published shortly.",1,Resistance,khamenei_ir,2026-02-12T15:12:36.000Z
"God willing, this 22nd of Bahman, like every 22nd of Bahman of past years, will further magnify the grandeur of the Iranian nation and humble the powers before the Iranian people; and, God willing, this is indeed how it will be.",1,Resistance,khamenei_ir,2026-02-09T11:40:00.000Z
"The enemy must be driven to despair. The enemy’s despair comes through unity, strength of thought and determination, and steadfastness in confronting the enemy’s temptations. These are what build national power.",1,Resistance,khamenei_ir,2026-02-09T11:34:00.000Z
National power is tied more to the determination of nations and the steadfastness of people than to missiles and aircrafts.,1,Resistance,khamenei_ir,2026-02-09T11:32:00.000Z
"By taking part in street marches on the victory anniv. of the Islamic Revolution, the Iranian nation compels those who covet the Islamic Iran, the Islamic Republic, and the interests of this nation to retreat.",1,Resistance,khamenei_ir,2026-02-09T11:27:07.000Z
The 22nd of Bahman rallies commemorating victory anniv. of Islamic Revolution are unparalleled in the world. We do not know of any nation that commemorates its independence day or national day in this manner each year after the passage of so many years & with such massive crowds.,1,Resistance,khamenei_ir,2026-02-09T10:43:29.000Z
"On the 22nd of Bahman, 1357 [Feb. 11, 1979], the Iranian nation achieved a great victory. It succeeded in rescuing itself and its country from foreign interference.",1,Resistance,khamenei_ir,2026-02-09T10:06:00.000Z
"Imam Khamenei delivered a televised message to the Iranian nation on the eve of the 22nd of Bahman, the anniversary of the victory of the Islamic Revolution, on Feb. 9, 2026.",1,Resistance,khamenei_ir,2026-02-09T09:32:34.000Z
"My congratulations on this Eid of the birthday of #ImamMahdi, which is filled with hope in awaiting the Promised Mahdi. This day brings hope because it’s in stark contrast to the atmosphere of despair that imperialism seeks to create before the eyes of the world’s oppressed.",1,Resistance,khamenei_ir,2026-02-04T13:17:17.000Z
"Like the Daesh, the seditionists in Iran burned people alive. They beheaded people! They committed the very same atrocities that Daesh committed.",1,Resistance,khamenei_ir,2026-02-02T16:12:00.000Z
"A defining feature of this sedition was its violence; it was like that of the Daesh [ISIS]. Who created Daesh? The current US President explicitly stated, ""We created ISIS.”",1,Resistance,khamenei_ir,2026-02-02T16:07:00.000Z
"The goal of the recent sedition was to disrupt the country’s security; when security is gone, nothing is left. When there’s no security, there’s no production, no schools, no research, no scientific knowledge, and no progress.",1,Resistance,khamenei_ir,2026-02-02T16:02:00.000Z
"Another feature of this sedition was that those ringleaders trained by the US and Zionists were given the task of engineered killings. They even attacked the foot soldiers whom they themselves had drawn into the field with their propaganda, striking them from behind.",1,Resistance,khamenei_ir,2026-02-02T15:57:00.000Z
"The law enforcement forces, the Basij, and the IRGC carried out their duties in full. But it was the people themselves who trampled the fire of sedition into ashes.",1,Resistance,khamenei_ir,2026-02-02T15:42:00.000Z
"The recent sedition wasn’t the first nor will it be the last. After all, we’re a country in friction with the interests of global aggressors. How long will this continue? Until the Iranian nation reaches a point where the enemy is left hopeless. And we will reach that point.",1,Resistance,khamenei_ir,2026-02-02T15:37:00.000Z
"When we say the sedition was orchestrated by the US, it isn’t merely a claim; what makes it clear that this movement was by the US are the remarks of the US President himself; he explicitly addressed these rioters and told them, “Keep going, keep going. I’m coming [to help].""",1,Resistance,khamenei_ir,2026-02-02T15:32:00.000Z
"The recent sedition was orchestrated by Zionists & the US. I was informed through a certain channel that the CIA & Mossad deployed all of their resources into the field! Nevertheless, they were defeated. The sedition's plan was developed abroad, and it was managed from abroad.",1,Resistance,khamenei_ir,2026-02-02T15:27:15.000Z
"Iran stands firm and will continue to stand firm, and—God willing—will put an end to the United States’ mischief and harassment.",1,Resistance,khamenei_ir,2026-02-01T15:40:49.000Z
"For more than 30 years, the Americans were present in Iran. Iran's resources, oil, politics, and security were in their hands. Everything was in their hands. Now that their grip has been broken, they’re trying to find a way back. The Iranian nation stands firm, preventing it.",1,Resistance,khamenei_ir,2026-02-01T15:31:27.000Z
"Iran possesses numerous attractions: Its oil, gas, rich minerals, and geographic location are attractive. The US wants to seize control of this country just as they controlled it before.",1,Resistance,khamenei_ir,2026-02-01T15:20:41.000Z
What is the issue between the United States and Iran? The issue can be summed up in two words: The United States wants to devour Iran; the Iranian nation and the Islamic Republic prevent this.,1,Resistance,khamenei_ir,2026-02-01T15:07:49.000Z
"We are not the initiators of war. We do not seek to oppress anyone. We do not seek to attack any country. However, anyone who seeks to attack or cause harm will face a decisive blow from the Iranian nation.",1,Resistance,khamenei_ir,2026-02-01T11:02:49.000Z
That Americans sometimes talk about war - saying we will come with warships and aircrafts - is nothing new. The Iranian nation is not affected by such talk. They shouldn't try to intimidate the Iranian nation with such things.,1,Resistance,khamenei_ir,2026-02-01T10:41:33.000Z
"The Americans should know if they start a war, this time it will be a regional war.",1,Resistance,khamenei_ir,2026-02-01T09:03:22.000Z
"On the occasion of the beginning of the celebrations of the 47th anniversary of the victory of the Islamic Revolution, Imam Khamenei met with thousands of people from various walks of life on Feb. 1, 2026.",1,Resistance,khamenei_ir,2026-02-01T09:01:11.000Z
"On the eve of the 47th anniversary of the victory of the Islamic Revolution, Imam Khamenei visited the mausoleum of Imam Khomeini (ra) this morning, Jan. 31, 2026.",1,Resistance,khamenei_ir,2026-01-31T09:36:43.000Z
"We do not intend to lead the country toward war. However, we will not just let go of the criminals inside the country either. Worse than the internal criminals are the international criminals! We will not let go of them either.",1,Resistance,khamenei_ir,2026-01-17T16:30:00.000Z
"Yes, we extinguished the fire of the sedition, but that isn’t enough. The US must be held accountable.",1,Resistance,khamenei_ir,2026-01-17T16:25:00.000Z
The US had made extensive preparations to orchestrate this sedition. This sedition was a prelude to even bigger schemes. The Iranian nation defeated the US.,1,Resistance,khamenei_ir,2026-01-17T16:20:00.000Z
The Iranian nation struck a major blow to the sedition on 22nd of Dey (12th of January).,1,Resistance,khamenei_ir,2026-01-17T16:15:00.000Z
"The agents involved in the sedition murdered a number of innocent civilians, including a three-year-old girl. The agents were armed and had both firearms and other weapons. These weapons were given to them from abroad.",1,Resistance,khamenei_ir,2026-01-17T16:09:24.000Z
"Agents of the US and the Zionist regime committed heinous crimes in this sedition. They vandalized 250 mosques and over 250 educational & scientific centers. They damaged the power grid, banks, and healthcare facilities. They murdered several thousand people.",1,Resistance,khamenei_ir,2026-01-17T15:30:46.000Z
"The US President introduced the groups who committed acts of vandalism, arson, and murdered people as “the Iranian nation.” He uttered an appalling slander against the Iranian people. We find the US President guilty for this slander.",1,Resistance,khamenei_ir,2026-01-17T13:57:00.000Z
"The US President sent a message to the seditionists saying he would support them and provide military support. In other words, the US President himself was involved in the sedition. These are criminal acts.",1,Resistance,khamenei_ir,2026-01-17T13:52:16.000Z
"We find the US President guilty due to the casualties, damages and slander he inflicted upon the Iranian nation.",1,Resistance,khamenei_ir,2026-01-17T10:12:26.000Z
"On the auspicious occasion of the Eid al-Mab'ath, Imam Khamenei met with thousands of people from various walks of life on Jan. 17, 2026.",1,Resistance,khamenei_ir,2026-01-17T09:56:57.000Z
"Iranian Nation Made a Historic Day  These great rallies, overflowing with your firm determination, have completely shattered the foreign enemies’ plots that were supposed to be carried out by internal hirelings.  Imam Khamenei Jan. 12, 2026",1,Resistance,khamenei_ir,2026-01-13T11:03:50.000Z
"The Iranian nation is strong, powerful and aware; it knows the enemy and is always present on the scene.",1,Resistance,khamenei_ir,2026-01-12T18:09:00.000Z
The great Iranian nation has asserted its resolve and identity in the face of the enemies. This was a warning to US politicians that they should halt their deceitful actions and stop relying on their traitorous hirelings.,1,Resistance,khamenei_ir,2026-01-12T18:02:49.000Z
"These great rallies, overflowing with your firm determination, have completely shattered the foreign enemies’ plots that were supposed to be carried out by internal hirelings.",1,Resistance,khamenei_ir,2026-01-12T17:36:39.000Z
"In the name of God, the Compassionate, the Merciful The great Iranian nation, Today you accomplished a great deed and made a historic day.",1,Resistance,khamenei_ir,2026-01-12T17:28:12.000Z
Imam Khamenei’s message addressed to the Iranian nation following the people’s tremendous participation in rallies today.,1,Resistance,khamenei_ir,2026-01-12T17:25:02.000Z
"God willing, God will bring the feeling of victory to the hearts of all the Iranian people very soon.",1,Resistance,khamenei_ir,2026-01-09T14:51:00.000Z
"Our enemies don’t know Iran. In the past, the US failed due to their flawed planning. Today too, their flawed scheming will cause them to fail.",1,Resistance,khamenei_ir,2026-01-09T14:46:00.000Z
"Today like the past, the US is wrong in its calculations about Iran.",1,Resistance,khamenei_ir,2026-01-09T14:41:00.000Z
"Today, the Iranian nation is even more equipped and armed than that day [before the Revolution]. Both our spiritual strength and hard, conventional weapons can’t be compared to what we had before.",1,Resistance,khamenei_ir,2026-01-09T14:36:00.000Z
"The US President who judges arrogantly about the whole world should know that tyrants & arrogant rulers of the world, such as Pharaoh, Nimrod, Mohammad Reza [Pahlavi] & other such rulers saw their downfall when they were at the peak of their hubris. He too will fall.",1,Resistance,khamenei_ir,2026-01-09T14:01:36.000Z
"Imam Khamenei met with thousands of people from Qom Province on Jan. 9, 2026.",1,Resistance,khamenei_ir,2026-01-09T14:01:01.000Z
"What makes the enemy first request a ceasefire during [12-Day] war with the Iranian nation, then send messages saying he doesn't want to fight us? Of course, the malicious enemy is a deceiving liar & we don’t trust them. But what causes this is the power of the Iranian nation.",1,Resistance,khamenei_ir,2026-01-06T11:28:25.000Z
"The goal of soft warfare is to cause people to lose their motivation, people who are on the scene, ready to strive and work, in order to make them lose their motivation, to give up their hope, to become despaired, and to become doubtful.",1,Resistance,khamenei_ir,2026-01-03T14:37:00.000Z
"Soft warfare means causing people to waver from the path they are on through deception, lies, slander, temptation, and fallacious arguments — creating doubt within society. This war is underway today.",1,Resistance,khamenei_ir,2026-01-03T14:32:34.000Z
"Those who argued that the solution to the country's problems was in negotiating with the US have seen what happened. In the midst of Iran negotiating with the US, the US government was busy behind the scenes preparing plans for war.",1,Resistance,khamenei_ir,2026-01-03T14:25:57.000Z
"Protesting is legitimate, but protesting is different from rioting. We talk with protesters. The officials must talk with the protesters. But, there’s no point in talking with a rioter. Rioters must be put in their place.",1,Resistance,khamenei_ir,2026-01-03T13:53:51.000Z
"The shopkeepers' protest about the excessive surge in foreign exchange is valid. What’s important is that a number of mercenary individuals provoked by the enemy, hide behind shopkeepers and chant slogans against the Islamic Republic of Iran.",1,Resistance,khamenei_ir,2026-01-03T13:41:31.000Z
"The excessive surge in foreign exchange and its volatility isn’t normal. The enemy is behind this. It must be stopped, of course. Both the President and the heads of the other branches are actively working to fix this.",1,Resistance,khamenei_ir,2026-01-03T13:35:00.000Z
We will bring the enemy to its knees.,1,Resistance,khamenei_ir,2026-01-03T13:30:00.000Z
We will not give in to the enemy.,1,Resistance,khamenei_ir,2026-01-03T13:25:56.000Z
"That ranting American sits there talking about the Iranian nation, spewing a combination of slander and promises. False promises! Deception!",1,Resistance,khamenei_ir,2026-01-03T13:01:11.000Z
"What’s important is when one realizes an enemy wants to force something on one's govt. or nation with false claims, they must stand firmly against that enemy. We won’t give in to them. With reliance on God & confidence in the people’s support, we’ll bring the enemy to its knees.",1,Resistance,khamenei_ir,2026-01-03T10:42:33.000Z
"On the auspicious birth anniversary of Amir al-Mumineen, Imam Ali (pbuh), Ayatollah Khamenei met with the families of Martyr Soleimani and his companions, as well as the families of other Iranian martyrs on Jan. 3, 2026.",1,Resistance,khamenei_ir,2026-01-03T10:16:46.000Z
"Exclusive  Published for the first time  ""Leader's Christmas Visits""  Never before seen footages of Imam Khamenei visiting the families of Iranian Christian martyrs  To download HQ version, click on the link: english.khamenei.ir/news/12039",1,Resistance,khamenei_ir,2025-12-28T16:45:22.000Z
"The issue is confronting the unjust order of the domination system in today’s world, and turning toward a just Islamic national and international order. This is the great claim whose banner the Islamic Iran has raised, and this has enraged corrupt and corrupting coercive powers.",1,Resistance,khamenei_ir,2025-12-27T10:30:22.000Z
"The deep sorrow over the martyrdom of a number of scientists and commanders, and a group of our dear people as a result of the Zionist regime's aggression, has not and will not be able to halt the determined young people of Iran.",1,Resistance,khamenei_ir,2025-12-27T10:25:20.000Z
"This year, it was proven that the Iranian nation, by drawing upon its own capabilities, in light of faith and righteous action, in confronting corrupt and oppressive arrogant powers, can persevere and deliver the call to Islamic values to the world with a voice louder than ever.",1,Resistance,khamenei_ir,2025-12-27T10:05:00.000Z
"The heavy assault by the US army and its disgraceful extension in this region was overcome by the initiative, courage, and sacrifice of the young people of Islamic Iran.",1,Resistance,khamenei_ir,2025-12-27T10:00:00.000Z
"This year, your country, Iran, earned renewed credibility and standing in the world through the blessing of faith, unity, and self-confidence.",1,Resistance,khamenei_ir,2025-12-27T09:54:47.000Z
Imam Khamenei's message to the annual meeting of the Union of Islamic Student Associations in Europe will be published in minutes.,1,Resistance,khamenei_ir,2025-12-27T08:46:15.000Z
"#JesusChrist was sent to save humanity from ignorance & oppression & to guide them to the light of knowledge, justice & servitude to God. He never paused in his fight against evil & in invitation to goodness. This is a lesson for Christians & Muslims believing in his prophethood.",1,Resistance,khamenei_ir,2025-12-25T13:54:47.000Z
Islam means truthfulness and sincerity. Islam means benevolence and the pursuit of justice.,1,Resistance,khamenei_ir,2025-12-11T15:33:00.000Z
"In military matters, the arrangement of our ranks depends on the enemy's goal. When we see the enemy’s intention is to attack a certain point, we use a military formation that will defeat that aim. The same approach must be used in response to their propaganda.",1,Resistance,khamenei_ir,2025-12-11T15:28:00.000Z
"The enemy realized that if they wished to be successful, they needed to change [people’s] hearts, minds, and thoughts. The enemy’s goal in our country is to erase all traces of Revolutionary concepts. We, of course, are standing firmly against them.",1,Resistance,khamenei_ir,2025-12-11T15:23:00.000Z
We’re involved in something beyond a military engagement & we're at the center of a propaganda and media conflict. Against whom? Against a broad front. The enemy has realized that seizing this land is impossible using pressure tactics and military means.,1,Resistance,khamenei_ir,2025-12-11T15:18:50.000Z
"Some of the enemy’s actions against the Iranian nation were of such a magnitude that if these actions had been carried out against any other country or nation, it would have been annihilated. But the Islamic Republic withstood them with absolute steadfastness and resistance.",1,Resistance,khamenei_ir,2025-12-11T14:49:00.000Z
"Withstanding enemy pressures is Resistance. The goal of such pressure may be territorial expansionism – like what the US is now doing in some Latin American countries – or it may involve cultural & religious matters, or pressure to change people’s lifestyles & their identities.",1,Resistance,khamenei_ir,2025-12-11T14:44:00.000Z
"What’s “national resistance?” It’s showing resilience in the face of all kinds of pressures that the enemy brings in order to compel that nation to surrender. Pressures may be military, economic, in the form of sanctions, media propaganda, or the use of spies.",1,Resistance,khamenei_ir,2025-12-11T14:39:32.000Z
"Today, religious elegies serve as one of the bases of resistance literature. If an idea exists, but the literature appropriate for expressing that idea doesn’t exist, that idea will die. One of the bases that propagates resistance literature is the phenomenon of elegies & heyats.",1,Resistance,khamenei_ir,2025-12-11T13:08:39.000Z
"Lady Fatimah Zahra (pbuh) was the role model in religiosity, the pursuit of justice, and jihad.",1,Resistance,khamenei_ir,2025-12-11T12:55:00.000Z
"I would like to congratulate you on the birth anniversary of the Sayyidatu nisa' [the Foremost Woman of the Worlds], Siddiqah Tahirah, Fatimah Zahra (pbuh).",1,Resistance,khamenei_ir,2025-12-11T12:49:56.000Z
"On the auspicious birth anniversary of Lady Fatimah Zahra (pbuh), Imam Khamenei met with a large number of elegists and eulogists on December 11, 2025.",1,Resistance,khamenei_ir,2025-12-11T12:10:19.000Z
"Women's achievements in intellectual & research centers in the Islamic Republic are unprecedented in Iran’s history. We've never had this many women scholars & intellectuals in Iran. Praise God, our women are among the best in global science, social, political & athletic fields.",1,Resistance,khamenei_ir,2025-12-03T17:28:06.000Z
"The Islamic Republic has shown a Muslim woman observing the Islamic dress code can progress further than others in all areas & be influential both in society & at home. Guided by this view, our women have made great progress in numerous fields since the victory of the Revolution.",1,Resistance,khamenei_ir,2025-12-03T17:10:00.000Z
"The West insists on exporting its culture regarding women. They even argue that if a woman observes hijab and sets these limitations for herself, she won't be able to progress! The Islamic Republic has refuted that nonsensical logic.",1,Resistance,khamenei_ir,2025-12-03T17:05:00.000Z
"One of the gravest sins of Western capitalist logic and culture is that they deceitfully label corruption and promiscuity as “freedom.” And when they try to spread that culture, they say, “We're liberating you!” But in fact, they're enslaving people.",1,Resistance,khamenei_ir,2025-12-03T17:00:00.000Z
"Fatherless children, eroding familial relationships, ruining the family structure, gangs preying on young girls, & increasing sexual promiscuity all under the name of freedom! Such corruption reflects the status of families in the West & they label it “freedom!""",1,Resistance,khamenei_ir,2025-12-03T16:55:03.000Z
"One of the gravest sins of Western capitalist civilization and culture is their destruction of the family structure. In other words, the family — in the sense of it being a connected, unified, loving unit — doesn’t exist.",1,Resistance,khamenei_ir,2025-12-03T15:45:00.000Z
"In the Western capitalist culture, women are viewed as being objects of pleasure. The criminal gangs that have recently created an uproar in #America are a clear indication of this.",1,Resistance,khamenei_ir,2025-12-03T15:40:00.000Z
"Islam’s view of women is in complete contrast to that of Western capitalism. In Islam, a woman has independence, the ability to move & progress, & an identity. But not there [in the West]. Women’s honor & dignity aren’t respected, & women are a means for material exploitation.",1,Resistance,khamenei_ir,2025-12-03T15:35:00.000Z
"In the home environment, the most important right of the highest priority that the lady of the house, the woman of the house, has is affection. There’s a hadith that says that men should tell their wives, “I love you.”",1,Resistance,khamenei_ir,2025-12-03T15:30:00.000Z
"In many Western countries today, women are paid less than men for doing the same work. That’s how they are today, which is totally unjust.",1,Resistance,khamenei_ir,2025-12-03T15:25:00.000Z
"The Quran gives examples for all believers, not just for women. Who are these role models? One is the wife of Pharaoh & the other is Maryam [Mary], the daughter of Imran. In other words, everyone should look at these two women to see whether they’re on the correct path or not.",1,Resistance,khamenei_ir,2025-12-03T15:20:24.000Z
"Women are the manager of the home, not a servant for you to say, “Why didn’t you do this? Why didn’t you do that? Why isn’t the house clean?” A woman is like a flower. A flower must be cared for and protected, and she will enrich you with her color, fragrance, and qualities.",1,Resistance,khamenei_ir,2025-12-03T13:59:00.000Z
"In Islam, the dignity of women and respecting women are some of the most essential elements. According to a hadith, the Prophet (pbuh) stated, “A woman is like a flower in the home, and she isn’t a servant for the home.""",1,Resistance,khamenei_ir,2025-12-03T13:54:00.000Z
"Safeguarding a woman’s security, dignity, and honor is one of women’s rights. A woman’s dignity must be protected. The evil capitalist logic tramples on and destroys women’s dignity.",1,Resistance,khamenei_ir,2025-12-03T13:49:32.000Z
"The first right that must be recognized for women is the matter of justice in social behavior & justice within the family — justice in society & justice in the home. These must be ensured. Everyone is responsible for ensuring these, including governments.",1,Resistance,khamenei_ir,2025-12-03T13:38:00.000Z
"One of the most important things that men and women do is forming a family. Unfortunately, the formation of a family is something that’s been forgotten in the erroneous logic of the capitalist culture and Western culture.",1,Resistance,khamenei_ir,2025-12-03T13:33:00.000Z
"If the laws of Islam aren’t followed, the resulting lack of restraint will do the same thing it has done in the West today, which you hear about and is evident in the corrupt gangs and organizations in the US, Europe, and most Western countries.",1,Resistance,khamenei_ir,2025-12-03T13:28:00.000Z
"In Islam, there is equality between men and women, but there are also limitations. The reason for this is that sexual desires have a very strong attraction, and they must be restrained.",1,Resistance,khamenei_ir,2025-12-03T13:23:00.000Z
"According to #Islam, women can be active in society, in business and work, in political activities, in most governmental positions, and in all fields of life.",1,Resistance,khamenei_ir,2025-12-03T13:18:28.000Z
"God created human beings for a purpose. In this regard, men & women are equal in the logic of Islam, without distinction. “And whoever does righteous deeds, male or female, while being faithful...” (Quran 4:124). Righteous deeds & faith carry the same weight for both genders.",1,Resistance,khamenei_ir,2025-12-03T13:10:30.000Z
"The verse, ""Indeed, We created you from a male and a female"" (Quran 49:13), says in the creation of the human race, with a history of thousands of years, the foundation of this system is a man & a woman. So according to the #Quran, women have half of the impact on human life.",1,Resistance,khamenei_ir,2025-12-03T12:11:00.000Z
"Imam Khamenei met with thousands of Iranian women and girls on Wednesday, December 3, 2025.",1,Resistance,khamenei_ir,2025-12-03T12:06:32.000Z
"Por el petróleo y los minerales subterráneos, los estadounidenses están dispuestos a desatar guerras en cualquier parte del mundo, y hoy esa belicosidad ha llegado también a #AméricaLatina.",1,Resistance,khamenei_ir,2025-11-27T17:30:55.000Z
"The US is prepared to start a war anywhere in the world for the sake of obtaining oil and for underground mines. Today, their warmongering has even reached Latin America.",1,Resistance,khamenei_ir,2025-11-27T20:36:00.000Z
"The US even betrays its own friends. That is, they even betray their own allies.",1,Resistance,khamenei_ir,2025-11-27T20:31:00.000Z
"The Zionist regime's attacks on Lebanon, its aggressions against Syria, and its crimes in the West Bank and Gaza are all carried out with the US’s backing. And due to these actions, the US has truly become despised.",1,Resistance,khamenei_ir,2025-11-27T20:26:01.000Z
"The US instigated the costly war in Ukraine but failed to achieve its goals. The current US President had claimed he would end it in three days. Now about a year later, he is forcibly imposing a 28-point plan on the same country that he himself dragged into war.",1,Resistance,khamenei_ir,2025-11-27T20:11:16.000Z
"Wherever the US has interfered, it has resulted in warmongering, genocide, or destruction and displacement. These are the results that are seen from the US’s intrusions.",1,Resistance,khamenei_ir,2025-11-27T19:58:00.000Z
"The US’s interference in various parts of the world is one of the factors that’s causing it to become more isolated in the world. While the leaders of some countries may flatter it, the US’s interference is making it more detested by nations day by day.",1,Resistance,khamenei_ir,2025-11-27T19:53:00.000Z
"The most detested ruling organization and gang in the world is the Zionist regime. The US is like it in this respect, and the way the Zionist regime is detested has definitely spread to include the US as well.",1,Resistance,khamenei_ir,2025-11-27T19:48:00.000Z
Today the most despised person in the world is the head of the Zionist regime.,1,Resistance,khamenei_ir,2025-11-27T19:37:13.000Z
"People around the world know that if the US hadn’t been involved, the Zionist regime wouldn’t have been capable of committing such extensive atrocities in Gaza.",1,Resistance,khamenei_ir,2025-11-27T19:03:21.000Z
"Regarding the tragedy in Gaza, which is now one of the most significant tragedies in the history of our region, the Zionist regime has been severely disgraced. And the US stands beside that oppressive regime in its infamy and disgrace.",1,Resistance,khamenei_ir,2025-11-27T18:55:00.000Z
WATCH: Press TV's Live Coverage of US-Israeli War on Iran,1,Resistance,PressTV,2026-03-08T12:18:03.000Z
"Iranians attend the funeral of the 20-day-old toddler Mohammad Ali Kiyalha, who was martyred in US-Israeli strikes.  Follow:  t.me/presstv",1,Resistance,PressTV,2026-03-22T21:16:59.000Z
"Iran says US, Israel must pay reparations for attacks on nuclear sites",1,Resistance,PressTV,2026-03-22T20:50:20.000Z
Israeli Broadcasting Authority: The regime's army has started using INAACURATE ammunition stored for half a century to 'strike military bases' in Iran.  Follow  t.me/presstv,1,Resistance,PressTV,2026-03-22T20:44:53.000Z
"Parliament Speaker Mohammad Baqer Qalibaf: Alongside military bases, those financial entities that finance the US military budget are legitimate targets.  Follow:  t.me/presstv",1,Resistance,PressTV,2026-03-22T18:25:19.000Z
Hezbollah released footage of targeting Israeli Hermes drone.  Follow:  t.me/presstv,1,Resistance,PressTV,2026-03-22T18:04:40.000Z
Clashes erupt as hundreds of ultra-Orthodox Jews protest against the Israeli regime's military draft.  Follow:  t.me/presstv,1,Resistance,PressTV,2026-03-22T18:00:33.000Z
"Photos show Iranians honoring the memory of their martyred Leader, Ayatollah Seyyed Ali Khamenei.  Follow:  t.me/presstv",1,Resistance,PressTV,2026-03-22T17:39:14.000Z
Any attack on Iran's power plants will cause blackout in entire region: VP,1,Resistance,PressTV,2026-03-22T17:22:41.000Z
Palestinians erupt in joy as Iranian missiles rain down on the occupied territories.  Follow:  t.me/presstv,1,Resistance,PressTV,2026-03-22T16:54:33.000Z
Iran's military doctrine shifts from defensive to offensive: Senior commander,1,Resistance,PressTV,2026-03-22T16:43:29.000Z
"In the city of Kashan, a huge crowd attended the funeral procession of IRGC spokesman Brigadier General Ali Mohammad Naeini, who was assassinated in US-Israeli raids.  Follow:  t.me/presstv",1,Resistance,PressTV,2026-03-22T16:23:42.000Z
Iran warns it will completely shut Strait of Hormuz if power plants attacked,1,Resistance,PressTV,2026-03-22T16:18:28.000Z
Iran Army hits invading F-15 fighter jet over southern coast,1,Resistance,PressTV,2026-03-22T14:17:50.000Z
"Spokesperson of Khatam al-Anbiya Central Headquarters:  If US's threats regarding Iran's power plants are carried out, following punitive measures will be implemented:   Strait of Hormuz will be completely closed, and it will not be reopened until our power plants are rebuilt.",1,Resistance,PressTV,2026-03-22T14:15:43.000Z
All similar companies in the region that have American shareholders will be completely destroyed.   The power plants of countries in the region that host American bases will be legitimate targets for us.,1,Resistance,PressTV,2026-03-22T14:15:44.000Z
Everything is ready for the great struggle aimed at the complete destruction of all American economic interests in the West Asia region.,1,Resistance,PressTV,2026-03-22T14:15:45.000Z
Rescue teams pulled out the lifeless bodies of two Iranian children from the rubble of a residential building following US-Israeli attacks on Tabriz.    Follow:  t.me/presstv,1,Resistance,PressTV,2026-03-22T14:15:16.000Z
Spokesperson of Iran's Khatam al-Anbiya Central Headquarters: The strikes by the armed forces will continue  Follow:  t.me/presstv,1,Resistance,PressTV,2026-03-22T13:48:26.000Z
Aftermath of missile attacks on the occupied territories  Follow:  t.me/presstv,1,Resistance,PressTV,2026-03-22T13:43:08.000Z
Iranian missiles make direct impacts across occupied territories  Follow:  t.me/presstv,1,Resistance,PressTV,2026-03-22T13:39:17.000Z
"""They miscalculated BIG TIME!"" @s_m_marandi  says the US's miscalculations in its war on Iran show their intelligence is not as good as they claim.",1,Resistance,PressTV,2026-03-22T13:30:36.000Z
Large explosions reported in Tel Aviv after new wave of Iran retaliatory missile strikes  Follow:  t.me/presstv,1,Resistance,PressTV,2026-03-22T13:24:42.000Z
"Parliament Speaker Mohammad Baqer Qalibaf: Vital energy, oil facility in region to be destroyed irreversibly if Iran infrastructure hit  Follow:  t.me/presstv",1,Resistance,PressTV,2026-03-22T12:08:28.000Z
"Iran IMO envoy: Foreign ships can transit Hormuz Strait with Iran approval, Strait closed to enemies  Follow:  t.me/presstv",1,Resistance,PressTV,2026-03-22T12:05:17.000Z
Hamas: Iran represents ‘advanced line of defense for entire Islamic nation’,1,Resistance,PressTV,2026-03-22T12:01:12.000Z
Netanyahu calls on world leaders to join US-Israeli war on Iran  So much for 'winning' the war...  Follow  t.me/presstv,1,Resistance,PressTV,2026-03-22T11:51:18.000Z
Financial Times: US-Israeli war on Iran leaves US oil and gas dealmaking 'in paralysis'.,1,Resistance,PressTV,2026-03-22T11:45:00.000Z
"Iran says carried out wave 74 of True Promise 4 operation, targeting US, Israeli positions in region  Follow:  t.me/presstv",1,Resistance,PressTV,2026-03-22T11:43:05.000Z
WATCH: Iran and Resistance Groups' Operations Against US-Israeli Assets on March 21  Follow  t.me/presstv,1,Resistance,PressTV,2026-03-22T11:30:49.000Z
Russia warns of nuclear disaster amid US-Israeli strikes on Iran’s civilian atomic facilities,1,Resistance,PressTV,2026-03-22T11:30:00.000Z
‘Maniacal tyrant’: Trump’s threat to attack Iran’s power plants sparks fierce backlash,1,Resistance,PressTV,2026-03-22T10:21:01.000Z
Iran’s Army successfully attacks Ben Gurion airport using advanced Arash-2 drones,1,Resistance,PressTV,2026-03-22T08:50:53.000Z
The extent of destruction in Arad following Iran's missile strikes  Follow:  T.me/presstv,1,Resistance,PressTV,2026-03-22T08:44:17.000Z
Daytime footage of Dimona in the aftermath of Iran's missile strikes   Follow:  T.me/presstv,1,Resistance,PressTV,2026-03-22T08:34:07.000Z
Conversation - EU's refusal to condemn war against Iran shows its subservience to US Empire: Ex-MEP  @wallacemick,1,Resistance,PressTV,2026-03-22T08:30:05.000Z
Tehran says Strait of Hormuz remains open to every nation ‘except enemies’,1,Resistance,PressTV,2026-03-22T08:28:28.000Z
"US Senator Chris Van Hollen sarcastically thanks Trump for the rise in gas prices:   ""Gas prices at one of my local stations in Maryland, today. All thanks to Donald Trump.""  Follow:  T.me/presstv",1,Resistance,PressTV,2026-03-22T08:14:57.000Z
Ansarullah: Iran’s missile strikes alter equations in favor of resistance front,1,Resistance,PressTV,2026-03-22T08:07:41.000Z
A funeral ceremony is underway for the martyred sailors of the IRIS Dena in Bandar Abbas  Follow:  T.me/presstv,1,Resistance,PressTV,2026-03-22T08:02:48.000Z
Blasts reported in Cuban capital Havana with fires glowing in the distance,1,Resistance,PressTV,2026-03-22T07:49:42.000Z
"US Rep. Don Beyer on Trump's threats against Iran's power plants:   ""It's important not to shy away from candidly discussing the President's increasingly erratic behavior. His worsening instability is a clear and growing threat, not only to the American people but to the world.""",1,Resistance,PressTV,2026-03-22T06:11:51.000Z
An Iranian official to Al-Mayadeen on the Islamic Republic's conditions for ending the imposed war:    Guarantees that the war will not recur.   Closure of all US military bases in West Asia.   Full reparations to Iran by the US and Israel.,1,Resistance,PressTV,2026-03-22T06:05:37.000Z
"An end by the US and Israel to all regional wars, including against all Iran-aligned groups.   Implementation of a new legal system over the Strait of Hormuz.   Handing over elements of ‘hostile media’ to Iran.",1,Resistance,PressTV,2026-03-22T06:05:38.000Z
"Iranian national security analyst Mahdi Mohammadi:   ""In the 12-day war, the war ended just as Israel’s stock of interceptor missiles ran out. This time, with their missile defenses completely depleted, the war has just begun. We will not abandon you!""",1,Resistance,PressTV,2026-03-22T05:54:46.000Z
"Smoke rising over Holon, southern Tel Aviv, following a missile strike from Iran.  Follow:  T.me/presstv",1,Resistance,PressTV,2026-03-22T05:26:04.000Z
"Holon, southern Tel Aviv   Follow:  T.me/presstv",1,Resistance,PressTV,2026-03-22T05:36:26.000Z
"Al-Qassam Brigades military spokesperson:   Today, Iran stands on the frontlines defending the entire Islamic Ummah.   The Zionist enemy understands only the language of force and reciprocal response, which compels it to pay a heavy price and halt its aggression.",1,Resistance,PressTV,2026-03-22T05:19:37.000Z
Air raid sirens sound in central occupied Palestine  Follow:  T.me/presstv,1,Resistance,PressTV,2026-03-22T05:11:01.000Z
"Rescue teams are still searching for people trapped under rubble in Arad, southern occupied Palestine, after Iranian missile strikes.  Follow:  T.me/presstv",1,Resistance,PressTV,2026-03-22T03:12:41.000Z
Drone strikes hit positions of Kurdish separatists in Iraq’s Sulaymaniyah province.  Follow:  T.me/presstv,1,Resistance,PressTV,2026-03-22T03:08:48.000Z
Investigation - Zionist takeover: Trump’s war on Iran reveals who really dictates US foreign policy  By  @Tracking_Power,1,Resistance,PressTV,2026-03-22T03:00:02.000Z
Missile strikes reported in the UAE  Follow:  T.me/presstv,1,Resistance,PressTV,2026-03-22T02:57:26.000Z
"Reports of heavy explosions at US bases in Saudi Arabia and Kuwait:   Blasts were heard at Prince Sultan Air Base near Riyadh, reportedly from drone and missile strikes.   In Kuwait, sirens sounded before explosions at a US military facility.",1,Resistance,PressTV,2026-03-22T02:48:58.000Z
"US journalist Ethan Levins on Iran's missile capabilities:  All the damage today in Israel is because of 2 missiles.   Yes, you read that right.  Iran has thousands more…",1,Resistance,PressTV,2026-03-22T02:40:02.000Z
"Trump threatens to attack Iran's power plants if it does not open Strait of Hormuz in 48 hours   Iran warns all US, Israeli energy, IT, desalination facilities in region will be targeted if its fuel, energy infrastructure hit",1,Resistance,PressTV,2026-03-22T02:35:00.000Z
"The Second Explosion  A deadly double airstrike hits a crowded street in Tehran, striking again to target rescuers as they rush in—while survivors and Red Crescent teams battle chaos, rubble, and loss to save those trapped beneath.",1,Resistance,PressTV,2026-03-21T12:17:16.000Z
"Several injuries reported after Israeli settlers storm the Palestinian town of Jalud, south of Nablus in the occupied West Bank, assaulting residents and setting their properties ablaze.  Follow Press TV on Telegram:  t.me/PressTV",1,Resistance,PressTV,2026-03-22T02:30:14.000Z
Press TV's  @iammoeen14  documents US–Israeli targeting of civilian areas and critical infrastructure during the war of aggression against Iran.  Follow Press TV on Telegram:  t.me/PressTV,1,Resistance,PressTV,2026-03-21T23:20:00.000Z
"Aerial footage captures the destruction caused by the retaliatory Iranian missile strike on Arad, Israeli-occupied Palestine.  Follow Press TV on Telegram:  t.me/PressTV",1,Resistance,PressTV,2026-03-21T23:11:40.000Z
Press TV's  @iammoeen14  reports on the angels of rescue — the injured members of Iran's Red Crescent who risked their lives to save Iranians amid the US–Israeli aggression.  Follow Press TV on Telegram:  t.me/PressTV,1,Resistance,PressTV,2026-03-21T22:58:34.000Z
Spokesperson of the Khatam al-Anbiya Central Headquarters: More modern systems have entered the battlefield for a new round of impact-oriented operations.  Follow Press TV on Telegram:  t.me/PressTV,1,Resistance,PressTV,2026-03-21T22:50:09.000Z
"Eid al-Fitr prayer through the lens of Australian academic  @timand2037 , visiting Iran during the US–Israeli war on Iran.  Follow Press TV on Telegram:  t.me/PressTV",1,Resistance,PressTV,2026-03-21T22:30:00.000Z
"Israeli Media: At least five killed, 70 injured in city of Arad after Iran retaliatory missile strike",1,Resistance,PressTV,2026-03-21T22:23:51.000Z
"Bahrain: US Patriot missile, not Iranian strike, caused March 9 blast over residential area",1,Resistance,PressTV,2026-03-21T22:21:12.000Z
"Iran’s police chief, Brigadier General Ahmad Reza Radan, to the EU: If you can’t manage to protect Greenland, file a request with us and we’ll come to your help!  Follow Press TV on Telegram:  t.me/PressTV",1,Resistance,PressTV,2026-03-21T22:15:00.000Z
Iran needs guarantees of no future aggression before it can agree to end war: Pezeshkian,1,Resistance,PressTV,2026-03-21T20:00:00.000Z
Hundreds of Iranian patriots wave flags at anti-war rally held at Tehran's Tajrish Sq.  Follow Press TV on Telegram:  t.me/PressTV,1,Resistance,PressTV,2026-03-21T19:46:49.000Z
Grand Ayatollah Sistani issues stern condemnation of US-Israeli aggression on Iran,1,Resistance,PressTV,2026-03-21T19:30:33.000Z
CCTV footage captures the moment the Iranian missile struck its target in Dimona.  Follow Press TV on Telegram:  t.me/PressTV,1,Resistance,PressTV,2026-03-21T19:12:34.000Z
Pentagon chief Hegseth overwhelmingly disliked in US amid war on Iran: Polls,1,Resistance,PressTV,2026-03-21T18:57:17.000Z
"Renowned journalist  @dimitrilascaris  shares his thoughts from an anti-war rally held at Tajrish Sq. in the Iranian capital, Tehran.  Follow Press TV on Telegram:  t.me/PressTV",1,Resistance,PressTV,2026-03-21T18:45:00.000Z
International Association of Lawyers slams unlawful US-Israeli aggression against Iran,1,Resistance,PressTV,2026-03-21T18:29:00.000Z
"Commander of the IRGC's Aerospace Force, Brigadier General Seyyed Majid Mousavi, declares Iran's missile dominance over the skies of Israeli-occupied territories.  Brig. Gen. Mousavi says the sky over southern Israeli-occupied territories will remain bright for hours tonight.",1,Resistance,PressTV,2026-03-21T18:21:10.000Z
Destruction in Dimona following the Iranian missile strike.   Follow Press TV on Telegram:  t.me/PressTV,1,Resistance,PressTV,2026-03-21T18:15:00.000Z
"Iran’s Health Ministry: 20,984 people injured so far in US-Israeli aggression; no mention of death toll  Follow Press TV on Telegram:  t.me/PressTV",1,Resistance,PressTV,2026-03-21T16:20:00.000Z
"Renowned journalist  @dimitrilascaris  shares his thoughts during his visit to the Azadi Sports Complex in Tehran, which was targeted and destroyed in recent US–Israeli airstrikes.  Follow Press TV on Telegram:  t.me/PressTV",1,Resistance,PressTV,2026-03-21T16:14:56.000Z
IRGC hits Israeli F-16 fighter jet with interceptor missile,1,Resistance,PressTV,2026-03-21T16:00:00.000Z
"Commander of the IRGC's Naval Force, Rear Admiral Alireza Tangsiri, says that graves have been prepared on all Iranian Islands for the child killing aggressors.  Follow Press TV on Telegram:  t.me/PressTV",1,Resistance,PressTV,2026-03-21T15:56:37.000Z
Iran initiates the 72nd wave of Operation True Promise 4. Targeting northern and central Israeli-occupied Palestinian territories as well as the US' 5th Fleet using Qadr and Emad missiles.  Follow Press TV on Telegram:  t.me/PressTV,1,Resistance,PressTV,2026-03-21T15:46:49.000Z
Preliminary reports indicate that Hezbollah resistance fighters have successfully targeted Israeli tanks with a guided missiles in the southern Lebanese town of Khiam.  Follow Press TV on Telegram:  t.me/PressTV,1,Resistance,PressTV,2026-03-21T15:25:23.000Z
"Images capture the aftermath of the US-Israeli airstrike that targeted a residential and tourist complex in the southwestern Iranian city of Ahvaz, killing a child and injuring several others.   Follow Press TV on Telegram:  t.me/PressTV",1,Resistance,PressTV,2026-03-21T15:12:28.000Z
"""Our ancient civilization has three millennia of history of defending Iranians and the region from outsiders.""  Iran's Foreign Minister Seyyed Abbas Araghchi congratulates the arrival of the new Persian year and Eid Al-Fitr.  Follow Press TV on Telegram:  t.me/PressTV",1,Resistance,PressTV,2026-03-21T14:57:42.000Z
Iran's Islamic Revolution Guards Corps (IRGC) announces that it has successfully targeted and hit an Israeli F-16 fighter jet over central Iran.  Follow Press TV on Telegram:  t.me/PressTV,1,Resistance,PressTV,2026-03-21T12:04:06.000Z
Top Iraqi cleric slams US-Israeli aggression against Iran as unacceptable,1,Resistance,PressTV,2026-03-21T11:30:00.000Z
"Eid al-Fitr prayer in Shahrekord, Iran  Follow  t.me/presstv",1,Resistance,PressTV,2026-03-21T11:20:00.000Z
"President Pezeshkian:   To the Islamic nations and our dear neighbors, you are our brothers and we seek no conflict with you. The only beneficiary of our differences is the Zionist entity.  Follow  t.me/presstv",1,Resistance,PressTV,2026-03-21T11:10:00.000Z
"Spokesperson of Iran's Khatam al‑Anbiya Central Headquarters: Hit our infrastructure, and we will strike your more important infrastructure.  Follow  t.me/presstv",1,Resistance,PressTV,2026-03-21T11:00:03.000Z
"Aerial footage of Eid al-Fitr prayer in Qaleh Chen'an, Khuzestan, Iran   Follow  t.me/presstv",1,Resistance,PressTV,2026-03-21T10:50:00.000Z
Iraqi resistance group vows harsh strikes on Syria’s HTS positions if it hits Hezbollah,1,Resistance,PressTV,2026-03-21T10:44:22.000Z
Iranians mark Eid al Fitr with nationwide prayers,1,Resistance,PressTV,2026-03-21T10:40:00.000Z
WATCH: Spokesperson of Iran's Khatam al‑Anbiya Central Headquarters has a special warning for the UAE  Follow  t.me/presstv,1,Resistance,PressTV,2026-03-21T10:23:27.000Z
Building destroyed in Tel Aviv in the aftermath of Iran's retaliatory missile strikes   Follow  t.me/presstv,1,Resistance,PressTV,2026-03-21T08:30:00.000Z
WATCH: The epic presence of the people of Rasht at the Eid al-Fitr prayer  Follow  t.me/presstv,1,Resistance,PressTV,2026-03-21T08:20:00.000Z
"Hacktivist group Hanzalah has hacked the email of Israeli General Eran Ortal—whom it calls the ""architect"" of the regime's new doctrine of brutality. The group says 100,000 classified emails expose details of genocidal policies and military strategies.",1,Resistance,PressTV,2026-03-21T08:10:00.000Z
"Russian President Putin extended Nowruz greetings to Iran's Leader and president   In his message, Putin wished Iranians a dignified end to their current difficult trials, emphasizing that Moscow remains a loyal friend and reliable partner to Tehran during these challenging times",1,Resistance,PressTV,2026-03-21T08:00:00.000Z
"WATCH: The Eid al-Fitr prayer at the shrine of Hazrat Masoumeh in Qom, Iran   Follow  t.me/presstv",1,Resistance,PressTV,2026-03-21T07:50:00.000Z
"United Airlines CEO Scott Kirby say the company will be canceling some flights as it prepares for higher oil prices because of war on Iran.  “Our plans assume oil goes to $175/barrel and doesn’t get back down to $100/barrel until the end of 2027,” Kirby wrote.  Source: NBC News",1,Resistance,PressTV,2026-03-21T07:40:00.000Z
Iran has no oil on international waters; US claim intended to lower prices: Oil Ministry,1,Resistance,PressTV,2026-03-21T07:30:00.000Z
Footage showing Islamic Resistance in Iraq launching drones against Israeli bases  Follow  t.me/presstv,1,Resistance,PressTV,2026-03-21T07:20:00.000Z
New analysis by Center for Strategic & International Studies and BBC estimates that Iranian strikes on US bases in West Asia inflicted about $800m in damage during the first two weeks of the war.  Follow  t.me/presstv,1,Resistance,PressTV,2026-03-21T07:10:00.000Z
WATCH: The Eid al-Fitr prayer at the shrine of Imam Reza in Mashhad  Follow  t.me/presstv,1,Resistance,PressTV,2026-03-21T04:25:02.000Z
Video shows members of Iran's Red Crescent Society conducting rescue operation in the aftermath of a US–Israeli missile attack on a residential building in Tehran  Follow  t.me/presstv,1,Resistance,PressTV,2026-03-21T04:19:29.000Z
"The US and Israel destroyed the Azadi Sport Complex in Tehran, attempting to target the hearts of Iranian youth.  Press TV's  @iammoeen14  reports from Tehran   Follow  t.me/presstv",1,Resistance,PressTV,2026-03-20T12:39:30.000Z
Trump signals possible wind-down of aggression against Iran despite unresolved Hormuz crisis,1,Resistance,PressTV,2026-03-21T03:56:25.000Z
55 enemy targets go up in smoke as IRGC unleashes 70th wave of Op. True Promise 4,1,Resistance,PressTV,2026-03-21T03:32:08.000Z
"Footages of the aftermath of Israeli airstrike in southern suburb of Beirut, Lebanon  Follow  t.me/presstv",1,Resistance,PressTV,2026-03-21T02:57:14.000Z
Viewpoint- ‘No to someone like Yazid’: Ayatollah Khamenei's martyrdom echoes Karbala's timeless call  By Rahil Latif,1,Resistance,PressTV,2026-03-21T02:21:37.000Z
'Crushing blow' awaits UAE if it aids another attack on Iranian islands: Top military command,1,Resistance,PressTV,2026-03-21T01:41:03.000Z
Millions of pilgrims gathered at the holy shrine of Imam Reza in Mashhad to mark the arrival of the Persian New Year and Eid al-Fitr.  Follow  t.me/presstv,1,Resistance,PressTV,2026-03-20T19:45:16.000Z
"Iranian mark Persian New Year and Eid al-Fitr as end of Ramadan, arrival of spring coincide   Follow  t.me/presstv",1,Resistance,PressTV,2026-03-21T01:11:10.000Z
Iranians gathered in Tehran to pledge allegiance to Leader of the Islamic Revolution Ayatollah Seyyed Mojtaba Khamenei.  Follow  t.me/presstv,1,Resistance,PressTV,2026-03-20T21:04:48.000Z
"@dimitrilascaris  shares his experience being among Iranians celebrating Nowruz in a unique gathering, despite the current situation where resilience, unity, and hope come together in the face of challenges.",1,Resistance,PressTV,2026-03-20T19:39:58.000Z
"IRGC says fired Khorramshahr-4, Ghadr multi-warhead missiles at 25 sites in Haifa, Tel Aviv    Follow  t.me/presstv",1,Resistance,PressTV,2026-03-20T20:23:45.000Z
CCTV footage shows Iranian missiles make direct impacts across occupied territories  Follow  t.me/presstv,1,Resistance,PressTV,2026-03-20T20:09:49.000Z
Iran’s multiple-warhead missiles again hit areas in Israeli occupied territories  Follow  t.me/presstv,1,Resistance,PressTV,2026-03-20T20:05:22.000Z
Iranian missile strikes on occupied territories spark celebrations among Palestinians.  Follow  t.me/presstv,1,Resistance,PressTV,2026-03-20T19:58:01.000Z
Air raid sirens begin to blare across occupied Palestinian territories.  Follow  t.me/presstv,1,Resistance,PressTV,2026-03-20T19:51:11.000Z
"Iranians post pictures of their traditional Persian Haftsin Tables (an arrangement of seven symbolic items whose names start with the letter ""س"" or 'S'.) while paying tribute to the late Leader of the Islamic Revolution.  Follow Press TV on Telegram:  t.me/PressTV",1,Resistance,PressTV,2026-03-20T16:03:14.000Z
Iranian patriots wave flags at anti-war rally during the Persian New Years.  Follow Press TV on Telegram:  t.me/PressTV,1,Resistance,PressTV,2026-03-20T15:49:57.000Z
Araghchi condemns Netanyahu's blasphemous remarks against Jesus Christ,1,Resistance,PressTV,2026-03-20T15:29:59.000Z
Iran's President issues New Year message as Nowruz arrives  Follow Press TV on Telegram:  t.me/PressTV,1,Resistance,PressTV,2026-03-20T15:28:22.000Z
"Iran President says country not after war with brothers of Islamic world, West Asia   Iran President urges creation of Islamic Forum across West Asia to promote unity",1,Resistance,PressTV,2026-03-20T15:28:23.000Z
Iran President warns Israel trying to sow divisions among nations in West Asia   Pezeshkian slams Trump for claiming footage of anti-war rallies in Iran were AI-Generated,1,Resistance,PressTV,2026-03-20T15:28:24.000Z
"'Resistance Economy in light of National Unity,' Leader announces slogan of New Year",1,Resistance,PressTV,2026-03-20T15:19:27.000Z
Watch as Iranian security officers wish citizens a Happy New Persian Year.  Follow Press TV on Telegram:  t.me/PressTV,1,Resistance,PressTV,2026-03-20T15:17:22.000Z
Leader of Islamic Revolution Ayatollah Seyyed Mojtaba Khamenei will deliver a message shortly on the occasion of Persian New Year   Follow Press TV on Telegram:  t.me/PressTV,1,Resistance,PressTV,2026-03-20T14:45:53.000Z
"Ayatollah Khamenei: Cohesion amongst people will become stronger, and enemies will be disgraced   Ayatollah Khamenei: Israel using false-flag tactics to create division between Iran, neighbours",1,Resistance,PressTV,2026-03-20T15:01:25.000Z
"Iran Leader names new year as 'Resilient economy alongside national unity, security'   Ayatollah Khamenei:Boosting people's livelihood a form of significant defence against economic war",1,Resistance,PressTV,2026-03-20T15:04:35.000Z
"Assassination of Iranian officials, commanders exposes enemies’ desperation: Spox",1,Resistance,PressTV,2026-03-20T14:30:00.000Z
Watch as North Korean Leader Kim Jong Un rides a tank alongside his daughter.  Follow Press TV on Telegram:  t.me/PressTV,1,Resistance,PressTV,2026-03-20T13:44:06.000Z
Iran FM warns UK counterpart over support for US-Israeli aggression,1,Resistance,PressTV,2026-03-20T13:27:03.000Z
"Switzerland announces its plans to halt weapons exports to the United States following the war on Iran, citing neutrality.  Follow Press TV on Telegram:  t.me/PressTV",1,Resistance,PressTV,2026-03-20T13:16:19.000Z
"""I'm his humble soldier""  Iranian woman pledges allegiance to the new Leader of Iran  Follow  t.me/presstv",1,Resistance,PressTV,2026-03-20T13:10:00.000Z
Iran's Ministry of Intelligence has announced the arrest of 45 individuals linked to foreign-backed spy networks and separatist terrorist organizations in Qazvin and West Azerbaijan provinces.  Follow Press TV on Telegram:  t.me/PressTV,1,Resistance,PressTV,2026-03-20T13:07:44.000Z
16 individuals were caught reporting detailed information on Iran's military and security sites in the Qazvin province.   6 members of a separatist terrorist organizations arrested while planning an armed terrorist attack in the city of Bukan in the West Azerbaijan province.,1,Resistance,PressTV,2026-03-20T13:07:45.000Z
Thousands of Iranians take part in the funeral procession of the martyred sailors of the IRIS Dena in the city of Mashhad.  Follow Press TV on Telegram:  t.me/PressTV,1,Resistance,PressTV,2026-03-20T12:56:34.000Z
Iranians pay tribute to the late Leader of the Islamic Revolution ahead of the Persian New Years at Tehran’s Enghelab Sq.   Follow Press TV on Telegram:  t.me/PressTV,1,Resistance,PressTV,2026-03-20T12:45:00.000Z
Netizens created an AI image of a US F-35 fighter jet after it was struck by Iran's modern air defenses.   Follow:  T.me/presstv,1,Resistance,PressTV,2026-03-20T11:02:23.000Z
Tehran’s Tajrish bazaar bustling ahead of the Persian New Year despite ongoing US–Israeli attacks.  Follow:  T.me/presstv,1,Resistance,PressTV,2026-03-20T10:57:01.000Z
A funeral ceremony is underway in Tehran for martyred Intelligence Minister Ismail Khatib.  Follow:  T.me/presstv,1,Resistance,PressTV,2026-03-20T10:40:38.000Z
"‘Victory is near’: IRGC strikes US bases, Israeli military infrastructure",1,Resistance,PressTV,2026-03-20T10:31:45.000Z
Houthi: Zionist plan to create ‘Greater Israel’ behind war on Iran,1,Resistance,PressTV,2026-03-20T10:17:43.000Z
"The Sobh Journalists Tour has begun. Courageous journalists have entered Iran not to repeat narratives, but to uncover the truth beyond mainstream propaganda.",1,Resistance,PressTV,2026-03-20T07:52:21.000Z
"Leader hails martyred intel minister, calls for increased efforts to protect Iran",1,Resistance,PressTV,2026-03-20T09:58:00.000Z
"Moment an Iranian missile struck a building in Rehovot, near Tel Aviv.  Follow:  T.me/presstv",1,Resistance,PressTV,2026-03-20T09:56:28.000Z
"Sirens are sounding across occupied al-Quds, Tel Aviv, and settlements in the northern West Bank.  Follow:  T.me/presstv",1,Resistance,PressTV,2026-03-20T08:46:19.000Z
"Spox for the Khatam al‑Anbiya Central Headquarters: Intelligence indicates the Zionist regime plans to attack regional energy infrastructure, including Aramco, and its history of sabotage to implicate Iran and sow discord among regional countries confirms this malicious intent.",1,Resistance,PressTV,2026-03-20T08:34:05.000Z
"Iran’s Parliament Speaker Qalibaf says striking an F‑35 fighter jet shows the “collapse” of the US military’s supposed invincibility and arrogance, calling it the first time such a symbol has been struck and marking a major breakdown of that perceived order.",1,Resistance,PressTV,2026-03-20T08:20:34.000Z
"Israeli forces assaulted Palestinian worshipers at Bab al-Sahira near Al-Aqsa Mosque as they tried to reach the closest point for Eid al-Fitr prayers, while the mosque remained closed.  Follow:  T.me/presstv",1,Resistance,PressTV,2026-03-20T08:07:54.000Z
IRGC Spokesman Brigadier General Ali Mohammad Naeini martyred in US-Israeli aggression  Follow:  T.me/presstv,1,Resistance,PressTV,2026-03-20T08:00:08.000Z
Iran's naval forces down a US drone  Follow:  T.me/presstv,1,Resistance,PressTV,2026-03-20T07:59:07.000Z
"Israeli forces launch an airstrike on Kfartabnit, southern Lebanon.  Follow:  T.me/presstv",1,Resistance,PressTV,2026-03-20T07:40:38.000Z
"Iran’s FM Araghchi told his British counterpart, Yvette Cooper, that London’s decision to give the US access to military bases would be seen as joining in aggression and reaffirmed Iran’s right to defend its sovereignty.  Follow:  T.me/presstv",1,Resistance,PressTV,2026-03-20T07:36:31.000Z
Eid al-Fitr prayers were held in Saraya Square in Gaza City for the first time after two years of Israeli genocide.  Follow:  T.me/presstv,1,Resistance,PressTV,2026-03-20T07:26:07.000Z
Gazans perform Eid al-Fitr prayers in the Al-Amal neighborhood of Khan Yunis  Follow:  T.me/presstv,1,Resistance,PressTV,2026-03-20T05:20:29.000Z
"The hacking group Handala says it breached the email account of Deborah Oppenheimer, a former Mossad official who oversaw efforts to shape global opinion in favor of the Israeli regime through media and lobbying.  Follow:  T.me/presstv",1,Resistance,PressTV,2026-03-20T05:07:07.000Z
"According to Al-Monitor, the US-Israeli war on Iran has hit the Persian Gulf aluminum exports, putting nearly 10% of the global supply at risk.  Follow:  T.me/presstv",1,Resistance,PressTV,2026-03-20T04:51:35.000Z
"Strike on Qatar’s LNG facilities—cutting about 17% of export capacity for up to 5 years—has shocked global energy markets, sending shares of Cheniere Energy and Venture Global LNG soaring and pushing gas prices sharply higher worldwide.  Follow:  T.me/presstv",1,Resistance,PressTV,2026-03-20T04:37:49.000Z
"300-truck rally in Torbat-e Jam, northeastern Iran, backs Ayatollah Seyyed Mojtaba Khamenei, armed forces",1,Resistance,PressTV,2026-03-20T04:30:51.000Z
Iranians honor Gaza’s Hind Rajab by placing her name on a Shahed drone   Hind Rajab and six of her family members were killed when Israeli forces opened fire on their car in Gaza in 2024.  Follow:  T.me/presstv,1,Resistance,PressTV,2026-03-20T04:18:01.000Z
Iraqi resistance group Saraya Awliya al-Dam (SAD) announced that it targeted key US positions in Victory Base and Erbil using a squadron of drones.  Follow:  T.me/presstv,1,Resistance,PressTV,2026-03-20T04:08:52.000Z
"Congressman Jim McGovern on Trump's policies toward Cuba:    By blocking power to Cuba’s hospitals, the United States is guilty of committing a serious human rights abuse.   Under Donald Trump’s leadership, America is becoming an international pariah.",1,Resistance,PressTV,2026-03-20T03:52:38.000Z
Explosions heard at a US military base in Kuwait following a combined missile and drone attack.  Follow:  T.me/presstv,1,Resistance,PressTV,2026-03-20T03:33:25.000Z
CCTV footage captures the moment an Iranian missile strikes its target in Haifa.  Follow Press TV on Telegram:  t.me/PressTV,1,Resistance,PressTV,2026-03-20T00:45:00.000Z
"""We are against this war because it's illegal"" says Spanish Prime Minister Pedro Sánchez when asked about the US-Israeli War on Iran.  Follow Press TV on Telegram:  t.me/PressTV",1,Resistance,PressTV,2026-03-20T00:30:00.000Z
Footage captures the moment an Iranian multi-warhead missile rains down on the Zionist entity.   Follow Press TV on Telegram:  t.me/PressTV,1,Resistance,PressTV,2026-03-20T00:15:00.000Z
IRGC debuts multi-warhead ‘Nasrallah’ missile to strike Israel’s oil refineries,1,Resistance,PressTV,2026-03-19T23:58:52.000Z
"According to Zohreh Kharazmi, the martyrdom of Leader of the Islamic Revolution and some intellectual politicians, as well as ordinary citizens, due to ongoing US and Israeli strikes, shapes public consciousness and grows resistance culture among the youth.",1,Resistance,PressTV,2026-03-19T23:44:53.000Z
"Iran launched the 66th wave of Operation True Promise 4 against the Zionist entity, using 5 super-heavy and multi-warhead missiles.  Follow Press TV on Telegram:  t.me/PressTV",1,Resistance,PressTV,2026-03-19T23:28:48.000Z
Watch as Iranian missiles rain down on northern occupied Palestinian territories.  Follow Press TV on Telegram:  t.me/PressTV,1,Resistance,PressTV,2026-03-19T23:12:36.000Z
Trump forced to issue false denial of US role in Israeli attack on Iran’s South Pars,1,Resistance,PressTV,2026-03-19T23:00:00.000Z
"Thousands gathered in Qom for the funeral of Iran's martyred national security chief, Ali Larijani, and his son, at the Holy Shrine of Hazrat Fatima Masoumeh.  Follow Press TV on Telegram:  t.me/PressTV",1,Resistance,PressTV,2026-03-19T20:39:33.000Z
"Despite the heavy rain, Iranian patriots in the city of Ilam rally in support of their homeland against the US-Israeli war, chanting ""Down with the USA and Israel"".  Follow Press TV on Telegram:  t.me/PressTV",1,Resistance,PressTV,2026-03-19T20:32:07.000Z
"The cost of the US-imposed war on Iran surpassed 24 billion dollars, prompting internal criticism, while the Pentagon seeks an additional 200 billion to continue the conflict.  Follow Press TV on Telegram:  t.me/PressTV",1,Resistance,PressTV,2026-03-19T20:27:10.000Z
The humanitarian impact of the war continues to grow across Tehran   Press TV's Gisoo Misha Ahmadi reports from Tehran   Follow  t.me/presstv,1,Resistance,PressTV,2026-03-19T20:22:04.000Z
Thousands of Iranians gather at Tehran's Vali-Asr Sq. to welcome the return of Iran's National Women's Football Team.  Follow Press TV on Telegram:  t.me/PressTV,1,Resistance,PressTV,2026-03-19T20:18:00.000Z
"IAEA Chief Rafael Grossi says that despite US-Israeli aggressions, a lot of Iran’s nuclear program has survived. Adds that Iran has the capabilities, the knowledge and industrial ability.  Follow Press TV on Telegram:  t.me/PressTV",1,Resistance,PressTV,2026-03-19T20:12:13.000Z
Nearly 100 Israeli-recruited mercenaries captured across Iran,1,Resistance,PressTV,2026-03-19T20:07:38.000Z
Ansarullah Leader Delivering Speech   Israel targeting region in preparation for establishment of 'Greater Israel',1,Resistance,PressTV,2026-03-19T19:39:10.000Z
Al-Houthi: America primarily relied on bases in Muslim Arab countries in aggression against Iran,1,Resistance,PressTV,2026-03-19T19:39:13.000Z
"Al-Houthi: Arab, Islamic countries opened door for Americans to carry out aggression from bases",1,Resistance,PressTV,2026-03-19T19:39:23.000Z
Lockheed Martrin stocks plunge as Iran announces that it has sucessfully struck an American F-35 fighter jet.  Follow Press TV on Telegram:  t.me/PressTV,1,Resistance,PressTV,2026-03-19T17:20:04.000Z
It has been the first time in history that a Lockheed Martin F-35 fighter jet has been successfully targeted by the IRGC's modern air defence systems.  Follow Press TV on Telegram:  t.me/PressTV,1,Resistance,PressTV,2026-03-19T16:51:25.000Z
Turkish Foreign Minister Hakan Fidan says Israel is the 'primary party' responsible for the war on Iran.  Follow Press TV on Telegram:  t.me/PressTV,1,Resistance,PressTV,2026-03-19T16:45:00.000Z
"US President Trump claims that Iran's anti-aircraft equipment ""is gone"" just as Iran releases footage striking an American F-35 fighter jet.  Follow Press TV on Telegram:  t.me/PressTV",1,Resistance,PressTV,2026-03-19T16:33:01.000Z
'Iran calls the shots': Mearsheimer says US Navy powerless to control Strait of Hormuz,1,Resistance,PressTV,2026-03-19T16:29:00.000Z
CENTCOM Spokesman: US F-35 fighter jet struck by Iranian fire while on mission over Iran,1,Resistance,PressTV,2026-03-19T16:23:02.000Z
Videos from the Haifa refinery capture the aftermath of Iranian retaliatory strikes on the facility.  Follow Press TV on Telegram:  t.me/PressTV,1,Resistance,PressTV,2026-03-19T16:21:18.000Z
Iran releases footage capturing the moment Iranian air defenses locked on and struck an American F-35 fighter jet over central Iran.  Follow Press TV on Telegram:  t.me/PressTV,1,Resistance,PressTV,2026-03-19T16:13:11.000Z
CCTV footage captures the moment Iran strikes the Haifa refinery.  Follow Press TV on Telegram:  t.me/PressTV,1,Resistance,PressTV,2026-03-19T16:07:39.000Z
"We have not seen any positive reaction from the IAEA, just asking for restraint.",1,Resistance,PressTV,2026-03-19T15:13:58.000Z
It is not the job of the IAEA to make political statements; it is the job of the IAEA to condemn these attacks.,1,Resistance,PressTV,2026-03-19T15:13:58.000Z
‘Trump has no idea what he’s doing’: Netizens react to US-Israeli botched war against Iran,1,Resistance,PressTV,2026-03-19T15:00:44.000Z
"IRGC says Qadr, Emad, Kheibar Shekan, Khorramshahr missiles fired at enemy targets",1,Resistance,PressTV,2026-03-19T14:43:44.000Z
"Armin Papperger, CEO of Rheinmetall, Germany's largest arms manufacturer, says if the war on Iran lasts another month, ""I think we will nearly have no missiles available"".  Follow Press TV on Telegram:  t.me/PressTV",1,Resistance,PressTV,2026-03-19T14:39:20.000Z
“Iran may also decide to start targeting Israeli officials”  Press TV’s Zainab Zakaria says Iran's upcoming military strategy might involve assassinating US and Israeli military leaders.  Follow Press TV on Telegram:  t.me/PressTV,1,Resistance,PressTV,2026-03-19T14:33:37.000Z
Images capture the remains of a missile that was shot down by Iranian air defences in the province of Hamedan.  Follow Press TV on Telegram:  t.me/PressTV,1,Resistance,PressTV,2026-03-19T14:22:18.000Z
"Image captures pieces of children's clothes, which is all that remains of three girls who were martyred in last night's US-Israeli airstrikes on a residential neighbourhood in Tehran.  Follow Press TV on Telegram:  t.me/PressTV",1,Resistance,PressTV,2026-03-19T14:15:51.000Z
"China: Assassination of Iranian leaders, attacks on civilian targets unacceptable",1,Resistance,PressTV,2026-03-19T14:00:22.000Z
"We’re now on  @realUpScrolled !  As platforms tighten censorship and silence critical voices, Quds News Network is expanding to new spaces. UpScrolled gives our journalism room to exist, reach, and be seen with no shadowbans.  Follow us there.",1,Resistance,QudsNen,2026-01-25T17:12:35.000Z
"""Palestine has never been the cause of one people alone; it has always been and will remain the cause of dignity, justice, and the rights of all Muslims""  IRGC’s Khatam al-Anbiya spokesperson addressed Muslims in the region and the people of Palestine, especially Gaza, affirming",1,Resistance,QudsNen,2026-03-22T21:23:16.000Z
Breaking | Israeli media reports 48 soldiers injured during ground clashes with Hezbollah.,1,Resistance,QudsNen,2026-03-22T21:20:07.000Z
Breaking | Fire erupts in a residential apartment on Al-Yarmouk street of Gaza City following the Israeli airstrike,1,Resistance,QudsNen,2026-03-22T20:02:59.000Z
"Breaking | Three Palestinians were reported injured, as an initial toll, following the Israeli airstrike on a residential apartment in Gaza City",1,Resistance,QudsNen,2026-03-22T20:10:20.000Z
Breaking | An Israeli airstrike hit a residential apartment in Al-Yarmouk street of Gaza City,1,Resistance,QudsNen,2026-03-22T20:01:03.000Z
"NEW | Israel’s Failed Gamble: No Uprising in Iran  Israel and the United States hoped to spark an internal uprising in Iran to swiftly end the war, but three weeks in, the plan has failed, NYT reports.  Mossad assured Netanyahu that intelligence operations could ignite riots and",1,Resistance,QudsNen,2026-03-22T19:56:59.000Z
"NEW | i24 reports that U.S. President Donald Trump intends to visit ""Israel"" next April to receive the ""Israel Prize"".",1,Resistance,QudsNen,2026-03-22T19:34:12.000Z
"Spanish Transport Minister Óscar Puente, responding to Netanyahu’s attempt to drag Europe into war against Iran:  “We will not take a single step with you, you genocidal butcher. Do you understand that?”",1,Resistance,QudsNen,2026-03-22T19:24:43.000Z
"IRGC missiles with messages painted thanking protesters in London opposing the war, as well as the Spanish Prime Minister for condemning the war’s legitimacy.",1,Resistance,QudsNen,2026-03-22T19:22:55.000Z
"Breaking | US-Israeli attacks on Tehran, the capital of Iran.",1,Resistance,QudsNen,2026-03-22T19:01:42.000Z
"Breaking | Iran’s Foreign Minister Abbas Araghchi warns that neither Iranian citizens nor the nation’s insurers will be intimidated by external threats, calling for respect and restraint in dealings with Iran.",1,Resistance,QudsNen,2026-03-22T18:59:50.000Z
"Watch | U.S. Senator Lindsey Graham called for escalating military pressure on Iran, including occupying or blockading Kharg Island, Iran’s key oil export hub.   He cited the Iwo Jima operation as an example of U.S. military capability to justify such action, in which 7,000 were",1,Resistance,QudsNen,2026-03-22T17:53:44.000Z
"The cost of US President Donald Trump’s Israeli war on Iran has surged to $1.3 million per minute, as shifting objectives and rising domestic pressure raise urgent questions about strategy, priorities, and the long-term price for American taxpayers.",1,Resistance,QudsNen,2026-03-22T17:51:07.000Z
Breaking | Israeli occupation naval boats open fire towards Palestinian fishermen off Gaza coast.,1,Resistance,QudsNen,2026-03-22T17:45:26.000Z
"Watch | Massive destruction reported in Al-Qasmiyeh bridge in southern Lebanon following the Israeli attacks.  The Qasmiyeh Bridge is considered one of the most vital strategic crossings in south Lebanon, widely known as the “artery of the South” due to its central role in",1,Resistance,QudsNen,2026-03-22T17:25:55.000Z
"NEW | ""Nobody else is responsible"": Trump to blame for Iran war  Former CIA Director and U.S. Defense Secretary Leon Panetta says President Donald Trump bears direct responsibility for the war with Iran, warning that Washington is now trapped in a crisis of its own making.",1,Resistance,QudsNen,2026-03-22T17:22:46.000Z
"French ICC judge Nicolas Guillou says he has faced personal consequences after being targeted by Donald Trump following the ICC’s arrest warrant for ICC-wanted Netanyahu.   Speaking in The Hague, Guillou stated that his credit card has been cut off and that he can no longer",1,Resistance,QudsNen,2026-03-22T17:13:54.000Z
Breaking | Israeli settler militias attack the village of Deir Al-Hatab near Nablus in the occupied West Bank.,1,Resistance,QudsNen,2026-03-22T17:07:44.000Z
"Rescue teams retrieve the dead bodies of several children who were brutally massacred by US-Israeli coalition airstrikes in Tabriz, Iran.",1,Resistance,QudsNen,2026-03-22T16:40:50.000Z
"Judges have cleared the chief prosecutor of the International Criminal Court (ICC), Karim Khan, of all wrongdoing after an investigation into alleged sexual misconduct. Further details here.   1/2",1,Resistance,QudsNen,2026-03-22T13:25:37.000Z
2/2,1,Resistance,QudsNen,2026-03-22T13:25:55.000Z
Breaking | Israeli occupation forces destroy the Qasmiyeh Bridge over the Litani River in southern Lebanon.,1,Resistance,QudsNen,2026-03-22T13:14:56.000Z
Breaking | Sirens sound in several Israeli settlements in central occupied Palestine following the detection of missiles launched from Iran.,1,Resistance,QudsNen,2026-03-22T13:08:48.000Z
Breaking | Israeli fighter jets launch a series of airstrikes targeting multiple towns and areas in the Nabatieh district of southern Lebanon.,1,Resistance,QudsNen,2026-03-22T13:03:05.000Z
Breaking | Israeli forces bombard the town of Kafr Tabnite in southern Lebanon.,1,Resistance,QudsNen,2026-03-22T12:46:59.000Z
"Breaking | Amid an ongoing ground offensive, Israeli occupation forces blow up several homes in the town of Khiam in southern Lebanon, according to local sources.",1,Resistance,QudsNen,2026-03-22T12:40:27.000Z
"Breaking | Israeli artillery shells the towns of Ainata and Hanine, as well as the outskirts of Bint Jbeil, in southern Lebanon.",1,Resistance,QudsNen,2026-03-22T12:25:13.000Z
"A US-operated Patriot missile was behind the blast that tore through a Bahraini neighborhood, injuring 32 people, including children, raising urgent questions about risks of embedding US military infrastructures in civilian areas, according to Reuters.",1,Resistance,QudsNen,2026-03-22T12:13:04.000Z
Breaking | Israeli occupation authorities warn settlers of incoming missile fire toward central occupied Palestine and instruct them to immediately head to shelters.,1,Resistance,QudsNen,2026-03-22T09:16:34.000Z
"Several casualties were reported this morning and widespread destruction was caused by U.S.–Israeli airstrikes on the village of Dastak in Gilan Province, Iran.",1,Resistance,QudsNen,2026-03-22T09:09:03.000Z
"Breaking | Israeli fighter jets launch airstrikes targeting the eastern areas of the town of Khiam in southern Lebanon, according to local sources.",1,Resistance,QudsNen,2026-03-22T08:54:51.000Z
"Breaking | US-Israeli coalition warplanes launch airstrikes targeting multiple locations in Isfahan, Iran.",1,Resistance,QudsNen,2026-03-22T08:50:38.000Z
"US-Israeli attacks on Iran are taking a heavy toll on civilians there. One family has been searching for their brother, a week after an air strike reduced his supermarket to rubble in the capital Tehran.  Journalist Tohid Asadi of Al-Jazeera reports from Tehran",1,Resistance,QudsNen,2026-03-22T08:32:38.000Z
"Breaking | Israeli warplanes carry out an airstrike on the town of Machghara in the Bekaa District, eastern Lebanon.",1,Resistance,QudsNen,2026-03-22T08:20:49.000Z
"Breaking | An airstrike carried out by US-Israeli coalition warplanes targets a site in the city of Isfahan, Iran.",1,Resistance,QudsNen,2026-03-22T08:04:17.000Z
"Several vehicles and the village council headquarters were set on fire last night in an attack carried out by Israeli settler militias on the village of Jalud, southeast of Nablus, in the occupied West Bank.",1,Resistance,QudsNen,2026-03-22T07:49:07.000Z
"Last night, Israeli settlers spray-painted hostile graffiti on a mosque and a home in the village of Jalud, southeast of Nablus.",1,Resistance,QudsNen,2026-03-22T07:33:12.000Z
Breaking | Sirens blare in central occupied Palestine following the detection of missiles launched from Iran.,1,Resistance,QudsNen,2026-03-22T07:21:54.000Z
Breaking | Fire erupts inside the U.S. Victoria Base near Baghdad International Airport in Iraq after being targeted.,1,Resistance,QudsNen,2026-03-22T00:59:30.000Z
"Breaking | In response to threats by U.S. President Donald Trump:  the official spokesperson of Iran’s Khatam al-Anbiya Central Headquarters warned that if the enemy targets Iran’s fuel and energy infrastructure, all energy, information technology, and desalination infrastructure",1,Resistance,QudsNen,2026-03-22T00:48:10.000Z
Breaking | Israeli tanks open fire toward the northeastern areas of Gaza City.,1,Resistance,QudsNen,2026-03-22T00:42:16.000Z
"Missiles rained down on Arad and southern Israel, raising urgent questions: were these strikes aimed really at the city itself?   Here is what Iran probably targeted in southern Israel.",1,Resistance,QudsNen,2026-03-22T00:21:37.000Z
Breaking | Sirens sound near the Lebanese border following drone infiltrations.,1,Resistance,QudsNen,2026-03-22T00:17:55.000Z
"NEW | Israeli attacks systematically target medical sector in south Lebanon  Health workers and officials in south Lebanon report a deliberate Israeli campaign targeting medical facilities, ambulances, and first responders, aimed at making the region uninhabitable and forcing",1,Resistance,QudsNen,2026-03-22T00:07:55.000Z
"Breaking | President Trump gives Iran 48-hour ultimatum to open Strait of Hormuz or else the U.S. military will ""obliterate"" various power plants.",1,Resistance,QudsNen,2026-03-21T23:51:01.000Z
Yemeni Cartoonist Kamal Sharaf on the latest Iranian strikes on occupied Palestine,1,Resistance,QudsNen,2026-03-21T23:35:58.000Z
Breaking | ICC-wanted war criminal Benjamin Netanyahu:  This is a very difficult evening in the campaign for our future.   We are determined to continue to strike our enemies on all fronts.,1,Resistance,QudsNen,2026-03-21T21:53:04.000Z
"Breaking | Large numbers of Israeli rescue teams have been deployed to the site of the Iranian missile strike in Arad to search for the trapped and injured.  According to Israeli Channel 12, the strike site in Arad is the most difficult location encountered since the start of the",1,Resistance,QudsNen,2026-03-21T21:46:50.000Z
Breaking | Israeli artillery shells the eastern areas of Khan Younis city in the southern Gaza Strip,1,Resistance,QudsNen,2026-03-21T21:37:42.000Z
"Breaking | A 53-year-old Palestinian man was shot in the neck and chest, and another 54-year-old Palestinian man was injured in the foot by Israeli occupation forces in Tulkarem, according to the Palestinian Red Crescent.",1,Resistance,QudsNen,2026-03-21T21:35:47.000Z
Breaking | A senior Iranian official told Al Jazeera that Iran is not responsible for the missile strikes on Diego Garcia military base.,1,Resistance,QudsNen,2026-03-21T21:28:17.000Z
"Judges at the International Criminal Court have cleared prosecutor Karim Khan of sexual misconduct allegations, concluding that the evidence does not support claims of wrongdoing after a months-long review of a UN investigation.",1,Resistance,QudsNen,2026-03-21T21:28:07.000Z
"Breaking | Israeli settler militias burn Palestinian homes in the village of Al-Fandkoumiya, south of Jenin in the occupied West Bank",1,Resistance,QudsNen,2026-03-21T21:25:29.000Z
"Breaking | Massive destruction in Arad, southern occupied Palestine following Iranian missile strikes",1,Resistance,QudsNen,2026-03-21T20:19:26.000Z
Breaking | Direct Iranian impact in southern occupied Palestine,1,Resistance,QudsNen,2026-03-21T20:17:32.000Z
Breaking | Saudi Arabia orders Iranian embassy staff to leave the country within 24 hours.,1,Resistance,QudsNen,2026-03-21T20:15:20.000Z
Breaking | Iranian missiles spotted over occupied Palestine heading toward Israeli targets,1,Resistance,QudsNen,2026-03-21T20:12:42.000Z
Breaking | Sirens sound in southern occupied Palestine following missile launches from Iran,1,Resistance,QudsNen,2026-03-21T20:02:46.000Z
"Watch | U.S. Senator Bernie Sanders criticized continued American military support for Israel, arguing that supplying additional bombs violates U.S. law prohibiting arms sales to countries accused of breaching international law and human rights.   He accused Benjamin Netanyahu of",1,Resistance,QudsNen,2026-03-21T19:43:55.000Z
"Breaking | MEE reports that Judges have cleared ICC Prosecutor Karim Khan of sexual misconduct allegations, with a panel appointed by the court’s governing body stating that a UN investigation found no evidence of misconduct or breach of duty.",1,Resistance,QudsNen,2026-03-21T19:27:10.000Z
Breaking | The number of Israeli settlers injured following the Iranian strikes on Dimona has risen to 51,1,Resistance,QudsNen,2026-03-21T19:19:39.000Z
"Reuters has revealed that the US is preparing to formally integrate Palantir’s Maven artificial intelligence platform into its long term military infrastructure, in a move aimed at making AI driven targeting a central component of its war strategy.  This step elevates Maven from",1,Resistance,QudsNen,2026-03-21T17:23:49.000Z
"Breaking | Hezbollah announces targeting the Israeli air defense system in Ma’alot-Tarshiha, northern occupied Palestine.",1,Resistance,QudsNen,2026-03-21T17:19:11.000Z
"Fire erupt at the impact site following an Iranian missile strike in Dimona, southern occupied Palestine",1,Resistance,QudsNen,2026-03-21T17:07:56.000Z
"Breaking | Seven Israeli settlers were reported injured following the latest Iranian impact in Dimona, southern occupied Palestine",1,Resistance,QudsNen,2026-03-21T17:09:38.000Z
Breaking | The number of injured Israeli settlers has risen to 20,1,Resistance,QudsNen,2026-03-21T17:12:14.000Z
Breaking | Sirens sound again in southern occupied Palestine following missile launches from Iran,1,Resistance,QudsNen,2026-03-21T17:04:25.000Z
"Closer Footage of the Iranian impact in Dimona, southern occupied Palestine",1,Resistance,QudsNen,2026-03-21T17:02:04.000Z
"Watch | Direct Iranian impact in Dimona, southern occupied Palestine",1,Resistance,QudsNen,2026-03-21T17:00:31.000Z
"As part of follow-up from the meeting of Palestinian mukhtars of the eastern Gaza Strip, assurances of safety were given to Palestinians who wished to defect from occupation-affiliated militias and return to their families.  Palestinian Saad Talaat Abu Saada, who had joined",1,Resistance,QudsNen,2026-03-21T15:03:42.000Z
"According to local sources, an Israeli settler overturned a vehicle he had stolen from the town of Beit Umrin, northwest of Nablus.",1,Resistance,QudsNen,2026-03-21T14:46:49.000Z
"According to Reuters, Bahrain’s government said that a Patriot air defense system was involved in the March 9 blast over a residential area, contradicting earlier reports that the damage was caused solely by an Iranian drone strike.",1,Resistance,QudsNen,2026-03-21T14:40:32.000Z
"Israeli settlers raid the Al-Batin area in the village of Burin, south of Nablus.",1,Resistance,QudsNen,2026-03-21T14:32:53.000Z
"FIFA announced disciplinary sanctions against the Israeli Football Association following a complaint filed by the Palestinian Football Association concerning violations related to aggressive behavior, discrimination, and racism.  FIFA stated that its disciplinary committee",1,Resistance,QudsNen,2026-03-21T14:22:19.000Z
"Saudi Arabia has agreed to open King Fahd Air Base in Taif, in Western Saudi Arabia, to the Americans for its war on Iran, multiple US and western officials familiar with the matter told MEE",1,Resistance,QudsNen,2026-03-21T14:15:33.000Z
"Israeli occupation forces raid the village of Dora al-Qara, north of Ramallah.",1,Resistance,QudsNen,2026-03-21T14:09:44.000Z
"A protest in the British capital, London, calling for an end to Israeli the war against Iran, Palestine, and Lebanon.",1,Resistance,QudsNen,2026-03-21T14:04:54.000Z
Iranian families spent the Persian New Year alongside the graves of their loved ones who were killed in a US-sraeli bombing of an elementary school in Minab.,1,Resistance,QudsNen,2026-03-21T13:47:02.000Z
"UN Secretary General António Guterres said that the Peace Board launched by US President Donald Trump is not an effective tool for crisis management, emphasizing that it is a personal project controlled by Trump and does not represent an appropriate means to address major global",1,Resistance,QudsNen,2026-03-21T10:33:07.000Z
Breaking | Israeli artillery shells the eastern neighborhood of Al-Khiyam city in southern Lebanon.,1,Resistance,QudsNen,2026-03-21T10:22:17.000Z
Israeli settlers attack Palestinian vehicles at the western entrance of the town of Aqraba in Nablus.,1,Resistance,QudsNen,2026-03-21T10:00:29.000Z
"Benjamin Netanyahu proposes developing oil and gas pipelines linking Gulf states to Israeli ports, bypassing the Strait of Hormuz and Bab El-Mandeb.  This statement comes amid Gulf crises caused by the ongoing US Israeli war on Iran, the closure of the Strait of Hormuz, and the",1,Resistance,QudsNen,2026-03-21T09:56:57.000Z
"Iranians perform Eid al-Fitr prayers in the city of Rey, Iran, and mourn the bodies of nine civilians, including women and children, who were killed last night in US-Israeli airstrikes on the city.",1,Resistance,QudsNen,2026-03-21T09:47:03.000Z
"After years of stalled diplomacy, Iran has gained a sudden US concession. Washington eased oil sanctions just weeks into the war—without Tehran even requesting relief—boosting global energy supply and reshaping the conflict’s economic dynamics.",1,Resistance,QudsNen,2026-03-21T09:43:19.000Z
Financial Times reports that the European Commission is urging EU countries to gradually refill their gas reserves in order to curb demand.,1,Resistance,QudsNen,2026-03-21T09:34:56.000Z
"According to Reuters, refineries in India and across Asia are moving to secure Iranian oil after the United States granted sanctions waivers to select buyers, opening the door for alternative supply flows.",1,Resistance,QudsNen,2026-03-21T07:19:15.000Z
"Breaking | Israeli forces shot and injured a Palestinian man and abducted another during a raid on Beit Awwa, southwest of Hebron, blocking ambulance crews from reaching the injured for over 30 minutes.",1,Resistance,QudsNen,2026-03-21T07:05:46.000Z
"Hundreds of thousands of Iranians mourn Ali Mohammad Naeini, spokesperson for the Iranian Revolutionary Guard, who was killed in a US-Israeli airstrike yesterday.",1,Resistance,QudsNen,2026-03-21T07:02:24.000Z
"Responding to attacks over his resignation as Director of the US CTC, driven by his opposition to the US-Israeli war on Iran, Joe Kent says:  'I did nothing wrong. I know their playbook. My mission is to stop this war. The attacks from McConnell and Graham are laughable. I stand",1,Resistance,QudsNen,2026-03-21T02:26:28.000Z
"Footage documents the US-Israeli attacks in Tehran, Iran, moments ago.",1,Resistance,QudsNen,2026-03-21T02:24:38.000Z
Breaking | Israeli aircraft carry out an airstrike on the southern suburbs of Beirut.,1,Resistance,QudsNen,2026-03-21T02:21:54.000Z
"Israeli occupation forces abducted the Palestinian Hammouda Hasan Al-Masalma during a raid on the town of Beit ‘Awa, west of Dura, south of Hebron.",1,Resistance,QudsNen,2026-03-21T02:14:30.000Z
Massive fires engulf homes in Zahle and Al-Madnin in Hadat Al-Deek following Israeli bombing.,1,Resistance,QudsNen,2026-03-21T01:58:19.000Z
The aftermath of the Israeli bombardment of a civilian building in the southern suburbs of Beirut.,1,Resistance,QudsNen,2026-03-21T01:54:08.000Z
"The aftermath of an Israeli airstrike on the Bir al-Salasil area of Khirbet Selm, southern Lebanon.",1,Resistance,QudsNen,2026-03-20T21:21:08.000Z
"Local sources report Israeli occupation forces storm the city of Hebron, in the southern West Bank.",1,Resistance,QudsNen,2026-03-20T21:10:09.000Z
Submunitions of an Iranian cluster missile were seen dispersing at the moment of its explosion in the skies over Tel Aviv.,1,Resistance,QudsNen,2026-03-20T20:53:08.000Z
Breaking | Lebanon’s Ministry of Health reports that 21 civilians were injured in an Israeli airstrike on the town of Deir al-Zahrani in southern Lebanon.,1,Resistance,QudsNen,2026-03-20T20:39:56.000Z
"The UK has approved the use of its military bases by the U.S. to carry out strikes on Iranian sites targeting ships in the Strait of Hormuz, expanding an earlier authorization that had been limited to defensive actions, BBC reports.  The move effectively broadens Britain’s role",1,Resistance,QudsNen,2026-03-20T20:31:00.000Z
"A network of radars, ships, fighter jets, and missile defence systems works day and night, 365 days a year, keeping Allies safe from threats coming from the sky  Link in threaded post for the full video ↓",2,Western,NATO,2026-03-10T10:01:18.000Z
Aurora    Norwegian troops pause to take in the Northern Lights during Exercise Cold Response,2,Western,NATO,2026-03-22T16:21:52.000Z
The North Atlantic Council met with NATO’s partners from the Gulf to discuss the current security situation in the Middle East and its impact on the region and Euro-Atlantic security. ↓,2,Western,NATO,2026-03-21T10:05:00.000Z
"NATO Airpower in action   Allies synced air, land, cyber and space assets in NATO’s largest airpower display so far this year.  From the Baltics to Romania, this ‘Eastern Sentry’ mission strengthens NATO’s air and missile defences    ac.nato.int/archive/2026/l …",2,Western,NATO,2026-03-19T12:58:07.000Z
This morning I had a substantive meeting at  @NATO  HQ with  @SecGenNATO  Mark Rutte. We discussed the security of #Romania and NATO's key role in its strengthening. I welcomed SecGen's determination for NATO to deliver security to all Allies and his assessment that Romania plays an,2,Western,NATO,2026-03-19T10:37:06.000Z
LIVE: Watch  @SecGenNATO  Mark Rutte's press point with  President  @NicusorDanRO,2,Western,NATO,2026-03-19T08:25:24.000Z
Norway 'a key player' for the security of NATO’s north. @SecGenNATO  met with  Prime Minister  @jonasgahrstore  and observed exercise Cold Response 26 in a visit to Norway,2,Western,NATO,2026-03-18T21:47:59.000Z
"❝Working together, we will continue to guarantee safety and security for our 1 billion citizens❞  —  @SecGenNATO  visits Norway",2,Western,NATO,2026-03-18T20:28:45.000Z
"Excellent to witness some of the incredible efforts undertaken as part of exercise Cold Response 26 – with over 30.000 personnel from 14 Allied countries training in Norway & Finland  Working together, we will continue to guarantee safety and security for our 1bn citizens",2,Western,NATO,2026-03-18T19:17:57.000Z
"Honoured to be welcomed to Australia by the Governor-General, H.E. Sam Mostyn.  I’m here to celebrate the long-standing friendship between Europe and Australia, and this is the most perfect start to this visit.",2,Western,EU_Commission,2026-03-23T05:12:54.000Z
"10 years ago, Brussels and the entire country stood still.   This city showed resilience in the aftermath of attacks, and collective strength helps to heal its people.  Today, we honour the victims and those who still carry the weight of that day.  We will never forget.",2,Western,EU_Commission,2026-03-22T08:30:00.000Z
"EU Leaders met in Brussels yesterday and tackled some of the biggest challenges shaping our future:   Support for Ukraine  Calls for de-escalation in the Middle East  Action to lower energy prices  A new ‘One Europe, One Market’ agenda  Commitment to international law",2,Western,EU_Commission,2026-03-20T15:29:15.000Z
"Our social market economy is what protects Europe’s social fabric in these volatile times.  And we must strengthen it even further.  As we design solutions to the current crises, it is vital to engage closely with the social partners.  I’m thankful for our close cooperation.",2,Western,EU_Commission,2026-03-18T16:22:00.000Z
"We are introducing EU Inc. To make building and growing a business across the EU faster, simpler, and smarter.   Start a company in less than 48 hours   No minimum capital requirement   Fully online and borderless",2,Western,EU_Commission,2026-03-18T11:33:34.000Z
"Innovators and founders won’t have to navigate 27 different rulebooks anymore. No more delays that slow down innovation. Just one set of rules designed for startups, scaleups, and global investors.",2,Western,EU_Commission,2026-03-18T11:33:35.000Z
"To compete globally, Europe needs speed, scale, and strength.    This is how we get there.  Find out more:  link.europa.eu/98NtPw",2,Western,EU_Commission,2026-03-18T11:33:36.000Z
Just had a phone call with Prime Minister  @mohamedshia  about the current security situation.  I thanked the Prime Minister for encouraging restraint in this difficult moment and keeping the country out of the war.  I also offered my condolences for the lives lost as a result of,2,Western,EU_Commission,2026-03-17T17:40:17.000Z
"We're investing in secure and resilient connectivity.  Today, we launched two calls worth €200 million to support high-capacity networks, including submarine cables.  This reinforces secure, future proof digital networks and strengthens our economic and strategic resilience.",2,Western,EU_Commission,2026-03-17T14:04:50.000Z
More info:  link.europa.eu/N3Fbg8,2,Western,EU_Commission,2026-03-17T14:04:51.000Z
"AMERICA IS BACK.   Every single day I will be fighting for you with every breath in my body. I will not rest until we have delivered the strong, safe and prosperous America that our children deserve and that you deserve. This will truly be the golden age of America.",2,Western,POTUS,2025-01-20T18:27:35.000Z
400+ TSA officers have quit. $2.5 BILLION lost.  Airports in chaos. Americans stuck in the fallout.  All because of Democrats’ political games.  Fund  @DHSgov . Now.,2,Western,POTUS,2026-03-22T15:15:25.000Z
"NO MORE WAITING, NO MORE GAMES!",2,Western,POTUS,2026-03-21T17:52:23.000Z
President Donald J. Trump and Japanese Prime Minister  @takaichi_sanae .,2,Western,POTUS,2026-03-19T17:58:24.000Z
"President Trump Participates in a Bilateral Meeting, Mar. 19, 2026",2,Western,POTUS,2026-03-19T15:31:30.000Z
President Donald J. Trump Welcomes Japanese Prime Minister Sanae Takaichi to the White House.,2,Western,POTUS,2026-03-19T15:41:46.000Z
"Democrats are hurting Americans—and they don't care.  Across the country, the reckless Democrat DHS shutdown is causing longer airport lines, missed paychecks, empty fridges, and worsening travel chaos EVERY DAY.",2,Western,POTUS,2026-03-18T20:03:44.000Z
DEMOCRATS' DHS SHUTDOWN BY THE NUMBERS:,2,Western,POTUS,2026-03-19T14:25:59.000Z
"NATO Mission Iraq has adjusted its posture, safely relocating all its personnel from the Middle East to Europe.  Read more here: shape.nato.int/news-releases/ …",2,Western,NATO,2026-03-20T15:25:21.000Z
"A pleasure to welcome you,  @SecGenNATO  Mark Rutte, to Norway. Good discussions on NATO’s continued commitment to Arctic and Allied security. Allies are training together in demanding Arctic conditions during the Norwegian-led Exercise #ColdResponse26",2,Western,NATO,2026-03-18T08:45:18.000Z
Pleased to chair discussions in the North Atlantic Council with NATO’s partners from the Gulf.  Grateful for their insights on the security situation in the Middle East.  NATO stands in solidarity with its ICI partners and condemns the indiscriminate attacks by Iran.,2,Western,NATO,2026-03-18T15:04:48.000Z
"Sub-Zero Raiders    Royal Marines emerge from the icy depths of an Arctic fjord after deploying from a  German submarine.  The commandos carried out a daring raid as part of Exercise Cold Response 26, which involves 14 nations and more than 25,000 troops",2,Western,NATO,2026-03-16T10:26:39.000Z
". @SecGenNATO  welcomed rising defence investment and defence production, and praised the deepening partnership between NATO and the EU at the annual EU Ambassadors’ Conference earlier this week",2,Western,NATO,2026-03-15T14:05:00.000Z
"NATO enhances readiness above and below the waves  NATO’s largest anti-submarine warfare exercise brought together air, surface, and submarine forces from across the Alliance, enhancing the ability to detect, track, and counter submarine threats    mc.nato.int/media-centre/n …",2,Western,NATO,2026-03-14T09:06:16.000Z
"Industry must produce and innovate more, faster. This is how we keep our defence strong and our people safe  —  @SecGenNATO  | #BEDEX",2,Western,NATO,2026-03-13T09:50:24.000Z
It is a pleasure to be at the first ever Brussels European Defence Exhibition – BEDEX.  Great to see the capabilities & technologies and to meet the people behind them.  Your work matters – in today’s world more than ever – and it is essential for our shared security.,2,Western,NATO,2026-03-13T12:38:33.000Z
"On Friday morning, NATO again successfully intercepted an Iranian ballistic missile heading to Türkiye. NATO remains vigilant and stands firm in its defence of all Allies",2,Western,NATO,2026-03-13T11:07:26.000Z
Swedish jets guard Icelandic skies as part of NATO’s Arctic Sentry   The Arctic and the High North are vital to Allied security – and that’s why the  Swedish Air Force has sent six fighter jets to Iceland,2,Western,NATO,2026-03-10T13:58:17.000Z
Watch the full video:,2,Western,NATO,2026-03-10T10:01:35.000Z
"NATO Ballistic Missile Defence is one of the Alliance’s permanent activities  Its aim is to provide full coverage and protection for all NATO European populations, territory and forces against the growing threat of ballistic missiles  Tap below to learn more about it",2,Western,NATO,2026-03-09T16:24:08.000Z
NATO has again intercepted a missile heading to Türkiye. NATO stands firm in its readiness to defend all Allies against any threat,2,Western,NATO,2026-03-09T13:37:15.000Z
Ready to operate in all conditions   US Marines joined a Norwegian-led winter exercise in the Arctic. The training is designed to strengthen collective defence and ensure the US troops are ready to deploy and seamlessly work alongside NATO Allies in extreme winter conditions,2,Western,NATO,2026-03-09T11:03:08.000Z
A  @NATOAWACS  aircraft flew its first mission in  Finnish airspace.  The flight strengthens Allied cooperation and shows continuous presence in the High North and the eastern part of the Alliance     ac.nato.int/archive/2026/n …,2,Western,NATO,2026-03-07T10:32:44.000Z
Swedish and Latvian forces exercise side by side.  Every day NATO Allies work and train together to keep our one billion people safe   Felix Sundbäck,2,Western,NATO,2026-03-04T16:07:18.000Z
"Welcome to Mr. Mark Rutte, Secretary General of #NATO, on his official visit to .  @SecGenNATO    His visit reaffirms the strength of our Alliance and the value of unity in times of global uncertainty. We remain a committed and reliable Ally, dedicated to collective defence,",2,Western,NATO,2026-03-03T14:20:10.000Z
. @SecGenNATO  visited North Macedonia  and met with President  @gogamkd  and Prime Minister Hristijan Mickoski.  He commended North Macedonia's increased defence investment and its contribution to the protection of the eastern part of the Alliance,2,Western,NATO,2026-03-04T11:34:12.000Z
Great to see  @MinPres  Rob Jetten again & meet him in Brussels after his first week in office. I welcome   strong commitment to further strengthening NATO’s deterrence and defence and your plans to ramp up defence investment for our shared security. I also commend your steadfast,2,Western,NATO,2026-03-03T19:28:52.000Z
"A pleasure to be in beautiful Skopje . North Macedonia is a highly valued Ally that contributes to our shared security in many ways, supporting NATO’s deterrence and defence & security and stability in the Western Balkans. You are also a steadfast supporter of Ukraine.",2,Western,NATO,2026-03-03T14:28:20.000Z
LIVE: Watch  @SecGenNATO  Mark Rutte's press conference with President Gordana Siljanovska Davkova  @gogamkd,2,Western,NATO,2026-03-03T11:55:46.000Z
Repost to join us in celebrating our Ally Bulgaria  on their National Day!    #WeAreNATO   @BulgariaNATO,2,Western,NATO,2026-03-03T08:14:48.000Z
"I spoke with  @RTErdogan  about Iran and the security situation in the region.  We both agree on the importance of NATO’s 360-degree approach to security, and that we are always ready to deter and defend against any threat, from any direction.",2,Western,NATO,2026-03-02T16:00:07.000Z
NATO continues to closely follow developments in Iran and the region.,2,Western,NATO,2026-03-01T16:27:36.000Z
"On February 24, 2022, we fought for today. Today, we fight for the future. We defend what is ours.",2,Western,NATO,2026-02-24T06:20:20.000Z
"This morning, we gathered at NATO to mark the 4th anniversary of Russia's full-scale invasion of Ukraine.  NATO stood with Ukraine  from the beginning.  We stand with you today.  And we will stand with you throughout the challenges ahead.",2,Western,NATO,2026-02-24T10:15:46.000Z
"Today marks exactly four years since Putin started his three-day push to take Kyiv. And that says a great deal about our resistance, about how Ukraine has fought all this time. Behind those words stand millions of our people, immense courage, incredibly hard work, endurance, and",2,Western,NATO,2026-02-24T06:31:58.000Z
"❝Every fighter, every warrior, must be trained… the success of the operation or the lives of his fellow humans may depend on it❞  NATO Allies train Ukrainian troops how to fight and survive on the battlefield  #StandWithUkraine",2,Western,NATO,2026-02-24T09:32:40.000Z
Watch the full video ↓,2,Western,NATO,2026-02-24T09:56:38.000Z
LIVE: Watch  @SecGenNATO ’s remarks at NATO HQ commemorating the fourth anniversary of Russia’s full-scale invasion of Ukraine,2,Western,NATO,2026-02-24T08:33:19.000Z
Repost to join us in celebrating our Ally  Estonia on their Independence Day!  #WeAreNATO   @estNATO,2,Western,NATO,2026-02-24T08:08:05.000Z
"❝No one wants war. But if you train hard, you can endure it.❞   NATO Allies continue to support Ukraine to defend itself today and deter tomorrow.   #StandWithUkraine",2,Western,NATO,2026-02-23T20:00:02.000Z
Sleepless nights. Long marches. Freezing conditions.   This is the final test for the conscripts from  Denmark’s Royal Life Guards - a demanding five-day field exercise designed to prove they are physically and mentally ready to serve,2,Western,NATO,2026-02-21T09:53:25.000Z
"One year on, NATO’s Joint Analysis, Training and Education Centre (JATEC) is strengthening NATO–Ukraine cooperation. By learning from Ukraine’s real experience in the field, the centre helps train, plan, and improve how Allies prepare.   Read more:",2,Western,NATO,2026-02-20T14:09:05.000Z
Deterrence is the bedrock of our defence   NATO’s Forward Land Forces consist of  multinational battlegroups located in member countries in the eastern part of the Alliance.  Tap the photos to reveal your battlegroup ↓,2,Western,NATO,2026-02-20T09:40:27.000Z
"Good to see again  @natopa  President  @MarcosPerestre1  & chair the joint NPA-NAC meeting. We discussed defence investment & production as well as continuing to our support to . Parliamentarians are vital in helping further our shared values, joint goals, & collective security",2,Western,NATO,2026-02-16T15:27:26.000Z
Glad to welcome NATO HQ Sarajevo Commander BG Valas  @natobih . I thanked him for his leadership & NHQSA's daily efforts in deepening our practical cooperation and partnership with #BiH. NATO stands committed to the stability of  & the Western Balkans.,2,Western,NATO,2026-02-19T10:00:57.000Z
"United across the ocean.  Through Bomber Task Force Europe, US B-52 crews train alongside their European Allies, ready to protect our one billion people",2,Western,NATO,2026-02-19T18:00:01.000Z
"Based in the UK, the U.S. Air Force B-52s are NATO’s biggest bomber planes keeping our billion people safe and making the Alliance stronger",2,Western,NATO,2026-02-19T14:12:40.000Z
Retweet to join us in celebrating our Ally Lithuania  on their State Restoration Day! @LitdelNATO   #WeAreNATO,2,Western,NATO,2026-02-16T08:56:34.000Z
66th Mechanised Infantry Brigade on the ground in Germany  for Exercise #SteadfastDart26.   Ready. Capable. Strong. #NATO forces stand united.   #StrongerTogether #WeAreNATO @NATO  @SHAPE_NATO  @tcsavunma,2,Western,NATO,2026-02-13T12:12:11.000Z
Canada  Denmark  France  and the United States  participated in air military operations and surveillance over Greenland  and Iceland   Operation Noble Defender is an annual operation in the Arctic led by the US-Canadian North American Defence Commands (NORAD).,2,Western,NATO,2026-02-15T09:05:00.000Z
"Always together, Europe and North America, ready to protect our one billion people  #MSC2026",2,Western,NATO,2026-02-13T14:18:58.000Z
"LIVE: Watch  @SecGenNATO  Mark Rutte’s panel discussion at  @MunSecConf  ""Coalition of the Able? Securing Long-Term Support for Ukraine"" #MSC2026",2,Western,NATO,2026-02-14T10:45:32.000Z
It is a privilege to be part of the NATO Innovation Fund Advisory Council. New ideas & products are essential to maintaining our technological edge. Let’s embrace the momentum and work together. This ensures NATO forces and capabilities continue to stay ready to deter & to defend,2,Western,NATO,2026-02-13T17:43:14.000Z
TODAY: NATO Defence Ministers are addressing how they are implementing the decisions made at the 2025 #NATOsummit to make NATO’s deterrence and defence stronger and continue support for Ukraine  #DefMin | #StandWithUkraine,2,Western,NATO,2026-02-12T12:05:20.000Z
#NATO Defence Ministers gather for a family picture #DefMin,2,Western,NATO,2026-02-12T11:43:32.000Z
LIVE: Watch  @SecGenNATO  Mark Rutte's remarks with  Defence Minister  @FedorovMykhailo,2,Western,NATO,2026-02-12T11:34:09.000Z
"Ahead of the North Atlantic Council meeting,  @SecGenNATO  welcomed that Allies are:   Investing more in defence  Boosting defence industry  Supporting Ukraine  More updates to follow from today’s #DefMin.",2,Western,NATO,2026-02-12T09:33:37.000Z
Just now:  @SecGenNATO  spoke to the media ahead of the #DefMin at NATO HQ. Key topics on the agenda include:   Keeping NATO strong  Defence investment and production  Support to Ukraine   Watch now →  youtube.com/watch?v=Y5cqIM …,2,Western,NATO,2026-02-12T08:48:22.000Z
LIVE: Watch  @SecGenNATO  Mark Rutte's remarks with  Under Secretary of War  @USWPColby,2,Western,NATO,2026-02-12T07:54:58.000Z
LIVE: Watch  @SecGenNATO  Mark Rutte's doorstep ahead of the meeting of #NATO Defence Ministers #DefMin,2,Western,NATO,2026-02-12T07:32:35.000Z
"NATO Defence Ministers are meeting at NATO HQ in Brussels to discuss:   Keeping NATO strong  Defence investment and production  Support to Ukraine  Follow  @SecGenNATO ,  @NATOPress  and  @NATO  for the latest #DefMin updates.  Learn more →  nato.int/en/news-and-ev …",2,Western,NATO,2026-02-12T06:00:02.000Z
"The Arctic is a gateway to the North Atlantic, hosting vital trade, transport and communication links between North America and Europe.  Watch to learn why the Arctic is increasingly important for our collective security ↓",2,Western,NATO,2026-02-10T13:15:18.000Z
"Cold can’t keep us down   NATO’s multinational battlegroup in Estonia  braved bitterly cold temperatures as troops trained together in harsh winter conditions, improving their tactics and showing they are ready to defend against any threat, no matter the conditions",2,Western,NATO,2026-02-09T17:36:24.000Z
"The Swedish Air Force takes over NATO’s Air Policing mission in Iceland    For the first time, six  fighter jets and more than 110 personnel will help in #SecuringTheSkies over Iceland and the Arctic.  ac.nato.int/archive/2026/s …",2,Western,NATO,2026-02-09T14:54:01.000Z
Vehicles on the move for #SteadfastDart26   Armoured vehicles and equipment from Türkiye’s 66th Mechanized Infantry Brigade are arriving in Germany as part of NATO’s Allied Reaction Force deployment. #StrongerTogether | #WeAreNATO | #DeterAndDefend @tcsavunma  @NATO,2,Western,NATO,2026-02-08T18:22:35.000Z
Germany welcomes   Spanish &   Italian troops to Hannover Airport. They are taking part in #SteadfastDart26 alongside NATO Allies from across Europe.  One  Alliance.  Many nations. Shared commitment.   #StrongerTogether #WeAreNATO @NATO  @SHAPE_NATO  @NRDCITA  @EMADmde,2,Western,NATO,2026-02-08T17:15:44.000Z
French pilots have spent a week in Sweden recently visiting their colleagues from the Swedish Air Force. They exercised together both in the air and on the ground.  Together we are stronger,2,Western,NATO,2026-02-08T16:00:01.000Z
Training the next generation of Ukrainian defenders   NATO Allies are supplying Ukraine's soldiers with essential military equipment and training to help them defend their country today and deter tomorrow  #StandWithUkraine,2,Western,NATO,2026-02-07T10:00:01.000Z
It’s always important to visit Kyiv and meet my friend  @ZelenskyyUa  to reaffirm our continued support for Ukraine .  Your friends and partners in #NATO will continue to stand firm alongside you.,2,Western,NATO,2026-02-03T15:26:24.000Z
Watch  @SecGenNATO  Mark Rutte’s press conference with  President  @ZelenskyyUa,2,Western,NATO,2026-02-03T13:03:43.000Z
Watch  @SecGenNATO  Mark Rutte’s address at the Verkhovna Rada of #Ukraine,2,Western,NATO,2026-02-03T11:43:57.000Z
Good to be at the Oslo Security Conference to talk about the importance and future of transatlantic relations. European Allies & Canada are stepping up: boosting defence spending & production. We share a common goal: keeping 1bn people safe on both sides of the Atlantic,2,Western,NATO,2026-02-02T12:04:40.000Z
Met FM  @EspenBarthEide . Norway is a staunch Ally making valuable contributions to the Alliance & playing an essential role on #NATO’s northern flank. We discussed the vital importance of keeping up support for Ukraine & the essential role of the Artic for our collective defence,2,Western,NATO,2026-02-02T16:23:13.000Z
"During a visit to  Oslo,  @depsecgennato  highlighted the importance of the transatlantic bond, increased defence investment, and shared security in the Arctic    Read more:  nato.int/en/news-and-ev …",2,Western,NATO,2026-02-03T11:01:13.000Z
"#SteadfastDart26, NATO’s largest exercise of the year, is testing how quickly Allied forces can move from sea to land across Europe.  The exercise highlights readiness, coordination, and unity in support of collective defence.   Read more:  jfcbs.nato.int/stdt26/media/n …",2,Western,NATO,2026-02-02T17:59:19.000Z
"#SteadfastDart26 is NATO’s largest exercise this year and the first large-scale deployment of the Allied Reaction Force, NATO’s high-readiness force that can quickly respond and defend against any threat",2,Western,NATO,2026-02-02T15:54:19.000Z
The EU is an essential NATO partner and together we continue to help safeguard international peace and security.  Watch the video to see how NATO and the EU work together  ↓,2,Western,NATO,2026-01-26T13:06:18.000Z
What does it take for soldiers to be able to operate and survive in cold weather environments?   Watch our video on NATO’s winter survival course ↓,2,Western,NATO,2026-01-25T10:00:01.000Z
"Top NATO military leaders met in Brussels for a session of the Military Committee to discuss current global security challenges and how the Alliance is adapting to address them.  The Chiefs of Defence reviewed readiness, deterrence, and partnerships, including support for Ukraine",2,Western,NATO,2026-01-24T09:05:00.000Z
"During the last two days, the 32 Allies of #NATO met in the Chiefs of Defence format in Brussels, to discuss our unified military approach to the security developments of our time. Through SACEUR’s assessment of readiness, deterrence and defence, and SACT’s views on near and far",2,Western,NATO,2026-01-23T09:05:39.000Z
". @depsecgennato  visited Azerbaijan  to discuss the NATO-Azerbaijan partnership and regional security in the South Caucasus and the Black Sea region.  The visit focused on continued political dialogue, energy security, and cooperation on defence and security reforms.   Read",2,Western,NATO,2026-01-23T16:00:00.000Z
"At #WEF26 in Davos,  @SecGenNATO  highlighted the importance of transatlantic security, increased defence investment, and continued support for Ukraine.  He also discussed Arctic security and Europe’s role in strengthening collective defence.   Read more:  nato.int/en/news-and-ev …",2,Western,NATO,2026-01-23T14:00:00.000Z
"NATO’s forces in Romania  can defend against any threat in the Black Sea region with artillery, fighter jets and air defence assets.   Romania is further protected by NATO's vigilance activity ‘Eastern Sentry’.   Watch to learn more about how NATO helps keep Romania safe",2,Western,NATO,2026-01-23T12:51:36.000Z
Just met w/   @troelslundp  & Greenland  FM Vivian Motzfeldt. We discussed how important the Arctic - including Greenland - is to our collective security & how  is stepping up investments in key capabilities. We’ll continue to work together as Allies on these important issues,2,Western,NATO,2026-01-19T17:18:40.000Z
"NATO’s largest exercise of the year is underway   10,000 troops   11 Allies    Taking place in Central Europe, #SteadfastDart26 will demonstrate that NATO’s Allied Reaction Force can quickly respond and defend against any threat",2,Western,NATO,2026-01-19T16:11:50.000Z
Learn more about Exercise Steadfast Dart →  jfcbs.nato.int/stdt26,2,Western,NATO,2026-01-19T16:13:15.000Z
"Croatia is now fully responsible for protecting its own airspace using new Rafale fighter jets, strengthening NATO’s collective air and missile defence   This milestone follows extensive training for pilots and ground crews to help them be ready for duty.   Read more:",2,Western,NATO,2026-01-19T15:04:08.000Z
"Spoke with  @POTUS  regarding the security situation in Greenland and the Arctic.  We will continue working on this, and I look forward to seeing him in Davos later this week.",2,Western,NATO,2026-01-18T16:42:15.000Z
NATO Special Rep for the Southern Neighbourhood  @JavierColominaP  travelled to Egypt where he  met FM Badr Abdelatty & other officials discussed NATO’s partnership w/ & further strengthening relations  visited the HQ of the League of the Arab States,2,Western,NATO,2026-01-16T16:44:04.000Z
"No matter the weather   Allied soldiers train year round to be ready to defend in any conditions. Snow, wind and cold are no obstacle.    soldiers training in the snow-covered Latvian forests",2,Western,NATO,2026-01-17T09:15:00.000Z
"❝We are born with the ability to survive in the forest❞  Conscripts of the Finnish Army brave freezing temperatures in the vast forests of  Lapland. Determined to defend their country, they rely on the spirit of sisu to endure the harshest winter conditions",2,Western,NATO,2026-01-16T13:39:02.000Z
LIVE: Watch  @SecGenNATO  Mark Rutte's keynote address at the Renew Europe Group,2,Western,NATO,2026-01-13T14:01:06.000Z
"In the High North, NATO naval forces remain present, vigilant, and ready.  A persistent maritime presence strengthens deterrence, awareness & security in northern waters — every day, in all conditions. #WeAreNATO #HighNorth #MaritimeSecurity",2,Western,NATO,2026-01-12T16:49:22.000Z
"At Banski Dvori, we welcomed  @SecGenNATO  Mark Rutte on a working visit . In 2025, Croatia invested 2.08% of GDP in defence, of which more than one third was allocated to the modernisation of the Croatian Armed Forces and the transition to Western military technology.  We are",2,Western,NATO,2026-01-12T14:59:11.000Z
. @SecGenNATO  visited Croatia  and met Prime Minister  @AndrejPlenkovic  and President Milanović.  He welcomed Croatia’s commitment to continue to increase its defence investment and commended its support for Ukraine.   Read more,2,Western,NATO,2026-01-12T20:08:16.000Z
"Glad to meet with President Milanović  @Ured_PRH   Croatia  is valued Ally and contributes significantly to our collective security – not only on our eastern flank and in the Western Balkans, but across NATO.",2,Western,NATO,2026-01-12T18:01:38.000Z
Great to be in Zagreb with PM  @AndrejPlenkovic   Croatia is a staunch #NATO Ally - making vital investments in defence - growing a robust & innovative defence industry - supporting Ukraine   - and helping sustain stability in the Western Balkans.,2,Western,NATO,2026-01-12T17:30:28.000Z
LIVE: Watch  @SecGenNATO  Mark Rutte's joint press conference with  Prime Minister  @AndrejPlenkovic,2,Western,NATO,2026-01-12T12:48:27.000Z
Training in the Arctic   NATO sea forces are practising together in the harsh conditions of the far north to keep this strategically important region safe,2,Western,NATO,2026-01-11T10:43:09.000Z
"32 years ago today, NATO Allies created the Partnership for Peace, a programme that brings NATO together with Euro-Atlantic partner countries to increase cooperation and build strengthened security relationships.   Learn more →  nato.int/en/what-we-do/ …",2,Western,NATO,2026-01-10T09:05:00.000Z
"This is Eastern Sentry    A multi-domain activity NATO launched in response to threats from the sky, that makes clear we are always ready to defend",2,Western,NATO,2026-01-02T10:01:00.000Z
"Retweet to join us in celebrating our Ally  Czechia!    January 1st 1993 marked Restoration Day of the Independent Czech State, following the peaceful separation of Czechoslovakia, which also led to the creation of the Slovak Republic    #WeAreNATO   @Czechia_NATO",2,Western,NATO,2026-01-01T10:03:44.000Z
"Welcome announcements from Croatia  and Romania  on latest steps to boost defence spending. This will help modernise their armed forces, enhance #NATO collective defence, and provide vital support to Ukraine  through PURL.",2,Western,NATO,2025-12-31T09:27:51.000Z
Happy New Year from all of us at NATO!,2,Western,NATO,2025-12-31T20:02:00.000Z
"Training mission for  soldiers evolves to keep pace with drone threats on the battlefield.  At an undisclosed location in the UK , Ukrainian military personnel worked alongside members of the  &  military, sharing their experience in using drones in combat operations",2,Western,NATO,2025-12-30T10:02:00.000Z
Look back at the decisions Allied Leaders made at the #NATOsummit earlier this year to make the Alliance stronger and keep our one billion people safe,2,Western,NATO,2025-12-29T09:02:00.000Z
"We are boosting defence production, but we need to be ready to produce more, faster, and together for a safer and more prosperous future for us all",2,Western,NATO,2025-12-28T13:02:00.000Z
"Training the next generation of Ukraine’s battlefield leaders.  The Lithuanian Army  has been training members of the Ukrainian Armed Forces . The course includes both classroom and field-based exercises focused on weapons handling, battlefield tactics, and procedures",2,Western,NATO,2025-12-27T09:02:00.000Z
". @SecGenNATO  Mark Rutte travelled to  Poland, where he met President  @NawrockiKn , and other high level officials. He also met and thanked personnel serving as part of NATO’s Forward Land Forces at the Bemowo Piskie training area   Learn more   nato.int/en/news-and-ev …",2,Western,NATO,2025-12-18T17:30:00.000Z
The winter paw-trol   A group of  Norwegian Army conscripts follow their trusty military working dog on a mission. What are they searching for in the snow-covered forest?,2,Western,NATO,2025-12-18T09:14:22.000Z
"It is a real pleasure to be in Bemowo Piskie  with Deputy Prime Minister  @KosiniakKamysz  to thank the servicemen and women who serve as part of #NATO’s Forward Land Forces for the important work that they do.  NATO stands united and ready, today and every day.",2,Western,NATO,2025-12-18T15:44:14.000Z
LIVE: Watch  @SecGenNATO  Mark Rutte's press conference with  Deputy PM & Defence Minister @KosiniakKamysz,2,Western,NATO,2025-12-18T13:15:03.000Z
"Great to be in Warsaw  meeting with President  @NawrockiKn Poland is a highly valued NATO Ally, making vital contributions to our shared security, leading by example on defence spending, and is a staunch supporter of Ukraine",2,Western,NATO,2025-12-18T09:53:05.000Z
"Moving personnel, equipment & supplies swiftly is indispensable for strong deterrence & defence.  Pleased to co-chair a meeting of the North Atlantic Council & Political & Security Committee with @FienBZ on military mobility.  #NATO-#EU cooperation is closer than ever.",2,Western,NATO,2025-12-17T17:49:59.000Z
Read more about  @SecGenNATO 's visit to Berlin,2,Western,NATO,2025-12-12T16:21:43.000Z
"Strength is in unity.   NATO’s multinational forces in  Latvia deter and defend against any threat.  Latvia is also protected by Eastern Sentry, NATO’s military activity that strengthens our defences in the eastern part of the Alliance",2,Western,NATO,2025-12-12T12:45:42.000Z
We stand together in NATO We have a plan We know what to do  —  @SecGenNATO  | #MSCinBerlin,2,Western,NATO,2025-12-11T16:25:00.000Z
I delivered a clear message in my speech in Berlin hosted by  @MunSecConf :   Allied defence spending and production must rise rapidly.  Our armed forces must have what they need to keep us safe.   And Ukraine must have what it needs to defend itself.   The time for action is now.,2,Western,NATO,2025-12-11T15:08:58.000Z
"❝NATO’s support means Ukraine can defend itself today, be in a strong position to secure a just and lasting peace, and be able to deter any Russian aggression in the future❞  Watch  @SecGenNATO 's  full #MSCinBerlin speech via the link in the thread ↓",2,Western,NATO,2025-12-11T15:00:57.000Z
"Training in technicolour   From the ground to the skies, Allies train side-by-side to stay prepared for anything, and look rather impressive doing it!",2,Western,NATO,2025-12-07T15:55:00.000Z
Repost to join us in celebrating our Ally  Finland on their Independence Day!    #WeAreNATO  @FinlandatNATO,2,Western,NATO,2025-12-06T09:38:57.000Z
"United we are stronger  NATO’s multinational forces in Hungary stand ready to deter aggression and defend  and Allied territory.  Hungary is also protected by ‘Eastern Sentry’, NATO’s new activity that boosts vigilance along the entire eastern part of the Alliance",2,Western,NATO,2025-12-05T10:43:34.000Z
". @DepSecGenNATO  participated in the Ministerial Council of  @OSCE  in Vienna , where she underlined the importance of the NATO-OSCE partnership  as well as OSCE’s valuable role in Euro-Atlantic security",2,Western,NATO,2025-12-05T14:30:15.000Z
Full story ⤵︎,2,Western,NATO,2025-12-05T14:30:16.000Z
Good to be in Vienna for the OSCE Ministerial Council.  @OSCE  is an important partner holding a valuable place in Euro-Atlantic security & the rules-based international order – close cooperation between our organisations is key for our shared security,2,Western,NATO,2025-12-05T12:40:29.000Z
"Good phone call with Lithuania’s FM  @BudrysKestutis  today on the challenges to security along our eastern flank.  NATO is ramping up our deterrence and defence, including through Eastern Sentry as well as with dedicated support to",2,Western,NATO,2025-12-04T16:45:43.000Z
Watch the press conference,2,Western,NATO,2025-12-03T16:25:20.000Z
LIVE: Watch  @SecGenNATO  Mark Rutte's press conference after the meeting of #NATO Foreign Ministers youtube.com/live/fpnKNlePs …  #ForMin,2,Western,NATO,2025-12-03T14:26:46.000Z
"Together with industry, we need to produce more and faster to be ready to deter any threats against the Alliance  #ForMin",2,Western,NATO,2025-12-03T13:42:42.000Z
#NATO Foreign Ministers gather for the last time this year for a family photo  #ForMin,2,Western,NATO,2025-12-03T11:28:44.000Z
@SecGenNATO  Mark Rutte spoke to press ahead of the #ForMin meeting at NATO. Foreign Ministers will meet and discuss:    Increasing defence investment   Ramping up defence industrial production  Continued support to Ukraine,2,Western,NATO,2025-12-03T11:23:51.000Z
Watch his doorstep statement ⤵︎,2,Western,NATO,2025-12-03T11:23:53.000Z
"Great to host Foreign Ministers to follow up on the implementation of the decisions taken at the #NATOsummit, including ramping up defence spending & production  We’ll also meet with  @andrii_sybiha  and  @kajakallas  to discuss our ongoing support to    #ForMin",2,Western,NATO,2025-12-03T07:55:29.000Z
This is Eastern Sentry    A multi-domain activity NATO launched in response to threats from drones that makes clear we are always ready to defend,2,Western,NATO,2025-12-03T10:03:34.000Z
Great introductory call with  @JPN_PMO  Takaichi  We discussed how security in the Indo-Pacific & Euro-Atlantic is inseparable. It's crucial we continue to deepen our strategic cooperation with #Japan to tackle security challenges across both regions.,2,Western,NATO,2025-12-01T15:26:33.000Z
That’s a wrap   Allies Carrier strike groups  Aircraft   The last phase of vigilance activity #NeptuneStrike 2025 reinforced freedom of movement across the Mediterranean Sea and through the southern and south-eastern parts of the Alliance,2,Western,NATO,2025-12-01T14:52:35.000Z
Read more ⤵︎,2,Western,NATO,2025-12-01T14:52:36.000Z
Repost to join us in celebrating our Ally  Romania on their National Day! #RomaniaNationalDay   #WeAreNATO   @RomaniaNATO,2,Western,NATO,2025-12-01T09:26:45.000Z
"The NATO Intelligence, Surveillance & Reconnaissance Force joined #NeptuneStrike, employing a remotely piloted aircraft   The vigilance activity brought together carrier strike groups, amphibious forces and air assets to showcase integrated maritime capabilities",2,Western,NATO,2025-11-30T10:14:33.000Z
Read more,2,Western,NATO,2025-11-30T10:14:34.000Z
"Allies united at sea - day and night   NATO Allies are joining forces across the Mediterranean, Baltic, and Black Seas for #NeptuneStrike - a major maritime vigilance activity showcasing our unity, readiness, and high-end capabilities",2,Western,NATO,2025-11-29T09:03:16.000Z
Repost to join us in wishing our Ally  Albania a happy National Day!   #WeAreNATO   @AlMissionNATO,2,Western,NATO,2025-11-28T10:36:46.000Z
Thank you  @andrii_sybiha  for your warm welcome to Kyiv . #NATO and #Ukraine’s close cooperation will only continue,2,Western,NATO,2025-11-26T11:36:20.000Z
"Today, I met with NATO Deputy Secretary General Radmila Šekerinska  @DepSecGenNATO  during her visit to Ukraine. I was pleased to hear that support for our country continues to remain among the top priorities for members of the Alliance.  We reaffirmed the effectiveness of the PURL",2,Western,NATO,2025-11-25T18:55:09.000Z
I was glad to meet President  @ZelenskyyUa  & join a meeting of the Coalition of the Willing  Welcome the progress made in Geneva. We all want to see this war end and ensure a just & lasting peace  #NATO continues to support  including through the PURL mechanism,2,Western,NATO,2025-11-25T20:25:02.000Z
It was good to be in Kyiv   Deeply impressed by the strength and resilience of the Ukrainian people  #NATO continues to stand with you - our support remains unwavering in the push for a just and lasting peace,2,Western,NATO,2025-11-25T20:03:27.000Z
"Elite shooters. One competition   Sniper teams from across Europe push their limits during the US-led best sniper competition in Germany.   The annual event tests precision, teamwork, and endurance through demanding, realistic scenarios",2,Western,NATO,2025-11-25T09:18:27.000Z
"❝There simply is no strong defence without a strong and also an innovative industry❞ @SecGenNATO  Mark Rutte spoke at the NATO Cloud Conference, emphasising the critical role of industry in bolstering the Alliance's digital defences   More info:  nato.int/en/news-and-ev …",2,Western,NATO,2025-11-24T16:16:22.000Z
"+ Aircraft,  Carriers,  Alliance  Aircraft carrier strike groups from  &  sail as one  in the Mediterranean Sea while under  @NATO  command during #NeptuneStrike 25-4 . A powerful display of Allied strength, seamless interoperability, and credible deterrence in",2,Western,NATO,2025-11-24T11:47:39.000Z
"More than 2,200  Finnish soldiers are taking part in a major artillery exercise in Lapland   The exercise focuses on integrating dispersed artillery units and ensuring they can deliver precise, coordinated fire in harsh northern conditions",2,Western,NATO,2025-11-24T12:49:36.000Z
"Mission ready and now under  @NATO  command, this is HMS Prince of Wales calling    #NATOFirst #WeAreNATO",2,Western,NATO,2025-11-18T10:08:52.000Z
"Together, we are stronger   Over 1,000 personnel and more than 50 aircraft from France , Greece , Italy , the UK , and the US  exercised side by side in Italy. The exercise showcased air, sea, and land assets working seamlessly together",2,Western,NATO,2025-11-18T16:01:45.000Z
Read the full story here:,2,Western,NATO,2025-11-18T16:01:46.000Z
Repost to join us in celebrating our Ally  Latvia on their Independence Day!    #WeAreNATO   @LV_NATO,2,Western,NATO,2025-11-18T08:37:48.000Z
"❝Finland has always recognised the importance of security, and you know what it takes to deliver it.❞   —  @SecGenNATO  Mark Rutte at a joint press conference with  President  @alexstubb",2,Western,NATO,2025-11-17T16:23:27.000Z
Today's visit at NATO HQ is yet another indication of our close cooperation and of Finland’s commitment to NATO.  In our discussion with  @SecGenNATO  we focused on supporting Ukraine in its defence against Russia’s war of aggression and on strengthening the defence and deterrence,2,Western,NATO,2025-11-17T13:05:04.000Z
"LIVE: Watch  @SecGenNATO  Mark Rutte's joint press statement with Minister-President of State of North Rhine-Westphalia  @HendrikWuest   and Commander #NATO Airborne Early Warning and Control Force, Major General Andreas Korb",2,Western,NATO,2025-11-13T13:33:29.000Z
"NATO Secretary General  @SecGenNATO  Mark Rutte visited JFC Brunssum HQ following the successful completion of Exercise #SteadfastDuel25.  “You are the ones who keep us safe,”  he emphasized during his visit.  #WeAreNATO | #StrongerTogether",2,Western,NATO,2025-11-13T12:50:54.000Z
"Excellent visit to the NATO Allied Joint Force Command Brunssum  @NATOJFCBS . Thank you, General Gerhartz for the warm welcome & the men and women here in Brunssum for the important work to keep NATO’s posture strong and credible",2,Western,NATO,2025-11-13T12:53:46.000Z
"Denmark  Estonia  Finland  Iceland  Latvia  Lithuania  Norway  & Sweden  announced that they will fund a joint $500 million package of military equipment & munitions for #Ukraine sourced from the US , under #NATO’s PURL initiative    bit.ly/4nRnJ3a",2,Western,NATO,2025-11-13T12:26:12.000Z
LIVE: Watch  @SecGenNATO  Mark Rutte's joint press statement with Commander General Ingo Gerhartz at #NATO Allied Joint Force Command Brunssum  @NATOJFCBS,2,Western,NATO,2025-11-13T10:50:29.000Z
"Allied submarines, ships, and aircraft came together in the Baltic Sea  for a NATO exercise hosted by Sweden   The training boosts teamwork and readiness to face threats beneath the surface     mc.nato.int/media-centre/n …",2,Western,NATO,2025-11-13T08:20:08.000Z
Very happy to take part in the NORDEFCO meeting where we discussed with      how to further strengthen our deterrence and defence in the Nordic region. The Artic matters for the security of all Allies.,2,Western,NATO,2025-11-12T22:56:45.000Z
"Innovation is vital to our security   From AI to drones, NATO turns ideas into real capabilities, keeping Allied forces effective and resilient against emerging challenges",2,Western,NATO,2025-11-12T09:50:00.000Z
"Over a two-day visit,  @SecGenNATO  thanked Romania for its contributions to Alliance defence and security, and addressed NATO’s premier outreach event with the defence industry #NIF25  Learn more via the link in the thread ↓",2,Western,NATO,2025-11-06T19:38:06.000Z
Full story:  nato.int/cps/en/natohq/ …,2,Western,NATO,2025-11-06T19:38:07.000Z
"#NATO & industry are working together to keep the Alliance prepared, agile & ahead of emerging threats. At the  @NATO -Industry Forum, leaders explored how to turn innovation into capability, faster & at scale. #WeAreNATO #NIF25",2,Western,NATO,2025-11-06T14:59:19.000Z
"❝To stay safe in the future, we need to outsmart our adversaries, drawing on all our strengths❞   —  @SecGenNATO  Mark Rutte at the NATO-Industry Forum #NIF25",2,Western,NATO,2025-11-06T16:02:00.000Z
"Fantastic visit to the Bucharest Mechanical Factory (UMB). With rising capability needs, discussed plans to scale up production & how #NATO can better support the defence industry. Welcome the dedication to innovation & security!",2,Western,NATO,2025-11-06T10:21:44.000Z
"We are boosting defence production, but we need to be ready to produce more, faster, and together for a safer and more prosperous future for us all  #NIF25 |  @NATO_ACT",2,Western,NATO,2025-11-06T09:35:15.000Z
"Great to take part in the #NATO-Industry Forum in Bucharest.   There is no strong defence without a strong defence industry – and the threats we face are real and lasting. So we must be prepared.  By working together, we can deliver greater security as well as economic growth.",2,Western,NATO,2025-11-06T14:57:16.000Z
"This morning,  @SecGenNATO  spoke at the NATO-Industry Forum in Bucharest , where he underlined that there is no strong defence without a strong defence industry  #NIF25",2,Western,NATO,2025-11-06T11:44:40.000Z
"Glad to address the Civilian Planning Conference in Stockholm - showing the importance of boosting awareness, preparedness & resilience across our societies.  And Sweden is leading the way - thank you for organising & your valuable contributions to NATO bit.ly/4oR7lR9",2,Western,NATO,2025-11-04T12:20:24.000Z
"Welcome to the High North   Allies are training across Norway and Sweden in a US-led exercise. Nearly 400  US,  Danish,  Norwegian &  Swedish soldiers are showing they can rapidly deploy to arctic and subarctic environments",2,Western,NATO,2025-11-04T08:35:20.000Z
"The Finnish Air Force is training its newest pilots at Lapland Air Force Base in Rovaniemi  Young pilots are gaining hands-on experience, while soon-to-be-discharged conscripts are preparing for their final exercises",2,Western,NATO,2025-11-02T08:57:55.000Z
"Big milestone! A new multinational special forces command, led by Hungary, is now fully up and running.  Austria, Croatia, Hungary, Slovakia & Slovenia can now work together faster on important missions and support NATO/EU operations    Find out more via the link in the",2,Western,NATO,2025-10-31T15:10:43.000Z
nato.int/cps/en/natohq/ …,2,Western,NATO,2025-10-31T15:10:43.000Z
"From the Arctic to the Black Sea, NATO stands ready to defend every inch of Allied territory   In response to growing threats, the Alliance has reinforced its eastern part with more forces and stronger defence plans.  Learn more using the link in the thread",2,Western,NATO,2025-10-31T13:42:32.000Z
"From AI to autonomous systems, new innovations are reshaping the way NATO operates, bringing both challenges and opportunities.   Learn more about how NATO stays ahead in a ever-changing tech landscape by clicking the link in the thread!",2,Western,NATO,2025-10-30T16:30:48.000Z
"Swedish and  US soldiers train side by side in Sweden, strengthening teamwork and readiness across the Arctic.  Our strength lies in unity",2,Western,NATO,2025-10-27T12:14:50.000Z
"Unseen. Unheard. Unmatched.  Snipers deployed with NATO Multinational Brigade Latvia train relentlessly to master stealth, marksmanship and endurance",2,Western,NATO,2025-10-26T08:45:21.000Z
"Yesterday,  @SecGenNATO  Mark Rutte took part in a meeting of the Coalition of the Willing in London , where leaders discussed continued support for Ukraine   Tap to read his statement from the press conference →  nato.int/cps/en/natohq/ …",2,Western,NATO,2025-10-25T11:42:51.000Z
. @SecGenNATO  Mark Rutte joins leaders for a meeting of the Coalition of the Willing in London to discuss continued support for Ukraine    Tap to read his full press statement →  nato.int/cps/en/natohq/ …,2,Western,NATO,2025-10-24T21:28:00.000Z
Glad to join Allies & partners to discuss how we can support a fair and just peace for Ukraine & how we can increase the pressure on Russia to get there. I welcome recent announcements of additional military aid. Developments on the battlefield show that our support to  is,2,Western,NATO,2025-10-24T17:28:09.000Z
NATO was founded on United Nations Charter principles and we share a commitment to maintaining international peace and security  #UNDay |  @UN,2,Western,NATO,2025-10-24T09:53:48.000Z
"Met Defence Minister Ahn Gyu-Back. The Republic of Korea is a close partner of NATO, we share values & concerns. It’s important to work together for our shared security, incl by strengthening our practical cooperation on issues such as interoperability, defence industry & cyber",2,Western,NATO,2025-10-20T08:15:20.000Z
"NATO opened a new Combined Operations Centre in  Norway, enhancing the Alliance’s ability to lead and coordinate air operations across the Nordic region, the Arctic, and throughout the Alliance    ac.nato.int/archive/2025-2 …",2,Western,NATO,2025-10-20T09:15:22.000Z
"aircraft from  Allied countries are taking part in NATO’s annual nuclear deterrence exercise, Steadfast Noon.   This long-planned, routine training event is part of NATO’s ongoing efforts to maintain readiness and promote transparency regarding its nuclear posture",2,Western,NATO,2025-10-19T15:45:57.000Z
Two F-35s from NATO’s Quick Reaction Alert (QRA) at Evenes  scrambled yesterday – the first live mission directed by the new CAOC Bodø.  The jets identified a  IL-20 COOT-A intelligence aircraft flying in international airspace north of Finnmark,2,Western,NATO,2025-10-16T06:56:05.000Z
"@BeAirForce  welcome their first F-35 fighter jets   These cutting-edge aircraft, widely considered the most technologically advanced on the planet, will help better defend NATO airspace  Belgian pilots flew their new planes from the US to Florennes Air Base this week",2,Western,NATO,2025-10-17T08:53:00.000Z
"In response to recent violations of NATO airspace, Allies have taken action.   Learn about NATO’s Eastern Sentry, a multi-domain activity that strengthens our defences even further",2,Western,NATO,2025-10-16T12:02:00.000Z
"During #DefMin in Brussels, Defence Ministers will discuss how to make NATO’s deterrence and defence even stronger, building on the decisions taken at the #NATOsummit in The Hague",2,Western,NATO,2025-10-15T08:54:10.000Z
LIVE: Watch  @SecGenNATO  Mark Rutte's press conference  #DefMin,2,Western,NATO,2025-10-15T12:11:17.000Z
"As efforts to secure a just and lasting peace continue, NATO’s support for Ukraine to defend itself today and deter aggression tomorrow remains steadfast  #StandWithUkraine  | #DefMin",2,Western,NATO,2025-10-15T11:45:39.000Z
Defence Ministers gather for a family photo at #NATO HQ   #DefMin,2,Western,NATO,2025-10-15T10:55:25.000Z
"Defence Ministers are discussing the progress on NATO's new capability targets during #DefMin, ensuring that we have the best armed forces equipped and ready to protect our people",2,Western,NATO,2025-10-15T10:33:52.000Z
Good to see   @SecWar  Pete Hegseth again. NATO is stronger than ever & fairer: European Allies & Canada are pulling their weight and stepping up to equalise defence spending with the US. Looking forward to continue working together to keep our fighting forces powerful & preserve,2,Western,NATO,2025-10-15T08:28:59.000Z
Happy to welcome Defence Ministers to NATO for the first time since the #NATOsummit in The Hague.  Allies are continuing to step up to make our Alliance stronger than ever. Looking forward to our discussions today.,2,Western,NATO,2025-10-15T07:53:01.000Z
LIVE: Watch  @SecGenNATO  Mark Rutte's press conference with  Prime Minister Robert Golob  @vladaRS youtube.com/live/2FVRqhEKO …,2,Western,NATO,2025-10-13T12:56:13.000Z
Glad to be in Ljubljana  to speak at the NATO Parliamentary Assembly  @natopa . We live in a more dangerous world & the risks to our security have reach.  Parliamentarians play a pivotal role in raising awareness in our societies. We all need to work together to keep our 1bn,2,Western,NATO,2025-10-13T11:04:30.000Z
LIVE: Watch  @SecGenNATO  Mark Rutte at the #NATO Parliamentary Assembly in Ljubljana,2,Western,NATO,2025-10-13T08:36:36.000Z
Repost to join us in celebrating our Ally  Spain on their National Day!   Feliz #FiestaNacional de España! #12Octubre   #WeAreNATO   @SpainNATO,2,Western,NATO,2025-10-12T08:25:04.000Z
"Czechia  has deployed a helicopter unit to eastern Poland for NATO’s Eastern Sentry   The vigilance activity involves air, land and sea capabilities, connecting Allies from the High North to the Black Sea and beyond",2,Western,NATO,2025-10-11T08:32:52.000Z
"Supreme Allied Commander Europe Gen Alexus G. Grynkewich hosted a visit of  @SecGenNATO  & #NATO Ambassadors to  @SHAPE_NATO During the visit, they discussed the importance of strengthening NATO’s deterrence and defence & continuing support to Ukraine bit.ly/4o6U1rA",2,Western,NATO,2025-10-10T12:47:35.000Z
"Welcome, Secretary General, and Welcome, North Atlantic Council!  Yesterday, SACEUR Gen. Alexus G. Grynkewich welcomed  @SecGenNATO  Mark Rutte and the North Atlantic Council, the principal political decision-making body within  @NATO , to SHAPE.",2,Western,NATO,2025-10-10T07:14:00.000Z
"❝No one stands alone in NATO.❞  At the Cyber Defence Conference 2025,  @SecGenNATO  Mark Rutte highlighted how Allies are working together to stay secure in the digital age     Tap to read more",2,Western,NATO,2025-10-10T12:38:51.000Z
Ukrainian Army  veterans share lessons on drone warfare with NATO troops in Poland  Watch a former drone operator from Ukraine share his frontline experience with soldiers from the UK and the US,2,Western,NATO,2025-10-03T11:08:05.000Z
"Glad to reiterate my congratulations to President Maia Sandu  @sandumaiamd  in person on the elections held in Moldova last week. NATO cooperation with  supports defence reform, cyber security, and resilience",2,Western,NATO,2025-10-03T17:39:12.000Z
"Today, as part of the Moldova Growth Plan, we are delivering €189 million following the successful completion of 24 key reforms.  Moldova is advancing reforms at record speed, boosting investor confidence and reshaping its future.",2,Western,EU_Commission,2026-03-17T11:13:51.000Z
"Statement with  @eucopresident  on the Druzhba pipeline   Following the renewed Russian strikes on January 27 on the Druzhba pipeline, leading to the interruption of crude oil supplies to Hungary and Slovakia, we have engaged in intense discussions with Member States and Ukraine at",2,Western,EU_Commission,2026-03-17T10:47:09.000Z
"When a crisis stops making headlines, the suffering goes on. We stay too.  We're delivering €36 million in humanitarian aid to Mozambique and neighbouring countries in Southern Africa.  We're providing food, water, and safety to those who need it most ↓ link.europa.eu/mR4bxv",2,Western,EU_Commission,2026-03-16T16:00:06.000Z
"Building Europe’s digital future.     With €75 million supported by  @HorizonEU , we are building a federated Telco-Edge-Cloud infrastructure to secure high-speed computing and ensure Europe’s digital services are powered by our own infrastructure ↓     link.europa.eu/DYdTNP",2,Western,EU_Commission,2026-03-11T15:49:02.000Z
Europe’s first responsibility is to protect our citizens and prepare for the impacts of the conflict in the Middle East.  We are already seeing the impact of the situation in the Middle East on energy ↓,2,Western,EU_Commission,2026-03-11T08:20:21.000Z
"Rising oil prices and uncertainty make the clean energy transition more urgent than ever.  Today, we’re presenting a new set of initiatives to boost clean energy investment, strengthen Europe’s energy independence, and help lower energy prices",2,Western,EU_Commission,2026-03-10T18:37:05.000Z
"Citizen’s Energy Package – with concrete actions to reduce household bills, empower citizens to actively participate in the clean energy transition and fight against energy poverty.",2,Western,EU_Commission,2026-03-10T18:37:06.000Z
All information on our measures to increase the EU’s energy independence and affordability here:  link.europa.eu/vc4M4x,2,Western,EU_Commission,2026-03-10T18:37:06.000Z
"The EU has mobilised emergency aid for Lebanon.  It includes food and medical kits, shelter materials, and winter clothing kits to meet the urgent and rising humanitarian needs in the country.  Read more:  link.europa.eu/KxTrT3",2,Western,EU_Commission,2026-03-10T16:41:58.000Z
"Europe needs homegrown, low-carbon energy sources.  Nuclear & renewables together have a key role to play  Nuclear energy is available around the clock, providing electricity all year.  Europe has been a pioneer in nuclear technology. And can lead again ↓",2,Western,EU_Commission,2026-03-10T10:08:43.000Z
"Today, 356 European citizens stranded in the Middle East have been brought home under the EU Civil Protection Mechanism.  More flights are planned in the coming days as 23 countries have requested EU assistance. link.europa.eu/GxBbgd",2,Western,EU_Commission,2026-03-09T17:02:00.000Z
"We are seeking feedback on measures to alleviate pressure on the housing market, which will help shape the Affordable Housing Act.  Interested parties can respond to a questionnaire by 29 March 2026 and answer a call for evidence by 3 April 2026↓ link.europa.eu/JKbmrT",2,Western,EU_Commission,2026-03-06T16:32:22.000Z
"Today, Europe’s energy system is cleaner, much more diverse - and much more stable than a few years ago.  Yet the developments in the Middle East remind us once again of the risks of relying still too much on fossil fuels.  That is why we must continue improving the functioning",2,Western,EU_Commission,2026-03-06T11:56:50.000Z
We've launched negotiations with Canada for a Digital Trade Agreement.  This will make it easier and safer to do [EU-CA] business online and across borders and provide stronger protections for consumers↓    link.europa.eu/pTTf6h,2,Western,EU_Commission,2026-03-06T11:50:41.000Z
"We must protect the ocean.  It shapes our climate, our safety and our future.  That’s why we are stepping up our efforts.  By 2030, the EU will deliver a fully operational European Ocean Observation System.  Protecting the ocean starts with understanding it.",2,Western,EU_Commission,2026-03-06T09:07:31.000Z
"Today, I hosted the first meeting of a special panel on child safety online.  For decades, we have made the real world safer for children and we must do the same in the digital world.  The positive opportunities that technology offers cannot come at the cost of their safety,",2,Western,EU_Commission,2026-03-05T15:37:15.000Z
"Equality is gaining speed.  The EU reached 63.4/100 in the #GenderEquality Index 2025.  Progress is ongoing, and we’re accelerating.  The Gender Equality Strategy 2026–2030 covers all areas of life.  Dive deeper   link.europa.eu/nVjj3K",2,Western,EU_Commission,2026-03-05T14:29:12.000Z
LIVE｜Statements on the EU-Switzerland partnership,2,Western,EU_Commission,2026-03-02T10:16:29.000Z
"I talked with President  @christodulides  who briefed me on the single incident that occurred shortly after midnight involving an unmanned aerial vehicle targeting the British base in Akrotiri.  While the Republic of Cyprus was not the target, let me be clear: we stand",2,Western,EU_Commission,2026-03-02T06:32:59.000Z
"Good phone call  @RTErdogan  of Türkiye tonight.  The instability in the region impacts us both profoundly, so close coordination is essential.   We have each been in contact with key regional partners today to assess the situation and discuss steps to de-escalate.  I welcome",2,Western,EU_Commission,2026-03-01T19:17:19.000Z
I spoke with His Majesty the Sultan of Oman Haitham bin Tariq this evening.   I strongly condemned the Iranian attacks on Oman’s territory and expressed Europe’s full solidarity.  I am grateful for the role Oman has played in the indirect negotiations between the US and Iran.,2,Western,EU_Commission,2026-03-01T18:26:17.000Z
"The Iranian strikes in Manama were unjustified and unacceptable, I told HRH Prince Salman bin Hamad Al Khalifa Crown Prince and Prime Minister of Bahrain.  I expressed my full solidarity with the people of Bahrain.  The country has been a consistent voice of wisdom, driving",2,Western,EU_Commission,2026-03-01T17:46:38.000Z
"I just spoke to Crown Prince Mohammed bin Salman of Saudi Arabia.  As our strategic partner, we will work closely with you to de-escalate and safeguard regional stability.  You can count on our full support in these turbulent times.  The European Union–Gulf Cooperation Council",2,Western,EU_Commission,2026-03-01T15:11:00.000Z
"Off the phone with Sheikh Tamim bin Hamad Al Thani of Qatar.  We discussed the aftermath of Iran’s reckless and indiscriminate strikes on the country.  With the region in deep upheaval, Qatar can count on strong European solidarity.   Just as we could count on Qatar’s support to",2,Western,EU_Commission,2026-03-01T14:57:51.000Z
"I just spoke with  @KingAbdullahII  of Jordan. We stand in full solidarity with the Hashemite Kingdom of Jordan following yesterday’s Iranian strikes.  With Khamenei gone, there is renewed hope for the people of Iran. We must ensure that the future is theirs to claim and shape.",2,Western,EU_Commission,2026-03-01T11:06:03.000Z
Medicine manages HIV.  Compassion heals the spirit.  Yet:  1 in 4 face discrimination in healthcare  24% experience community exclusion  This #ZeroDiscriminationDay we stand together to ensure that nobody walks this path alone.  Let’s create an environment of support.,2,Western,EU_Commission,2026-03-01T08:41:10.000Z
"Following the ongoing situation in Iran, I am convening a special Security College on Monday.   For regional security and stability, it is of the utmost importance that there is no further escalation through Iran’s unjustified attacks on partners in the region.",2,Western,EU_Commission,2026-02-28T14:44:48.000Z
The developments in Iran are greatly concerning. We remain in close contact with our partners in the region.  We reaffirm our steadfast commitment to safeguarding regional security and stability.   Ensuring nuclear safety and preventing any actions that could further escalate,2,Western,EU_Commission,2026-02-28T10:24:28.000Z
"Foi um prazer encontrar-me com  @presidencia  Marcelo Rebelo de Sousa no final do seu mandato.  Gostaria de lhe agradecer por ter liderado Portugal ao longo destes dez anos turbulentos.   Representa o espírito democrático de Portugal.  Em momentos de serenidade, foi uma presença",2,Western,EU_Commission,2026-02-27T12:02:47.000Z
"Today, we have singed the EU-UK Competition Cooperation Agreement.  It aims to ensure smooth interactions between the EU and UK on competition matters, and maintain fair and competitive markets to the benefit of consumers, businesses and innovation. link.europa.eu/Hv7Xpb",2,Western,EU_Commission,2026-02-25T16:49:15.000Z
"We have proposed to open negotiations to extend the EU’s 'Roam Like at Home' regime to the Western Balkan.  This would allow people travelling between the EU and Western Balkans to call, text and use mobile data without roaming surcharges.   More:  link.europa.eu/fWytmd",2,Western,EU_Commission,2026-02-25T15:31:56.000Z
"Russian attempts to freeze Ukraine into submission will fail.  In Kyiv, President von der Leyen showed our commitment is as unshaken as the Ukrainian people.  We've launched a €920 million ‘Repair, Rebuild, Restart’ plan to stabilise the energy system.  Helping Ukraine resist.",2,Western,EU_Commission,2026-02-24T16:54:53.000Z
"The G7 affirms its continued commitment to Ukraine.  We fully support the ongoing efforts for peace.   Europe has a leading role to play in this process, together with other partners.  Full G7 leaders' statement  ↓ link.europa.eu/GThyft",2,Western,EU_Commission,2026-02-24T16:52:30.000Z
"Dear President  @ZelenskyyUa , it is clear that the future of a democratic and prosperous Ukraine is in the EU.  You have made a lot of progress in your reform efforts under the toughest of circumstances.   Now, Ukraine must keep pushing forward.  Keep strengthening its",2,Western,EU_Commission,2026-02-24T16:25:00.000Z
"On the eve of the 4th anniversary of Russia’s full-scale war, we raise the Ukrainian flag at our headquarters.  So it can fly proudly at the heart of our Union, where it belongs.   One day Ukraine will be safe.  Ukraine will be free.  Ukraine will be part of our European family.",2,Western,EU_Commission,2026-02-23T17:31:01.000Z
Europe's symbol of resilience and hope.  The flag we raise today embodies the unyielding spirit of a nation that has for four years been fighting full-scale unprovoked violence and destruction.  Ukraine’s cause is the cause of just peace on our continent.  #StandWithUkraine,2,Western,EU_Commission,2026-02-23T15:54:17.000Z
Gefeliciteerd  @RobJetten  on being sworn in as Prime Minister of the Netherlands.  From economy to security - together we will work for the benefit of the Netherlands and all of Europe.  I look forward to our close cooperation and to welcoming you here in Brussels next week.,2,Western,EU_Commission,2026-02-23T10:26:55.000Z
"#MilanoCortina2026 highlighted our shared commitment to inclusion, diversity and sustainability.  Europe is proud to have hosted this global celebration of talent, tenacity and teamwork.  The flame may have gone out, but the spirit of unity shines on across Europe and beyond.",2,Western,EU_Commission,2026-02-22T21:51:49.000Z
"As the #MilanoCortina2026 Winter Olympic Games conclude, we thank all those who contributed to their success.  These Winter Olympic Games have showcased and given global recognition to extraordinary athletic excellence, discipline, and respect — values that sport embodies in",2,Western,EU_Commission,2026-02-22T21:39:44.000Z
Final count of the EU countries’ medals at #MilanoCortina2026,2,Western,EU_Commission,2026-02-22T16:21:09.000Z
"We request full clarity on the steps the United States intends to take following the recent Supreme Court ruling on the International Emergency Economic Powers Act.  EU companies and exporters must have fair treatment, predictability and legal certainty. link.europa.eu/NbtNVH",2,Western,EU_Commission,2026-02-22T14:58:15.000Z
"Instead of discarding, businesses are encouraged to:   Manage stock and returns better  Prioritise resale, donations, and remanufacturing.  More",2,Western,EU_Commission,2026-02-16T14:54:01.000Z
#MilanoCortina2026   EU countries’ medals so far (total),2,Western,EU_Commission,2026-02-15T10:06:14.000Z
"Five European nations have determined that Russia poisoned Alexei Navalny.   This was a cowardly act from a frightened leader.  Russia has long acted as a terrorist state, relying on terrorist methods.  Poisoning political opponents. Silencing journalists. Invading peaceful",2,Western,EU_Commission,2026-02-14T14:13:25.000Z
"Europe and the UK should come closer together – on security, on economy or on defending our democracies.  Ten years on from Brexit, our futures are as bound as ever.  So, it is in our common interest to be ambitious about our partnership.",2,Western,EU_Commission,2026-02-14T10:06:11.000Z
"A strong Europe steps up, takes on its responsibility.  And brings its mutual defence clause to life.  This is Europe’s meaning.  But this commitment only carries weight if it is built on trust and capability.  This is why we must be collectively ready.",2,Western,EU_Commission,2026-02-14T09:12:17.000Z
"The Berlin format remains steadfast in their commitment to a free and sovereign Ukraine.  We reaffirmed our readiness to provide strong security guarantees after the fighting ends, with a crucial US backstop and monitoring role.  At the same time, European, US, and Ukrainian",2,Western,EU_Commission,2026-02-13T17:07:52.000Z
Europe is on track for protecting its people:   74% back current or increased defence spending  52% trust the EU to strengthen our security  53% want space policy to prioritize defence  Read more about our latest Eurobarometer:  link.europa.eu/VXmwkq,2,Western,EU_Commission,2026-02-13T13:30:04.000Z
1 in 6 children in Europe face cyberbullying. It is our duty to protect them!  This is our Action Plan against Cyberbullying:   Simple reporting via a new EU-wide app   Digital literacy skills   Clear guidelines for platforms  Today is Safer Internet Day. We protect what,2,Western,EU_Commission,2026-02-10T16:52:18.000Z
"EU GOVSATCOM provides secure, robust and resilient satellite communications for emergency services and public authorities across Europe, even when situations are unpredictable.  All EU countries can access sovereign, secure and encrypted satellite communications for government",2,Western,EU_Commission,2026-02-09T15:47:27.000Z
"We've launched our largest Chips Act pilot line: NanoIC.  With a total investment of €2.5 billion, NanoIC will accelerate the development of next-generation semiconductor technology, essential for AI development, autonomous vehicles, healthcare and 6G mobile technology.",2,Western,EU_Commission,2026-02-09T13:47:26.000Z
"We've notified Meta of possible interim measures to reverse exclusion of third-party AI assistants from WhatsApp.  In Europe, dominant tech companies cannot be allowed to abuse their market power for unfair advantage. link.europa.eu/MkBYfR",2,Western,EU_Commission,2026-02-09T12:04:27.000Z
Warm congratulations to Prime Minister  @takaichi_sanae  on her landmark victory in today’s  elections.  Looking forward to renewed impetus to deepen the EU–Japan strategic partnership across the board.  From competitiveness and innovation to cooperation on economic security and,2,Western,EU_Commission,2026-02-08T20:40:15.000Z
"Parabéns, António José Seguro, pela eleição como Presidente da República.   Os cidadãos portugueses fizeram ouvir a sua voz e, perante a devastação causada pelas tempestades, demonstraram uma notável resiliência democrática.   A voz de Portugal na defesa dos nossos valores",2,Western,EU_Commission,2026-02-08T21:22:30.000Z
What’s your favourite winter sport to watch? #MilanoCortina2026,2,Western,EU_Commission,2026-02-08T08:01:03.000Z
Go team EU!  #MilanoCortina2026,2,Western,EU_Commission,2026-02-07T10:44:13.000Z
"Our flag shone brightly on the Arco della Pace at the Opening Ceremony of the #MilanoCortina2026 Olympic Winter Games.  A symbol of peace and prosperity, a journey defined by cooperation and unshakable solidarity.  Let’s go EU athletes!   Jamie Squire / Getty Images",2,Western,EU_Commission,2026-02-06T22:49:30.000Z
"Tour d’horizon avec le président  @EmmanuelMacron  des sujets d’actualité avant notre sommet européen de la semaine prochaine.  Compétitivité, innovation, Investissements, croissance, emploi, défense, sécurité :   c’est notre agenda commun pour l’indépendance de notre continent.",2,Western,EU_Commission,2026-02-05T11:55:47.000Z
"Submarine data cables are essential for modern life and the European economy.  With increasing risks to this critical infrastructure, we are intensifying our efforts to enhance our security and resilience.  More info:  link.europa.eu/VJF7qC",2,Western,EU_Commission,2026-02-05T14:31:44.000Z
"The EU is hiring graduates - from all study field!  The main entry-level competition (AD5) is opening again for the first time since 2019.  All you need is a university degree, fluency in two official EU languages, and EU citizenship.   Apply via EPSO:  link.europa.eu/gmMgbk",2,Western,EU_Commission,2026-02-05T13:48:54.000Z
"Good news: Europe, Japan, and the US will work with others on collective resilience through a plurilateral trade initiative on critical minerals.  Together, we will build strong and diversified supply chains to secure the materials needed to power our economies.  Next step: a",2,Western,EU_Commission,2026-02-04T18:28:02.000Z
"Good exchange with  @KGeorgieva  on Europe’s competitiveness.   A strong starting point for today’s discussions at our College seminar.  In a world of sharp competition and short horizons, we are building Europe’s competitiveness.  It begins with strength at home.   With jobs and",2,Western,EU_Commission,2026-02-04T08:50:13.000Z
"This #WorldCancerDay marks 5 years of Europe’s Beating Cancer Plan.  Under the Plan, more than €2.7 billion has been invested in actions to improve prevention, early detection, treatment and care across Europe, as well as to improve the quality of life for cancer patients.",2,Western,EU_Commission,2026-02-04T08:20:22.000Z
"We are providing Ukraine and Moldova - who is hosting refugees - with €153 million in emergency humanitarian aid, as millions face freezing temperatures without power following sustained Russian attacks on energy infrastructure. link.europa.eu/WxVQmt",2,Western,EU_Commission,2026-01-29T13:44:14.000Z
"€650 million. 14 cross-border energy projects.  One goal: clean, affordable energy for everyone.  Discover them",2,Western,EU_Commission,2026-01-28T15:43:52.000Z
Construction of the Reversable Pumped-Storage Hydroelectric Power Plant AGUAYO II.  Baltic Cooperation in Critical Synchronisation Infrastructure Protection.  CARMEN: Smart Grids Increasing RES and Interconnectivity in the SEE Region.  Modernization of hydro,2,Western,EU_Commission,2026-01-28T15:44:07.000Z
More info:  link.europa.eu/GHgwq6,2,Western,EU_Commission,2026-01-28T15:44:08.000Z
"Today we remember the six million Jewish women, men and children, hundreds of thousands of Roma, and all the other victims murdered during the Holocaust.  We also mark the 81st anniversary of the liberation of the Nazi concentration and extermination camp Auschwitz-Birkenau.  It",2,Western,EU_Commission,2026-01-27T17:52:32.000Z
"We do not just trade more. We invest in each other’s future.  Our strengths complement each other.   And our scale gives us global influence.   Now with these agreements, we can scale even greater heights.",2,Western,EU_Commission,2026-01-27T16:10:55.000Z
"The EU and Brazil concluded agreements to create the largest area of free and safe data flows in the world, benefitting a combined 670 million people on both sides.  More:  link.europa.eu/KQhXMk",2,Western,EU_Commission,2026-01-27T15:43:43.000Z
"Today, we have established a task force to maintain and reinforce the EU's ability to ensure imports meet Union standards, while supporting the jobs and growth of EU producers.  Read more:  link.europa.eu/8MPMB7",2,Western,EU_Commission,2026-01-27T13:18:37.000Z
"Over one million Ukrainians are without electricity, water and heating in freezing temperatures following Russian strikes on energy infrastructure.   The 447 new generators will restore power to hospitals, shelters and critical services.  More:  link.europa.eu/Xw3Y3B",2,Western,EU_Commission,2026-01-23T11:58:37.000Z
"Europe, standing firm and united in full solidarity with Greenland and Denmark, has us in a better place.  We are stepping up Arctic investments in energy, materials, and security, including new partnerships in the region. ↓",2,Western,EU_Commission,2026-01-23T10:52:25.000Z
"For Ukraine, amid Russia's attacks, 447 generators are being deployed to essential services.  The Prosperity Framework is nearly agreed, focusing on productivity reforms, EU market integration, investment scaling, donor coordination, and anti-corruption efforts.",2,Western,EU_Commission,2026-01-23T10:52:27.000Z
Read the full statement of President  @vonderleyen :  link.europa.eu/RtKdCV,2,Western,EU_Commission,2026-01-23T10:52:28.000Z
Europe stood firm and united in full solidarity with Greenland & the Kingdom of Denmark.  Work on Arctic security continues.   We'll step up investments in Greenland and Arctic-ready equipment.  And deepen security cooperation with partners in the region↓,2,Western,EU_Commission,2026-01-22T23:40:05.000Z
We have launched the 2026 calls for proposals supporting campaigns and events that promote sustainable and high-quality EU agri-food products within the European Union and worldwide.  More:  link.europa.eu/j6k7YQ,2,Western,EU_Commission,2026-01-22T13:07:48.000Z
"We have just adopted a new Cybersecurity Package to protect hospitals, energy infrastructure and banks from hackers.   Stronger ICT supply chains  Easier for companies to follow  Bigger role for the EU Agency for Cybersecurity  More →  link.europa.eu/x8xnq9",2,Western,EU_Commission,2026-01-21T16:02:06.000Z
"We are proposing the Digital Networks Act, to put in place the modern, resilient digital infrastructure that citizens want and our economy needs.  This is what is in it ↓",2,Western,EU_Commission,2026-01-21T09:44:14.000Z
"We are building Europe's lasting innovation leadership.  The Digital Networks Act locks in stronger rights: fair access for all, full transparency, net neutrality, and affordability across the entire EU.",2,Western,EU_Commission,2026-01-21T09:44:19.000Z
More ↓  Press release:  link.europa.eu/8mpyPK Factsheet:  link.europa.eu/qvy7hx,2,Western,EU_Commission,2026-01-21T09:44:21.000Z
This moment of global change is fraught with dangers.  And Europe must be ready to change even faster.   To become more independent. For its own future ↓,2,Western,EU_Commission,2026-01-21T08:16:34.000Z
"Today, we have adopted the new EU Anti-Racism Strategy to combat racism in all its forms by",2,Western,EU_Commission,2026-01-20T15:32:09.000Z
"Hoy, las banderas de la Unión Europea ondean a media asta en señal de duelo por las víctimas del accidente ferroviario ocurrido cerca de Adamuz (España).  Nuestros pensamientos están con las familias y seres queridos de todas las personas afectadas.",2,Western,EU_Commission,2026-01-20T09:07:54.000Z
"In Davos, I met with a bipartisan delegation from the United States Congress.  We discussed our shared efforts to achieve a just and lasting peace in Ukraine.   This process benefits from strong EU–US coordination, from security guarantees to a pathway to prosperity.  I  also",2,Western,EU_Commission,2026-01-19T19:39:52.000Z
"Just spoke with  @sanchezcastejon  to convey my deepest condolences to the victims’ families and loved ones.  Europe stands with Spain in this tragic moment, sharing your grief. @EU_Commission  flags will fly at half-mast.",2,Western,EU_Commission,2026-01-19T16:22:19.000Z
"I spoke to  @SecGenNATO ,  @EmmanuelMacron ,  @Keir_Starmer ,   @bundeskanzler  and  @GiorgiaMeloni .  Together we stand firm in our commitment to uphold the sovereignty of Greenland and the Kingdom of Denmark.  We will always protect our strategic economic and security interests.   We",2,Western,EU_Commission,2026-01-18T20:58:32.000Z
"Gracias por acoger la histórica ceremonia de firma del Acuerdo de Asociación UE–Mercosur en Asunción, querido @SantiagoPenaP.  Valoramos profundamente nuestra asociación con Paraguay.   Seguiremos trabajando juntos por la prosperidad de nuestros pueblos.",2,Western,EU_Commission,2026-01-17T23:55:52.000Z
"Territorial integrity and sovereignty are fundamental principles of international law.   They are essential for Europe and for the international community as a whole.  We have consistently underlined our shared transatlantic interest in peace and security in the Arctic, including",2,Western,EU_Commission,2026-01-17T19:31:40.000Z
We have the clearest possible win–win deal before us.   With companies on both sides of the Atlantic  competing on an equal footing.    With elimination of billions in tariffs.   That means high value. Real growth. Good jobs.  x.com/i/broadcasts/1 …,2,Western,EU_Commission,2026-01-17T17:35:30.000Z
We choose partnership and cooperation.  We choose our businesses.  We choose our people.,2,Western,EU_Commission,2026-01-17T17:23:56.000Z
25 years in the making.  The EU-Mercosur agreement is the achievement of a generation.  For the benefit of generations to come.  Long live the friendship between our people and our continents.,2,Western,EU_Commission,2026-01-17T15:30:41.000Z
Great to welcome  @KristrunFrosta  in Brussels.  Our -partnership offers stability and predictability in a volatile world.  We discussed our close economic cooperation.   And we also talked about security in the Arctic and throughout the North Atlantic.   I'm looking forward to,2,Western,EU_Commission,2026-01-14T15:13:45.000Z
"2025 was the third warmest year on record, following the unprecedented temperatures in 2023 and 2024.  The past year saw a series of extreme weather events across the globe, including heatwaves and severe storms in Europe, North America, and Asia.  More info:",2,Western,EU_Commission,2026-01-14T14:06:51.000Z
"With sadness I learned about the passing of Cyprus' former President, Giorgos Vassiliou.  A man with a vision, he modernised Cyprus, advanced its peace process and paved its way into our Union.  He was a true European.  My heartfelt condolences go to his family and all of Cyprus.",2,Western,EU_Commission,2026-01-14T11:13:11.000Z
"Our commitment to Ukraine remains unwavering.  We are strengthening EU financial support through new legislative proposals, ensuring continuity, stability, and long-term assistance.",2,Western,EU_Commission,2026-01-14T10:53:47.000Z
"As part of the package, we’re proposing €90 billion in support loans for Ukraine’s budgetary and military needs over the next two years.  It also includes updates to the Ukraine Facility and the EU budget.  So, Ukraine has the stability and resources to face ongoing challenges.",2,Western,EU_Commission,2026-01-14T10:53:48.000Z
More info:  link.europa.eu/k8fHdq,2,Western,EU_Commission,2026-01-14T10:53:49.000Z
"We all want peace for Ukraine.  For this, Ukraine must be in a position of strength.  Today we table our proposal for a €90 billion loan for 2026 and 2027.  For a strong Ukraine on the battlefield and at the negotiating table ↓",2,Western,EU_Commission,2026-01-14T10:38:59.000Z
The rising number of casualties in Iran is horrifying. I unequivocally condemn the excessive use of force and continued restriction of freedom.   The European Union has already listed the Islamic Revolutionary Guard Corps in its entirety under its human rights sanctions regime.,2,Western,EU_Commission,2026-01-13T12:04:30.000Z
"We’re keeping our drinking water safe.   From today, EU countries must monitor PFAS levels in drinking water. PFAS are long-lasting chemicals that can be harmful, if levels are too high.  If that happens authorities must act and inform people until the water is safe again.",2,Western,EU_Commission,2026-01-12T09:24:03.000Z
"As the repression intensifies, and the loss of innocent lives continue, we are monitoring the situation carefully.  Europe stands with the people of Iran in their legitimate fight for freedom.",2,Western,EU_Commission,2026-01-11T16:20:32.000Z
"Today, we published the results of the DMA review consultation.  450+ contributions show broad support and indicate the DMA has already brought benefits, with calls to strengthen interoperability, data access and SME support.  The review report will be presented in May 2026 ↓",2,Western,EU_Commission,2026-01-08T12:03:04.000Z
Good to meet with  @ZelenskyyUa  in Nicosia today.  Yesterday’s agreement on security guarantees is a key step in our work towards a just and lasting peace for Ukraine.  Ukraine’s accession to the EU is a crucial security guarantee in its own right.  It is a proven path to a more,2,Western,EU_Commission,2026-01-07T14:40:25.000Z
"The #DiscoverEU results are out!  18-year-olds from across the EU will be able to explore our continent:  between 1 March 2025 and 31 May 2026, for up to 30 days, with a discount card for cultural activities. link.europa.eu/6xXcnd",2,Western,EU_Commission,2026-01-07T08:47:10.000Z
"The Coalition of the Willing is meeting in Paris today.  Our goal is clear:  Provide robust security guarantees for Ukraine.  With strong Ukrainian armed forces that can deter future attacks, a multinational force for deterrence and binding commitments to support Ukraine in the",2,Western,EU_Commission,2026-01-06T14:58:30.000Z
"A new year often starts with resolutions.  Today, we registered a new European citizens’ initiative – the first of 2026 and the 125th overall.  Organisers now have 6 months to open signature collection. link.europa.eu/97PkMD  #EUTakeTheInitiative",2,Western,EU_Commission,2026-01-05T14:53:34.000Z
Which  cities are in the spotlight in 2026? ↓  Guimarães: Green Capital  Zaragoza: Access City Award  Tampere  Dubrovnik: Smart Tourism Capital  Grenoble Alpes Métropole: Innovation Capital  Oulu  Trenčín: Capital of Culture  Leading the way for Europe’s future.,2,Western,EU_Commission,2026-01-05T08:30:00.000Z
"Felicitaciones and felicitações, Spain and Portugal.  For 40 years, you’ve been part of our Union.  Four decades of sharing your exceptional culture and innovative spirit with us.  Four decades of your countries growing stronger inside the EU.  Congratulations!",2,Western,EU_Commission,2026-01-01T11:06:09.000Z
"Celebrating 40 years of Spain & Portugal in the EU!   Four decades of unprecedented progress: boosting investments, democracy, and innovation.  They made the EU richer; we made them stronger. A crucial part of our story.  Progress. Together.",2,Western,EU_Commission,2026-01-01T08:00:00.000Z
"As we start the New Year 2026, you can count on me and my team to continue working relentlessly to make Europe stronger.  Stronger at home, by fully mobilising Europe’s extraordinary potential for competitiveness and innovation in a world that is changing faster than ever.",2,Western,EU_Commission,2025-12-31T23:00:17.000Z
We look towards 2026 with great ambition to make every EU citizen proud to be part of our Union.  Here’s to many more:   Trade partnerships    Sustainable initiatives    Research driving innovation  Happy New Year!,2,Western,EU_Commission,2025-12-31T23:01:00.000Z
"2025 was another big year for EU trade.  Forging new partnerships that strengthen our economy.  And bring certainty in uncertain times.  We secure the interests of  industry, farmers and consumers while delivering real benefits for our partners.  That’s Europe’s way of doing",2,Western,EU_Commission,2025-12-31T14:31:05.000Z
"Bulgaria joins the Eurozone tomorrow.  This pivotal moment reflects years of hard work and dedication.  This means easier payments, more comfortable travel and many new opportunities for Bulgarian business.  Congratulations, Bulgaria!  You can be proud of what you have achieved.",2,Western,EU_Commission,2025-12-31T09:20:06.000Z
"Military Mobility Package Broke down regulatory barriers towards a ‘Military Schengen’ for rapid troop movement.   Defence Industry Roadmap Big innovation push in strategic enablers such as AI, Quantum, drones, and space.",2,Western,EU_Commission,2025-12-27T07:57:14.000Z
2025 was the year Europe turned ambition into action.  Readiness 2030 starts now.  More ↓ link.europa.eu/gMDFwG,2,Western,EU_Commission,2025-12-27T07:57:15.000Z
"One port, one cable, one Europe.  This holiday, unwrap the power of one: USB-C for all.  Yes, not just phones, tablets, and laptops. In three years, every charger will be under the same tree.  Because less waste, smarter choices, mean more for everyone, all year long.",2,Western,EU_Commission,2025-12-26T08:00:31.000Z
"Wishing you a very Merry Christmas, wherever you are",2,Western,EU_Commission,2025-12-25T07:30:00.000Z
"We strongly condemn the U.S. decision to impose travel restrictions on five European individuals, including former Commissioner Thierry Breton.  Link to full statement:  link.europa.eu/NtMX4K",2,Western,EU_Commission,2025-12-24T11:09:06.000Z
"From the non-negotiables to the ‘just one more’ sides, we asked our social media team for their Christmas dinner favourites, and let’s just say, it makes for quite the feast!    What would you add from your country?",2,Western,EU_Commission,2025-12-24T08:00:01.000Z
"We've launched a first set of pilot actions to boost Europe’s circular economy, focusing on plastics.  Circular solutions can cut the sector’s climate-related emissions by 45%, strengthen EU competitiveness, economic security, and unlock the Single Market's potential.  Find out",2,Western,EU_Commission,2025-12-23T15:19:29.000Z
"Arctic security remains a key priority for the European Union, and one in which we seek to work with allies and partners.  Territorial integrity and sovereignty are fundamental principles of international law.  These principles are essential not only for the European Union, but",2,Western,EU_Commission,2025-12-22T16:00:03.000Z
The new Toy Safety Regulation will enter into force on 1 January 2026.  It strengthens children’s protection from harmful chemicals in toys and improves enforcement of EU toy safety rules.  So we can keep our little ones safe from harm.   Find out more:  link.europa.eu/QwGWvr,2,Western,EU_Commission,2025-12-23T11:21:56.000Z
"We have reached out to our Mercosur partners and agreed to postpone slightly the signature.   This deal is crucially important for Europe – economically, diplomatically, and geopolitically.  It opens new trade and economic opportunities for all our Member States.   With",2,Western,EU_Commission,2025-12-19T02:59:39.000Z
"We are reinforcing efforts to protect humanitarian personnel operating in high-danger zones, as their work is becoming increasingly dangerous.  New funding will support aid staff who experience critical incidents in the line of duty, ensuring their safety and recovery.",2,Western,EU_Commission,2025-12-18T16:26:43.000Z
"NO to loose plastic particles.  This week, our rules on reducing plastic pellets came into force.",2,Western,EU_Commission,2025-12-18T13:36:49.000Z
"Companies must have spill clean-up and risk management plans for packaging, handling, and equipment   Non-EU carriers must have an EU representative   Operators handling >1500 tonnes of pellets annually need to obtain a permit    Requirements for maritime transport",2,Western,EU_Commission,2025-12-18T13:36:50.000Z
"This move is a step forward in protecting us, our oceans and wildlife.  Learn more",2,Western,EU_Commission,2025-12-18T13:36:50.000Z
Vladimir Putin had a telephone conversation with President of the European Council Charles Michel  vk.cc/cbU8Uw,3,Russian,KremlinRussia_E,2022-03-15T19:01:08.000Z
Meeting with Head of the Federal Medical-Biological Agency Veronika Skvortsova: the AmpliTest system and the Mir-19 antiviral medication  vk.cc/cbTIyn,3,Russian,KremlinRussia_E,2022-03-15T14:37:50.000Z
"Telephone conversation with Prime Minister of Israel Naftali Bennett: situation around Ukraine, negotiation process  vk.cc/cbSfg4",3,Russian,KremlinRussia_E,2022-03-14T19:55:38.000Z
Working meeting with Deputy Prime Minister Dmitry Grigorenko: improving control and oversight activities in Russia  vk.cc/cbRU2c,3,Russian,KremlinRussia_E,2022-03-14T15:43:46.000Z
The President discussed over the telephone the course of the special operation in Ukraine with the leaders of France and Germany  vk.cc/cbOF5t,3,Russian,KremlinRussia_E,2022-03-12T15:07:30.000Z
Yoon Suk-yeol has been elected President of South Korea. Congratulations from Vladimir Putin:,3,Russian,KremlinRussia_E,2022-03-10T16:47:04.000Z
Telephone conversation with President of South Africa Cyril Ramaphosa,3,Russian,KremlinRussia_E,2022-03-10T15:12:18.000Z
Telephone conversation with Olaf Scholz and Emmanuel Macron. The leaders of the three countries continued to discuss the Ukrainian issue  cutt.ly/3ADuY6b,3,Russian,KremlinRussia_E,2022-03-10T13:34:13.000Z
Vladimir Putin discussed humanitarian aspects of developments in Ukraine and the Donbass republics with the German Chancellor by telephone,3,Russian,KremlinRussia_E,2022-03-10T04:51:33.000Z
Telephone conversation with President of Egypt Abdel Fattah el-Sisi,3,Russian,KremlinRussia_E,2022-03-09T15:02:37.000Z
#Kremlin: Meeting with Commissioner for Children's Rights Maria Lvova-Belova  cutt.ly/4AISz40,3,Russian,KremlinRussia_E,2022-03-09T15:02:24.000Z
"Telephone conversation with African Union Chairperson, President of Senegal Macky Sall",3,Russian,KremlinRussia_E,2022-03-09T12:56:44.000Z
The Russian flag has been hoisted on the Marshal Rokossovsky ferry. It is the first in Russia Arc4 ice class dual-fuelled ferry  bit.ly/3CdBino,3,Russian,KremlinRussia_E,2022-03-04T16:31:13.000Z
"Telephone conversation with President of Belarus Alexander Lukashenko: the progress of the special military operation, Russia-Ukraine talks  bit.ly/3IYQsQl",3,Russian,KremlinRussia_E,2022-03-04T16:27:29.000Z
The President held a meeting with permanent members of the Security Council  bit.ly/3pXQvV5,3,Russian,KremlinRussia_E,2022-03-04T07:18:29.000Z
Telephone conversation with Crown Prince of Saudi Arabia Mohammed bin Salman Al Saud,3,Russian,KremlinRussia_E,2022-03-04T07:17:57.000Z
Greetings to Vahagn Khachaturyan on being elected President of Armenia,3,Russian,KremlinRussia_E,2022-03-03T17:20:56.000Z
Telephone conversation with President of France Emmanuel Macron,3,Russian,KremlinRussia_E,2022-03-03T15:24:26.000Z
Vladimir Putin discussed the special military operation to protect Donbass with Prime Minister of Israel Naftali Bennett  bit.ly/3MkwSje,3,Russian,KremlinRussia_E,2022-03-02T19:18:29.000Z
Telephone conversation with Prime Minister of India Narendra Modi  bit.ly/3HCGimX,3,Russian,KremlinRussia_E,2022-03-02T18:35:14.000Z
Telephone conversation with President of Kazakhstan Kassym-Jomart Tokayev  bit.ly/3tqLWTU,3,Russian,KremlinRussia_E,2022-03-02T14:25:13.000Z
"Telephone conversation with Abu Dhabi Crown Prince Mohamed bin Zayed Al Nahyan: situation in and around Ukraine, OPEC+  bit.ly/3MdJJnp",3,Russian,KremlinRussia_E,2022-03-01T14:08:51.000Z
"Telephone conversation with President of France Emmanuel Macron: situation around Ukraine, security guarantees  bit.ly/36TKQZv",3,Russian,KremlinRussia_E,2022-02-28T18:21:36.000Z
The President discussed the economic situation with the financial and economic bloc of the Government and the Central Bank  bit.ly/3vw43e1,3,Russian,KremlinRussia_E,2022-02-28T17:15:12.000Z
#Moscow: Vladimir Putin visited the construction site of the National Space Centre  bit.ly/3hkTsu7,3,Russian,KremlinRussia_E,2022-02-27T17:54:45.000Z
Vladimir Putin met with Defence Minister Sergei Shoigu and Chief of the General Staff of the Armed Forces Valery Gerasimov,3,Russian,KremlinRussia_E,2022-02-27T17:40:39.000Z
Telephone conversation with Prime Minister of Israel Naftali Bennett  @naftalibennett,3,Russian,KremlinRussia_E,2022-02-27T15:35:43.000Z
The President congratulated Special Operations Forces personnel and veterans on their professional holiday  bit.ly/3HkKEPi,3,Russian,KremlinRussia_E,2022-02-27T12:36:51.000Z
Telephone conversation with Prime Minister of Armenia Nikol Pashinyan,3,Russian,KremlinRussia_E,2022-02-26T18:57:59.000Z
"Telephone conversation with Sadyr Japarov: situation in Ukraine, strengthening Russia-Kyrgyzstan relations and strategic partnership",3,Russian,KremlinRussia_E,2022-02-26T12:45:08.000Z
Meeting with permanent members of the Security Council. The main topic is the situation in Ukraine  bit.ly/3LZ9bgr,3,Russian,KremlinRussia_E,2022-02-25T17:42:54.000Z
Telephone conversation with President of China Xi Jinping: developments in Ukraine,3,Russian,KremlinRussia_E,2022-02-25T17:42:37.000Z
Vladimir Putin had a telephone conversation with President of Uzbekistan Shavkat Mirziyoyev,3,Russian,KremlinRussia_E,2022-02-25T16:24:18.000Z
Vladimir Putin had a telephone conversation with President of Syria Bashar al-Assad,3,Russian,KremlinRussia_E,2022-02-25T16:23:55.000Z
Vladimir Putin and President of France Emmanuel Macron discussed the situation in Ukraine,3,Russian,KremlinRussia_E,2022-02-25T09:34:06.000Z
Telephone conversation with Prime Minister of India Narendra Modi,3,Russian,KremlinRussia_E,2022-02-25T07:38:32.000Z
Telephone conversation with President of Iran Sayyid Ebrahim Raisi  bit.ly/3vbmEfb,3,Russian,KremlinRussia_E,2022-02-24T21:06:22.000Z
#Kremlin: Meeting with representatives of Russian business circles  bit.ly/3Hn4qJP,3,Russian,KremlinRussia_E,2022-02-24T19:48:10.000Z
Defender of the Fatherland Day: The President laid a wreath at the Tomb of the Unknown Soldier by the Kremlin Wall  bit.ly/3pw05hJ,3,Russian,KremlinRussia_E,2022-02-23T13:03:06.000Z
"#February23: Vladimir Putin wished a happy holiday to Armed Forces veterans, military and civilian personnel and all Russians  bit.ly/3JPXG8W",3,Russian,KremlinRussia_E,2022-02-23T07:49:17.000Z
"""The Minsk Agreements were dead long before yesterday's recognition of the people's republics of Donbass."" The President answered journalists' questions  bit.ly/3scP1YA",3,Russian,KremlinRussia_E,2022-02-22T20:42:36.000Z
#Kremlin: Talks with President of Azerbaijan Ilham Aliyev  bit.ly/3H7LFdn,3,Russian,KremlinRussia_E,2022-02-22T19:06:40.000Z
Qatar is hosting the 6th Summit of Gas Exporting Countries Forum. Greetings from the President:,3,Russian,KremlinRussia_E,2022-02-22T13:50:28.000Z
The President of Russia and heads of the Donetsk and Lugansk People's Republics have signed a treaty of friendship and cooperation  bit.ly/3s6Ub8b,3,Russian,KremlinRussia_E,2022-02-21T22:23:04.000Z
An executive order on recognition of the Donetsk and Lugansk People's Republics has been signed  bit.ly/3s6Ub8b,3,Russian,KremlinRussia_E,2022-02-21T22:19:50.000Z
Vladimir Putin had telephone conversations with President of France Emmanuel Macron and German Chancellor Olaf Scholz  bit.ly/3JNz54V,3,Russian,KremlinRussia_E,2022-02-21T22:15:37.000Z
"Telephone conversation with Prime Minister of Armenia Nikol Pashinyan: bilateral cooperation, developments in Nagorno-Karabakh  bit.ly/3h1mn6f",3,Russian,KremlinRussia_E,2022-02-21T21:04:33.000Z
"""Russia has made and is making efforts to resolve all matters peacefully."" The Security Council held a meeting at the Kremlin  bit.ly/3H6PNuh",3,Russian,KremlinRussia_E,2022-02-21T16:40:51.000Z
“The Paralympics are unequalled in their inspiring power.” The President met with the Russian Paralympic team ahead of #Beijing2022  bit.ly/3t2SYye,3,Russian,KremlinRussia_E,2022-02-21T16:31:32.000Z
"On February 22, Vladimir Putin will meet with President of Azerbaijan Ilham Aliyev in #Moscow  bit.ly/3gYQE5E",3,Russian,KremlinRussia_E,2022-02-21T14:03:52.000Z
"Telephone conversation with President of France Emmanuel Macron: developments in Ukraine, evacuation of LPR and DPR citizens  bit.ly/3p11dJP",3,Russian,KremlinRussia_E,2022-02-20T15:36:38.000Z
A Spanish fishing trawler sank off the coast of Canada. Vladimir Putin's condolences:  bit.ly/3gWu2mb,3,Russian,KremlinRussia_E,2022-02-19T13:58:39.000Z
Strategic deterrence forces exercise  bit.ly/34QCsZO,3,Russian,KremlinRussia_E,2022-02-19T13:53:52.000Z
"#Beijing2022: Congratulations to Alexander Bolshunov, winner of the Olympic mass start free cross-country skiing race  bit.ly/3rZAyiu",3,Russian,KremlinRussia_E,2022-02-19T12:12:33.000Z
Vladimir Putin and President of Belarus Alexander Lukashenko held a joint news conference following Russian-Belarusian talks  bit.ly/3uZ4IEl,3,Russian,KremlinRussia_E,2022-02-18T17:28:08.000Z
Telephone conversation with Prime Minister of Japan Fumio Kishida  bit.ly/3sNIYZl,3,Russian,KremlinRussia_E,2022-02-17T16:58:03.000Z
#Moscow: Expanded meeting of the Interior Ministry Board  bit.ly/3GZrvSR,3,Russian,KremlinRussia_E,2022-02-17T14:47:32.000Z
The President took part in an expanded meeting of the Emergencies Ministry Board  bit.ly/3sLXOj5,3,Russian,KremlinRussia_E,2022-02-16T19:26:35.000Z
Vladimir Putin and President of Brazil Jair Bolsonaro made press statements following Russia-Brazil talks  bit.ly/3sGesk6,3,Russian,KremlinRussia_E,2022-02-16T18:28:02.000Z
"Russian-Brazilian talks: strengthening strategic partnership, developing trade relations  bit.ly/3oSCcQZ",3,Russian,KremlinRussia_E,2022-02-16T16:34:27.000Z
Vladimir Putin and Federal Chancellor of Germany Olaf Scholz held a news conference following talks  bit.ly/3LDy4hg,3,Russian,KremlinRussia_E,2022-02-15T17:58:56.000Z
#Kremlin: Talks with Federal Chancellor of Germany Olaf Scholz  bit.ly/3Jr15Lm,3,Russian,KremlinRussia_E,2022-02-15T13:55:26.000Z
"#Moscow: On February 16, Vladimir Putin will hold talks with President of Brazil Jair Bolsonaro  bit.ly/3oPqyXb",3,Russian,KremlinRussia_E,2022-02-15T12:04:57.000Z
Meeting with Defence Minister Sergei Shoigu  bit.ly/3BiRMKL,3,Russian,KremlinRussia_E,2022-02-14T15:29:02.000Z
#Kremlin: Meeting with Foreign Minister Sergei Lavrov,3,Russian,KremlinRussia_E,2022-02-14T15:19:13.000Z
#Beijing2022 Vladimir Putin's congratulations to Russian athletes on their winning the gold in the men's cross-country ski relay:  bit.ly/3rKGBao,3,Russian,KremlinRussia_E,2022-02-13T17:10:05.000Z
Presidential Aide Yury Ushakov gave a briefing following Vladimir Putin's telephone conversation with US President Joseph Biden  bit.ly/3v2rRGb,3,Russian,KremlinRussia_E,2022-02-13T17:09:34.000Z
Telephone conversation with President of Belarus Alexander Lukashenko  bit.ly/33k2h3S,3,Russian,KremlinRussia_E,2022-02-12T17:08:06.000Z
"Telephone conversation with President of France Emmanuel Macron: relations with NATO, developments in Ukraine  bit.ly/3gJsrjI",3,Russian,KremlinRussia_E,2022-02-12T17:01:34.000Z
#Beijing2022: Congratulations to Russian athletes who won gold in the women's cross-country relay  bit.ly/3gFyfKK,3,Russian,KremlinRussia_E,2022-02-12T16:52:47.000Z
Meeting with permanent members of the Russian Security Council. The main topic is ties with CIS countries  bit.ly/3rFMhm8,3,Russian,KremlinRussia_E,2022-02-11T13:07:01.000Z
"""Kazakhstan faced an act of terrorist aggression."" Vladimir Putin and Kassym-Jomart Tokayev made press statements  bit.ly/3uGzQbv",3,Russian,KremlinRussia_E,2022-02-10T18:22:03.000Z
"Meeting with President of Kazakhstan Kassym-Jomart Tokayev: trade and economic cooperation, security issues  bit.ly/34Q1zvm",3,Russian,KremlinRussia_E,2022-02-10T13:52:59.000Z
"Meeting of judges of general jurisdiction and arbitration courts: 2021 results, priority tasks for 2022  bit.ly/35Pcki7",3,Russian,KremlinRussia_E,2022-02-09T16:44:56.000Z
"February 10, #Moscow: Vladimir Putin will meet with President of Kazakhstan Kassym-Jomart Tokayev  bit.ly/3JgSbjF",3,Russian,KremlinRussia_E,2022-02-08T17:17:24.000Z
News conference by Vladimir Putin and Emmanuel Macron following Russian-French talks  bit.ly/3gxmeXO,3,Russian,KremlinRussia_E,2022-02-08T08:38:31.000Z
Talks with President of France Emmanuel Macron  bit.ly/3osnGPO,3,Russian,KremlinRussia_E,2022-02-07T18:41:47.000Z
#Beijing2022: The President congratulated Russian figure skaters on winning the team gold medal  bit.ly/3sfOCmE,3,Russian,KremlinRussia_E,2022-02-07T11:53:46.000Z
Your performance will be an inspiration to all Team Russia athletes: President's congratulations to skier Alexander Bolshunov #Beijing2022  bit.ly/3sj5B7W,3,Russian,KremlinRussia_E,2022-02-07T10:03:33.000Z
Telephone conversation with President of South Ossetia Anatoly Bibilov  bit.ly/3J2TiDg,3,Russian,KremlinRussia_E,2022-02-07T09:50:15.000Z
#Beijing: Opening ceremony of the XXIV Winter Olympic Games  bit.ly/3J35KCX,3,Russian,KremlinRussia_E,2022-02-04T14:27:07.000Z
"On February 15, Vladimir Putin will hold talks with Federal Chancellor of Germany Olaf Scholz  @OlafScholz  in Moscow  bit.ly/3HmOfND",3,Russian,KremlinRussia_E,2022-02-04T13:34:01.000Z
#Beijing: Vladimir Putin and Xi Jinping adopted a joint statement on international relations and global sustainable development  bit.ly/34c8hw6,3,Russian,KremlinRussia_E,2022-02-04T11:29:31.000Z
"Meeting with President of China Xi Jinping: trade and economic cooperation, countering COVID-19, opening of the #Beijing2022 Olympics  bit.ly/3J2Zb3j",3,Russian,KremlinRussia_E,2022-02-04T11:28:20.000Z
Telephone conversation with President of France Emmanuel Macron  bit.ly/3AYkTCN,3,Russian,KremlinRussia_E,2022-02-04T04:50:28.000Z
Vladimir Putin had a meeting with Delovaya Rossiya National Public Organisation members  bit.ly/3oj82Gj,3,Russian,KremlinRussia_E,2022-02-04T04:47:08.000Z
Russia and Argentina have close or coinciding approaches on many international matters: press statements following talks  bit.ly/3glZpq2,3,Russian,KremlinRussia_E,2022-02-03T16:34:33.000Z
Talks with President of Argentina Alberto Fernandez  bit.ly/3sdEvPx,3,Russian,KremlinRussia_E,2022-02-03T15:32:49.000Z
"""Your achievements have opened up new horizons and continue to do so."" The President presented the highest state decorations  bit.ly/34t28Ls",3,Russian,KremlinRussia_E,2022-02-02T15:31:53.000Z
Vladimir Putin met with Patriarch Kirill of Moscow and All Russia and congratulated him on his enthronement anniversary  bit.ly/3IXzG3k,3,Russian,KremlinRussia_E,2022-02-02T09:08:41.000Z
Vladimir Putin and Prime Minister of Hungary Viktor Orban had a brief meeting following their joint news conference  bit.ly/3uk8eZE,3,Russian,KremlinRussia_E,2022-02-01T20:10:26.000Z
Vladimir Putin and Viktor Orban's news conference following Russian-Hungarian talks  bit.ly/3IUbeQC,3,Russian,KremlinRussia_E,2022-02-01T18:53:36.000Z
#Kremlin: Meeting with Prime Minister of Hungary Viktor Orban  bit.ly/3L46sBZ,3,Russian,KremlinRussia_E,2022-02-01T17:49:00.000Z
"Telephone conversation with Italian Prime Minister Mario Draghi: coronavirus response, Ukraine, security guarantees  bit.ly/3KTLcyy",3,Russian,KremlinRussia_E,2022-02-01T14:22:01.000Z
Telephone conversation with President of France Emmanuel Macron  bit.ly/3HkRGnQ,3,Russian,KremlinRussia_E,2022-02-01T06:41:20.000Z
"On February 1, Vladimir Putin will meet with Prime Minister of Hungary Viktor Orban in #Moscow  bit.ly/3o8fFzh",3,Russian,KremlinRussia_E,2022-01-31T15:53:31.000Z
Vladimir Putin and Minister of Justice Konstantin Chuychenko discussed amendments to the penal system  bit.ly/3ANnQWX,3,Russian,KremlinRussia_E,2022-01-31T15:47:38.000Z
Telephone conversation with President of France Emmanuel Macron  bit.ly/3HaGBFT,3,Russian,KremlinRussia_E,2022-01-28T17:34:25.000Z
Meeting with permanent members of Security Council  bit.ly/3AEG24G,3,Russian,KremlinRussia_E,2022-01-28T12:40:49.000Z
"On the anniversary of the lifting of the siege of Leningrad, the President laid a wreath at the Motherland Monument in #SaintPetersburg  bit.ly/3uaBIJz",3,Russian,KremlinRussia_E,2022-01-27T13:18:03.000Z
"Meeting with  @GovernmentRF : countering Covid-19, developing rural areas, building infrastructure in the Antarctic  bit.ly/3o2TM4h",3,Russian,KremlinRussia_E,2022-01-26T18:20:23.000Z
"Meeting with Italian business leaders: trade and economic cooperation, prospects for expanding business ties  bit.ly/3KII7Bt",3,Russian,KremlinRussia_E,2022-01-26T15:08:27.000Z
#Beijing2022: The President met with members of Russia's national team ahead of the opening of the Beijing Winter Olympics  bit.ly/3Hdgvly,3,Russian,KremlinRussia_E,2022-01-25T16:11:27.000Z
"Meeting with the Governor of the Kamchatka Territory: building medical institutions, resettling residents of dilapidated housing  bit.ly/3KEjVjC",3,Russian,KremlinRussia_E,2022-01-24T16:26:25.000Z
"Telephone conversation with Prime Minister of Armenia Nikol Pashinyan: implementing Nagorno-Karabakh agreements, interaction within the CSTO  bit.ly/3qMVeto",3,Russian,KremlinRussia_E,2022-01-22T11:34:25.000Z
Telephone conversation with President of Finland Sauli Niinistö  bit.ly/3IubnKl,3,Russian,KremlinRussia_E,2022-01-21T13:54:56.000Z
Telephone conversation with President of Venezuela Nicolas Maduro  bit.ly/3KxinrM,3,Russian,KremlinRussia_E,2022-01-20T18:13:05.000Z
#Kremlin: Meeting with Moscow Mayor Sergei Sobyanin  bit.ly/33ScvYY,3,Russian,KremlinRussia_E,2022-01-20T13:40:23.000Z
Talks between Vladimir Putin and President of Iran Sayyid Ebrahim Raisi were held in the Kremlin  bit.ly/3qGiZ69,3,Russian,KremlinRussia_E,2022-01-19T18:04:54.000Z
Telephone conversation with President of Nicaragua Daniel Ortega,3,Russian,KremlinRussia_E,2022-01-18T21:22:50.000Z
"A telephone conversation with President of Azerbaijan Ilham Aliyev: the situation in Ukraine, developments in Kazakhstan  bit.ly/329mpF9",3,Russian,KremlinRussia_E,2022-01-18T19:06:40.000Z
Culture Minister Olga Lyubimova updated the President on the implementation of the Culture national project  bit.ly/3FGPFke,3,Russian,KremlinRussia_E,2022-01-18T18:53:49.000Z
"On January 19, Vladimir Putin will have talks with President of Iran Sayyid Ebrahim Raisi  bit.ly/3Kk41KZ",3,Russian,KremlinRussia_E,2022-01-18T16:10:43.000Z
#Kremlin: Meeting with Astrakhan Region Governor Igor Babushkin  bit.ly/3nAg3WR,3,Russian,KremlinRussia_E,2022-01-17T15:18:08.000Z
"Telephone conversation with Prime Minister of Pakistan Imran Khan: trade and economic cooperation, coronavirus response  bit.ly/3KfdXFE",3,Russian,KremlinRussia_E,2022-01-17T12:11:16.000Z
"Meeting with Perm Territory Governor Dmitry Makhonin: decreasing unemployment, resettling residents of dilapidated housing  bit.ly/3rigHJS",3,Russian,KremlinRussia_E,2022-01-15T08:48:38.000Z
The President sent congratulations to  @KAMAZmasterTEAM  on their triumphant victory in the Dakar Rally #2022Dakar  bit.ly/3KesyBi,3,Russian,KremlinRussia_E,2022-01-14T19:07:49.000Z
Telephone conversation with Prime Minister of Israel Naftali Bennett  bit.ly/3foj346,3,Russian,KremlinRussia_E,2022-01-13T16:52:59.000Z
Meeting with Defence Minister Sergei Shoigu  bit.ly/3zVkqRm,3,Russian,KremlinRussia_E,2022-01-13T16:48:44.000Z
"Meeting with  @GovernmentRF : connecting households to gas supply networks, COVID-19 response efforts  bit.ly/3tm3TVs",3,Russian,KremlinRussia_E,2022-01-12T13:03:22.000Z
"Telephone conversation with Prime Minister of Armenia Nikol Pashinyan: CSTO operation in Kazakhstan, developments in Nagorno-Karabakh  bit.ly/3fgEpk8",3,Russian,KremlinRussia_E,2022-01-12T11:54:45.000Z
Vladimir Putin held a meeting with permanent members of the Russian Security Council  bit.ly/3tfMg9C,3,Russian,KremlinRussia_E,2022-01-11T13:26:11.000Z
"Telephone conversation with President of Tajikistan Emomali Rahmon: developments in Kazakhstan, situation on the Tajik-Afghan border  bit.ly/3rmttqP",3,Russian,KremlinRussia_E,2022-01-10T12:11:35.000Z
CSTO Collective Security Council session: normalisation in Kazakhstan  bit.ly/3tegIRw,3,Russian,KremlinRussia_E,2022-01-10T09:37:43.000Z
On Jan. 10 Vladimir Putin will take part in CSTO Collective Security Council's extraordinary session on stabilising situation in Kazakhstan  bit.ly/3HPs0Q6,3,Russian,KremlinRussia_E,2022-01-09T16:15:07.000Z
Telephone conversations with President of Belarus Alexander Lukashenko and Prime Minister of Armenia Nikol Pashinyan  bit.ly/3F6OBWS,3,Russian,KremlinRussia_E,2022-01-08T13:18:59.000Z
Telephone conversation with President of Kazakhstan Kassym-Jomart Tokayev  bit.ly/31IjbII,3,Russian,KremlinRussia_E,2022-01-08T10:27:21.000Z
Vladimir Putin discussed the developments in Kazakhstan and peacekeeping troops' actions with heads of CSTO member states  bit.ly/3eYohDF,3,Russian,KremlinRussia_E,2022-01-07T16:06:37.000Z
Vladimir Putin wished a merry Christmas to Orthodox Christians  bit.ly/32WK5gu,3,Russian,KremlinRussia_E,2022-01-07T07:03:55.000Z
#NovoOgaryovo: Meeting with Almaz-Antey Corporation General Designer Pavel Sozinov  bit.ly/3JLZ9Op,3,Russian,KremlinRussia_E,2022-01-06T10:18:48.000Z
Meeting with Director General of Tactical Missiles Corporation Boris Obnosov  bit.ly/3qNshfO,3,Russian,KremlinRussia_E,2022-01-05T13:41:49.000Z
"""There can be no winners in a nuclear war."" Leaders of nuclear-weapons states issued a joint statement  bit.ly/3JAXtaw",3,Russian,KremlinRussia_E,2022-01-03T14:20:23.000Z
"Telephone conversation with President of Turkey Recep Tayyip Erdogan: results of bilateral cooperation in 2021, topical international issues  bit.ly/3ELNzzo",3,Russian,KremlinRussia_E,2022-01-02T14:53:47.000Z
Happy New Year 2022!  bit.ly/3HoF2DX,3,Russian,KremlinRussia_E,2021-12-31T21:00:29.000Z
Telephone conversations with US President Joseph Biden  @JoeBiden  bit.ly/3eDIDln,3,Russian,KremlinRussia_E,2021-12-31T09:48:13.000Z
"Meeting with RDIF head Kirill Dmitriev: the past decade's performance, import substitution, regional development  bit.ly/3qABZ4V",3,Russian,KremlinRussia_E,2021-12-30T15:55:08.000Z
Telephone conversation with President of Palestine Mahmoud Abbas  bit.ly/3qyZGuo,3,Russian,KremlinRussia_E,2021-12-30T12:37:35.000Z
"Merited Hockey Players of Russia Alexander Yakushev, Valery Kamensky and Alexei Kasatonov received state decorations  bit.ly/3JxoOuq",3,Russian,KremlinRussia_E,2021-12-30T11:47:41.000Z
#StPetersburg: Meeting with President of Belarus Alexander Lukashenko  bit.ly/32E4oPs,3,Russian,KremlinRussia_E,2021-12-29T18:26:00.000Z
Vladimir Putin met with President of Kazakhstan Kassym-Jomart Tokayev on the sidelines of the informal CIS summit  bit.ly/3JoYYbJ,3,Russian,KremlinRussia_E,2021-12-28T15:17:38.000Z
#StPetersburg: Informal meeting of the CIS heads of state  bit.ly/3z53RBX,3,Russian,KremlinRussia_E,2021-12-28T14:15:19.000Z
Vladimir Putin met with First President of Kazakhstan Nursultan Nazarbayev at the Konstantin Palace in #StPetersburg  bit.ly/3z6kvkJ,3,Russian,KremlinRussia_E,2021-12-28T14:14:04.000Z
#StPetersburg: Meeting with President of Tajikistan Emomali Rahmon  bit.ly/3mAGefN,3,Russian,KremlinRussia_E,2021-12-27T16:17:31.000Z
Russia marks Rescue Worker's Day today. The President congratulated the current and former staff of the Emergencies Ministry  bit.ly/313Zxqc,3,Russian,KremlinRussia_E,2021-12-27T08:34:00.000Z
Telephone conversation with President of Egypt Abdel Fattah el-Sisi  bit.ly/3szEKpG,3,Russian,KremlinRussia_E,2021-12-26T09:42:59.000Z
Telephone conversation with President of Serbia Aleksandar Vucic  bit.ly/3eqFQMa,3,Russian,KremlinRussia_E,2021-12-25T13:55:22.000Z
#YearOfScienceAndTechnology: Joint meeting of the State Council and the Council for Science and Education  bit.ly/30V4GAI,3,Russian,KremlinRussia_E,2021-12-24T14:53:30.000Z
"Meeting with  @GovernmentRF  members ahead of the New Year: 2021 results, tasks for 2022  bit.ly/3prt1Yy",3,Russian,KremlinRussia_E,2021-12-24T14:51:05.000Z
Telephone conversation with President of Israel Isaac Herzog. The main topic is cultural cooperation  bit.ly/3pni1v9,3,Russian,KremlinRussia_E,2021-12-24T12:07:31.000Z
Vladimir Putin sends the President of Azerbaijan greetings on his 60th birthday  bit.ly/3swqM81,3,Russian,KremlinRussia_E,2021-12-24T09:38:23.000Z
Vladimir Putin’s annual news conference  bit.ly/32l8PPa,3,Russian,KremlinRussia_E,2021-12-23T18:50:14.000Z
"For the full text of the President's annual news conference, go to  en.kremlin.ru",3,Russian,KremlinRussia_E,2021-12-23T13:17:50.000Z
Putin: A significant part of the funds planned for infrastructure investment will be spent on the development of rural areas,3,Russian,KremlinRussia_E,2021-12-23T13:16:02.000Z
On the indexation of pensions:  @GovernmentRF  must make every effort to make good on past promises,3,Russian,KremlinRussia_E,2021-12-23T13:14:53.000Z
Putin: The political boycott of the Beijing Olympics is an unacceptable and wrong decision. Sport should bring people together,3,Russian,KremlinRussia_E,2021-12-23T13:14:25.000Z
The President supported the creation of infrastructure for large families' land plots: This provision must be added to our development plans,3,Russian,KremlinRussia_E,2021-12-23T12:37:21.000Z
The President on the EU and Ukraine's accusations against Gazprom: It is a lie. The company has increased deliveries by nearly 20%,3,Russian,KremlinRussia_E,2021-12-23T12:36:27.000Z
Putin: Our health system has coped with the challenges caused by the pandemic. I hope there will be no more shortages of medical supplies,3,Russian,KremlinRussia_E,2021-12-23T12:33:42.000Z
Putin: We must think about the future of our country's national security,3,Russian,KremlinRussia_E,2021-12-23T12:33:12.000Z
The President commented on the security guarantees initiative: We made ourselves clear: NATO must not expand eastward,3,Russian,KremlinRussia_E,2021-12-23T12:32:48.000Z
"#Vaccination: We must explain its importance, not tighten responsibility for people but show respect for everyone, whatever their position",3,Russian,KremlinRussia_E,2021-12-23T12:32:14.000Z
The President: One of our main goals is public mobility. The country's territory must be interconnected with various modes of transport,3,Russian,KremlinRussia_E,2021-12-23T12:31:49.000Z
Putin: Russia's budget for the next three years is socially focused. Social spending in 2022 will be about 4 trillion rubles,3,Russian,KremlinRussia_E,2021-12-23T12:31:18.000Z
#Coronavirus: Vladimir Putin believes the vaccination rate in Russia is insufficient. The current figure is 59.4%,3,Russian,KremlinRussia_E,2021-12-23T12:30:52.000Z
"When Russia's economy faced the pandemic, it proved to be better mobilised and ready for shocks than many other economies – Putin",3,Russian,KremlinRussia_E,2021-12-23T12:30:21.000Z
Before the President's annual news conference,3,Russian,KremlinRussia_E,2021-12-23T12:30:09.000Z
The President's annual news conference will start at 12.00 Moscow time. Follow the main points on  @KremlinRussia_E,3,Russian,KremlinRussia_E,2021-12-23T08:00:30.000Z
"Telephone conversation with the Prime Minister of Luxembourg: intra-Ukrainian crisis, migration issues, initiative for security guarantees  bit.ly/3yUoKjs",3,Russian,KremlinRussia_E,2021-12-22T17:23:48.000Z
President of Business Russia Alexei Repik presented his report on the organisation's activities over 20 years to the President  bit.ly/3ei12UI,3,Russian,KremlinRussia_E,2021-12-22T15:23:25.000Z
Meeting with permanent members of the Security Council: the draft Basic Principles of State Policy in Aviation up to 2030  bit.ly/32eXIY1,3,Russian,KremlinRussia_E,2021-12-21T22:08:44.000Z
Telephone conversation with Federal Chancellor of Germany Olaf Scholz,3,Russian,KremlinRussia_E,2021-12-21T22:08:21.000Z
"Telephone conversation with the President of France: internal Ukrainian conflict, developments in Mali, Nagorno-Karabakh settlement  bit.ly/3qeLLJJ",3,Russian,KremlinRussia_E,2021-12-21T22:05:56.000Z
"Expanded meeting of the Defence Ministry Board: modernisation of the army and navy, boosting the level of troops' combat training  bit.ly/3qeeePR",3,Russian,KremlinRussia_E,2021-12-21T17:57:13.000Z
"Plenary session of Russian Union of Industrialists and Entrepreneurs congress: business climate, investment, state-business interaction  bit.ly/3q8y4vS",3,Russian,KremlinRussia_E,2021-12-17T16:10:51.000Z
Pope Francis is marking his 85th birthday today. Vladimir Putin's birthday greetings:  bit.ly/32dORpe,3,Russian,KremlinRussia_E,2021-12-17T11:31:20.000Z
Meeting of the Agency for Strategic Initiatives Supervisory Board  bit.ly/3pWZqoA,3,Russian,KremlinRussia_E,2021-12-17T03:14:32.000Z
"""The talks were held in a businesslike and constructive way."" Press statements after meeting with Mongolian President Ukhnaagiin Khurelsukh  bit.ly/3ISuzSV",3,Russian,KremlinRussia_E,2021-12-16T17:19:33.000Z
#Kremlin: Talks with President of Mongolia Ukhnaagiin Khurelsukh  bit.ly/325jEEv,3,Russian,KremlinRussia_E,2021-12-16T14:45:16.000Z
Meeting of the Council for Strategic Development and National Projects  bit.ly/3oWximg,3,Russian,KremlinRussia_E,2021-12-15T17:27:45.000Z
"Meeting with President of China Xi Jinping: developing bilateral ties in energy, high technology, investment and trade  bit.ly/3ITOzET",3,Russian,KremlinRussia_E,2021-12-15T11:26:59.000Z
Vladimir Putin held a meeting with Government members  @GovernmentRF  bit.ly/3m4iW1u,3,Russian,KremlinRussia_E,2021-12-14T18:28:49.000Z
"Telephone conversation with President of France: joint efforts in fighting the pandemic, the migration crisis on the Belarus border  bit.ly/3EQiRG1",3,Russian,KremlinRussia_E,2021-12-14T18:17:17.000Z
Telephone conversation with President of Finland Sauli Niinistö  @niinisto  bit.ly/3oTeLav,3,Russian,KremlinRussia_E,2021-12-14T16:11:01.000Z
"On December 16, Vladimir Putin will hold talks with President of Mongolia Ukhnaagiin Khurelsukh  bit.ly/31XEfKU",3,Russian,KremlinRussia_E,2021-12-14T08:48:11.000Z
Telephone conversation with British Prime Minister  @BorisJohnson  bit.ly/3s6K3g7,3,Russian,KremlinRussia_E,2021-12-13T18:10:34.000Z
#NovoOgaryovo: Meeting with Constitutional Court Chairman Valery Zorkin  bit.ly/3pV63HY,3,Russian,KremlinRussia_E,2021-12-13T13:59:53.000Z
Meeting with permanent members of the Security Council  bit.ly/3meM8Dd,3,Russian,KremlinRussia_E,2021-12-10T16:05:58.000Z
Meeting of the Supreme Eurasian Economic Council  bit.ly/3EMwoON,3,Russian,KremlinRussia_E,2021-12-10T13:37:34.000Z
Telephone conversation with President of South Africa Cyril Ramaphosa  bit.ly/3dHCaFn,3,Russian,KremlinRussia_E,2021-12-09T17:46:40.000Z
Meeting of Council for Civil Society and Human Rights  bit.ly/3oDJgRJ,3,Russian,KremlinRussia_E,2021-12-09T16:14:42.000Z
Telephone conversation with Angela Merkel  bit.ly/3rNmqsL,3,Russian,KremlinRussia_E,2021-12-09T12:32:34.000Z
Meeting with young scientists,3,Russian,KremlinRussia_E,2021-12-08T21:49:44.000Z
Message to Angela Merkel on end of tenure as Federal Chancellor of Germany  bit.ly/3oB7agT,3,Russian,KremlinRussia_E,2021-12-08T17:52:16.000Z
Transcript of the news conference following Russia-Greece talks  bit.ly/31IiVJ4,3,Russian,KremlinRussia_E,2021-12-08T16:13:28.000Z
Congratulations to Olaf Scholz on taking office as Federal Chancellor of Germany  bit.ly/3rJ2zet,3,Russian,KremlinRussia_E,2021-12-08T14:18:50.000Z
Vladimir Putin and Prime Minister of Greece Kyriakos Mitsotakis are holding a joint news conference following their talks in Sochi  bit.ly/3dvg5d4,3,Russian,KremlinRussia_E,2021-12-08T13:40:25.000Z
Congratulations to Federal Chancellor of Austria Karl Nehammer  bit.ly/3dyJumV,3,Russian,KremlinRussia_E,2021-12-08T11:14:33.000Z
Meeting on economic issues  bit.ly/3ygKxl7,3,Russian,KremlinRussia_E,2021-12-07T17:44:13.000Z
Meeting with US President Joseph Biden  @JoeBiden  bit.ly/3EBE1aW,3,Russian,KremlinRussia_E,2021-12-07T16:49:03.000Z
Launching passenger service on a new section of the Moscow Metro’s Big Circle Line  bit.ly/3lGflX2,3,Russian,KremlinRussia_E,2021-12-07T16:23:30.000Z
"Russian MFA Spox article on the anniversary of the #Khatyn massacre: t.me/MFARussia/28824   In 2024, I visited its memorial to honour the memory of those brutally killed by the Nazis & their henchmen.  Local residents remember well: the butchers came from Western Ukraine",3,Russian,mfa_russia,2026-03-22T21:08:33.000Z
"83 years ago, 149 villagers  (incl. 75 children) were burned in Khatyn by Nazis and Ukrainian collaborators.  Not all perpetrators were brought to justice. Few found peace in Canada.   #WeRemember #Victory81 #lestweforget",3,Russian,mfa_russia,2026-03-21T21:11:57.000Z
"On March 22, 1945, the League of Arab States (#LAS) was established in Cairo.  In 1990, its Representative Office was opened in Moscow & continues to successfully operate.   #RussiaLAS ties are steadily expanding, i.a. through new dialogue formats. t.me/MFARussia/28822",3,Russian,mfa_russia,2026-03-22T18:09:44.000Z
"March 22, 2024…  Two years have passed since the horrific terrorist attack at Crocus City Hall, which claimed 149 lives & shattered hundreds of others.  19 perpetrators have already been sentenced. Justice will inevitably reach the rest. t.me/MFARussia/28815",3,Russian,mfa_russia,2026-03-22T16:44:44.000Z
"On March 19 Vladlen Semivolos, Ambassador of Russia to Uganda, was hosted by Ms. Proscovia Nabbanja, Chief Executive Officer of UNOC. Matters of cooperation in the energy sector were extensively discussed during the meeting.",3,Russian,mfa_russia,2026-03-20T17:31:51.000Z
"On March 20, Foreign Minister Sergey Lavrov held a traditional meeting with the ambassadors of #ASEAN member states accredited in Moscow.   The sides engaged in a substantive discussion on advancing #RussiaASEAN strategic partnership. t.me/MFARussia/28805",3,Russian,mfa_russia,2026-03-21T06:37:36.000Z
Maria #Zakharova on Ukrainian & US citizens being detained in India on terrorist activities charges:  Zelensky’s neo-Nazi regime exports instability worldwide.  Russia has repeatedly warned about risks of Ukraine's militarisation. t.me/MFARussia/28804,3,Russian,mfa_russia,2026-03-20T18:59:52.000Z
"On March 20, Presidents Vladimir Putin and Kassym-Jomart Tokayev had a telephone conversation.  President of Russia warmly congratulated President of Kazakhstan on the successful referendum on the Republic’s new Constitution. t.me/MFARussia/28803",3,Russian,mfa_russia,2026-03-20T17:16:12.000Z
"#Zakharova: The US-Israeli coalition continues to fan the flames of war in the Middle East that it has itself ignited.  On March 18, the major Caspian port of Bandar-e Anzali – a key hub for Russia-Iran trade, including food supplies – was hit. t.me/MFARussia/28802",3,Russian,mfa_russia,2026-03-20T15:21:34.000Z
Regular consultations between the Russian delegation and Provisional Technical Secretariat took place on the margins of the 66th session of WGB of the Preparatory Commission for the  @CTBTO     Status of the Russian International Monitoring System facilities was discussed,3,Russian,mfa_russia,2026-03-20T15:08:27.000Z
"On March 19 in Brasilia, consultations on arms control, disarmament & non-proliferation were held at the level of the Heads of the relevant MFA Departments of Russia & Brazil.  The Sides discussed the situation in international security & stability. t.me/MFARussia/28801",3,Russian,mfa_russia,2026-03-20T13:50:16.000Z
"#Zakharova: In light of the hundreds of journalists killed in Gaza, today's Israeli attack on RT correspondents –  @SweeneySteve  & his cameraman – cannot be described as accidental.  We wish them a speedy recovery.   We expect a response from international organisations.",3,Russian,mfa_russia,2026-03-19T13:57:31.000Z
"Congratulations to the Kenyan delegation led by  @MusaliaMudavadi  on a successful & forward-looking visit: the Moscow talks gave fresh momentum to Russia-Kenya dialogue, opening new opportunities in trade, education, tourism & broader cooperation rt.com/africa/635226- …",3,Russian,mfa_russia,2026-03-19T09:36:01.000Z
"We call on  @UNESCO_DG  Khaled El-Enany, in accordance with relevant decisions of the General Conference and Executive Board on Safety of Journalists, to condemn this crime.",3,Russian,mfa_russia,2026-03-19T13:26:13.000Z
"On March 18, FM Sergey #Lavrov & Head of the Federal Department of Foreign Affairs of Switzerland  @ignaziocassis  exchanged congratulatory messages on the occasion of the 80th anniversary of the restoration of diplomatic relations between the two countries.",3,Russian,mfa_russia,2026-03-19T11:30:00.000Z
"#Zakharova: Former UK PM John Major has recently strongly criticized the US & Israel for attacking Iran, without even a #UNSC mandate.  Apparently, he conveniently forgot how eager he was to invade Iraq in 2003 over Colin Powell’s “test tube” hoax.   Staggering hypocrisy.",3,Russian,mfa_russia,2026-03-19T10:40:46.000Z
"#Announcement   On May 12-17, 2026, the International Economic Forum “Russia – Islamic World: Kazan Forum” will take place.  #KazanForum aims to strengthen cooperation in various fields between #Russia & the  @OIC_OCI  member states.   Learn more:  kazanforum.ru/en/",3,Russian,mfa_russia,2026-03-19T09:37:21.000Z
"On March 18 H.E. Vladlen Semivolos, Ambassador of Russia to Uganda paid a farewell visit to Hon. Jim Katugugu Muhwezi, Minister for Security of the Republic of Uganda.",3,Russian,mfa_russia,2026-03-19T07:24:36.000Z
"ANNOUNCEMENT  On March 19, an international teleconference War crimes of the AFU against the civilian population of the Belgorod region will take place.  This is the fourth international teleconference organized by the Delegation of the Russian Federation to the Vienna",3,Russian,mfa_russia,2026-03-19T06:50:57.000Z
"On March 18, a delegation of Ministry of Agriculture of Russia, led by its Deputy Minister Mr. Maxim Markovich, was in Addis Ababa on a working visit.   During the visit he was received by Minister of Agriculture of Ethiopia H.E Addisu Arega.  More:  shorturl.at/8zhVX",3,Russian,mfa_russia,2026-03-19T06:35:01.000Z
#Zakharova: Russia strongly condemns the absolutely unacceptable missile strike on the inner perimeter of the Bushehr NPP.  The US & Israel must abandon reckless attacks on Iran’s nuclear infrastructure.   We expect a clear & unequivocal condemnation from  @iaeaorg .,3,Russian,mfa_russia,2026-03-18T15:30:00.000Z
"#Zakharova: On March 11, European Commission President  @vonderleyen  claimed that “returning to Russian fossil fuels would be a strategic mistake”.  A mistake for whom?    For Europeans – as one in ten struggles to afford full heating?",3,Russian,mfa_russia,2026-03-18T15:00:04.000Z
"#Zakharova: On March 18, a Warsaw court has ruled to allow the extradition of Russian archaeologist Alexander #Butyagin to Ukraine.   The decision will be appealed. This is a politically motivated case with no legal grounds.  We will seek his swift return to Russia.",3,Russian,mfa_russia,2026-03-18T14:45:00.000Z
"#Zakharova: The Ukrainization policy has undoubtedly failed.  Despite the bans & harassment by language purification activists, people in Ukraine use every opportunity to switch to their native [RUSSIAN] language, which is becoming increasingly popular among young people",3,Russian,mfa_russia,2026-03-18T14:30:00.000Z
#Zakharova: The Verkhovna Rada is increasing pressure on those unwilling to face near-certain death.  It plans to tighten draft regulation by lowering the threshold for women.  This comes as no surprise & reflects the Kiev regime’s cold-blooded disregard for Ukrainians’ lives.,3,Russian,mfa_russia,2026-03-18T14:15:00.000Z
#Zakharova: April 19 – the Day of Remembrance for the Victims of the Genocide of the Soviet People during the Great Patriotic War (1941-1945).  Our duty to the memory of our ancestors is to ensure that these crimes are never forgotten.  #NoStatuteOfLimitations,3,Russian,mfa_russia,2026-03-18T14:00:01.000Z
#Zakharova: We are closely monitoring South Korea’s plans regarding NATO’s initiative on the “priority needs list” for Ukraine.   We expect Seoul to continue following a restrained approach in line with its assurances to not supply Kiev regime with lethal weapons.,3,Russian,mfa_russia,2026-03-18T13:45:00.000Z
"Amid an artificially fuelled atmosphere of confrontation, Russia reaffirms its unwavering solidarity with the Government & the brotherly people of #Cuba.   We strongly condemn attempts at gross interference in the internal affairs of Cuba. t.me/MFARussia/28750",3,Russian,mfa_russia,2026-03-17T21:03:08.000Z
"#Zabolotskaya: Combating intolerance against Muslims is in line with Russia’s efforts to strengthen intercultural, interreligious and inter-civilization dialogue, as well as to counter discrimination in all forms and manifestations. is.gd/eKbIyl",3,Russian,mfa_russia,2026-03-17T20:37:52.000Z
"Even before Nazi Germany’s surrender, Western intelligence agencies began preparing for confrontation with the USSR, including using Nazi leftovers & their cronies  Today, as it was 75 years ago, the collective West provides aid to Ukrainian Nazis. t.me/MFARussia/28745",3,Russian,mfa_russia,2026-03-17T19:34:04.000Z
"On March 17, Russia's Deputy FM Alexander #Alimov & India’s Deputy Minister of External Affairs  @AmbSibiGeorge  held consultations in New Delhi on strengthening bilateral coordination at the UN, exchanged views on key issues on the UNSC agenda. t.me/MFARussia/28744",3,Russian,mfa_russia,2026-03-17T19:14:34.000Z
"Statement by a Russian representative during the dialogue with the Special Rapporteur on minority issues, 61th Session of the UN Human Rights Council   March 17, 2026, Geneva    t.me/RussiaGeneva/3 …",3,Russian,mfa_russia,2026-03-17T18:54:21.000Z
"#NoStatuteOfLimitations   75 years ago, Ukrainian nationalists who collaborated with Hitler & Nazi Germany called upon the US to aid its struggle vs USSR  By this time, the West had already been assisting Ukrainian nationalists  Historical retrospect   t.me/MFARussia/28745",3,Russian,mfa_russia,2026-03-17T18:51:42.000Z
"Statement by a Russian representative during the Interactive Dialogue on the human rights situation in Iran, 61th Session of the UN Human Rights Council   March 16, 2026, Geneva    t.me/RussiaGeneva/3 …",3,Russian,mfa_russia,2026-03-17T15:41:54.000Z
"Briefing by Ambassador Albert P. Khorev on the situation in and around Ukraine (March 17, 2026)   Read in full:  tinyurl.com/5xj483ws  Key points:  Russia views the conflict in Ukraine not as a standoff between Russia and Ukraine, but rather as an indirect confrontation",3,Russian,mfa_russia,2026-03-17T15:14:11.000Z
"Through their treacherous and unprovoked attack on Iran, the US and Israel have unleashed an unprecedented spiral of violence in the Middle East.   We reiterate our resolute call to all parties for an immediate cessation of hostilities. t.me/MFARussia/28733",3,Russian,mfa_russia,2026-03-16T19:30:25.000Z
#Evstigneeva: Russia voted in favor of the UNSC resolution extending the mandate of the #UNAMA for a period of 3 months.  We commend the efforts undertaken by the Chinese penholders on the Afghan file with a view to finding compromise-based solutions. is.gd/oYhEIL,3,Russian,mfa_russia,2026-03-16T19:14:57.000Z
"On March 10, H.E. Mr Anatoly Borovik, Russian Ambassador, met with H.E. Mr Kung Phoak, MFAIC Secretary of State, to discuss the prospects for development of the #RussiaASEAN Dialogue Partnership in light of the 35th Anniversary of the relations between Russia and the Association.",3,Russian,mfa_russia,2026-03-16T10:44:56.000Z
"On March 15, Ambassador of Russia, Alexander Khozin, met with the State Minister for Foreign Affairs, Shama Obaed Islam.  Learn more:  facebook.com/share/p/1CXBMH …",3,Russian,mfa_russia,2026-03-16T03:23:32.000Z
"#NoStatuteOfLimitations   On March 16, 1968, US Army troops carried out the My Lai massacre in Vietnam’s Quang Ngai Province, killing more than 500 civilians, including 173 children and 182 women (17 pregnant).  Read more:  t.me/MFARussia/28727",3,Russian,mfa_russia,2026-03-16T16:16:59.000Z
"On March 16, President #Putin &  @AbiyAhmedAli  spoke over the phone.  The Leaders discussed current issues on the bilateral agenda, reaffirming their mutual commitment to further strengthening friendly #RussiaEthiopia relations. t.me/MFARussia/28716",3,Russian,mfa_russia,2026-03-16T14:18:35.000Z
President #Putin sent his condolences to President & Prime Minister of Ethiopia  @TayeAtske  &  @AbiyAhmedAli .   Please accept my deepest condolences over the tragic consequences of the landslides & floods that struck the south of Ethiopia. t.me/MFARussia/28715,3,Russian,mfa_russia,2026-03-16T13:43:45.000Z
#LIVE: Russia's Foreign Minister Sergey Lavrov and Prime Cabinet Secretary and Cabinet Secretary for Foreign and Diaspora Affairs of the Republic of Kenya Dr. Musalia Mudavadi hold a joint news conference following talks in Moscow,3,Russian,mfa_russia,2026-03-16T10:45:17.000Z
#LIVE: Russia's Foreign Minister Sergey Lavrov and Prime Cabinet Secretary and Cabinet Secretary for Foreign and Diaspora Affairs of the Republic of Kenya Dr. Musalia Mudavadi  x.com/i/broadcasts/1 …,3,Russian,mfa_russia,2026-03-16T09:11:05.000Z
"#RussiaHelps   On March 12, Russia’s EMERCOM ( @MchsRussia ) delivered 13K+ tonnes of medical supplies to Azerbaijan with a further transfer to the recipients –  the people of Iran.",3,Russian,mfa_russia,2026-03-13T14:58:01.000Z
"On March 13, FM Sergey #Lavrov &  @DrRobFloyd  held a meeting in Moscow.  Russia reaffirmed its commitment to the entry into force of the Comprehensive Nuclear-Test-Ban Treaty & to observing the voluntarily declared moratorium on nuclear testing. t.me/MFARussia/28681",3,Russian,mfa_russia,2026-03-13T13:17:04.000Z
#LIVE: Russia's Foreign Minister Sergey Lavrov's opening remarks at a meeting with IAEA Director General  @rafaelmgrossi  ruptly.video/event_route?li …    mid.ru/en/press_servi …,3,Russian,mfa_russia,2026-03-13T12:35:05.000Z
#LIVE: Russia's Foreign Minister Sergey Lavrov's opening remarks at a meeting with the CTBTO Preparatory Commission Executive Secretary Robert Floyd    ruptly.video/event_route?li …    mid.ru/en/press_servi …,3,Russian,mfa_russia,2026-03-13T09:06:49.000Z
"On March 12, FMs Sergey #Lavrov &  @BrunoRguezP  spoke over the phone.  Sergey Lavrov reaffirmed Russia’s stance: US economic & political pressure on Cuba is unacceptable.  The Ministers also discussed the schedule of upcoming #RussiaCuba contacts. t.me/MFARussia/28674",3,Russian,mfa_russia,2026-03-12T21:08:51.000Z
"#Nebenzia: Russia's position vis-à-vis the supposed activation of the mechanism for reinstating anti-Iranian UNSC resolutions is unchanged, principled, and consistent.  The United Kingdom, France, and Germany could not trigger this instrument. is.gd/9ZwTqs",3,Russian,mfa_russia,2026-03-12T20:36:04.000Z
"#Polyanskiy: On March 10, the Ukrainian armed formations launched a deliberate strike on a peaceful business district in #Bryansk. Seven people were killed, and more than forty were injured, including a child. The strike was carried out with British #StormShadow missiles,",3,Russian,mfa_russia,2026-03-12T19:10:06.000Z
"#Polyanskiy: A group of Western states continues to use the #OSCE platform solely for anti-Russian rhetoric exercises, completely ignoring the real state of affairs. The words of European capitals about their interest in dialogue with Russia are shattered by their deeds:",3,Russian,mfa_russia,2026-03-12T19:07:50.000Z
"On March 12, the Russian court sentenced 15 of 19 defendants in the Crocus City Hall terrorist attack case to life imprisonment.  The heinous crime, carried out in the interests of the Kiev regime, took place on March 22, 2024, claiming 150 lives. t.me/MFARussia/28670",3,Russian,mfa_russia,2026-03-12T18:00:00.000Z
"#KievRegimeCrimes  #Zakharova: The neo-Nazi Kiev regime continues to perpetrate terrorist attacks by targeting civilians, venting its frustration with its failures on the front lines.  Over 240 civilians, including 13 children, suffered over the past week.   31 were killed",3,Russian,mfa_russia,2026-03-12T12:20:00.000Z
"#Zakharova: Over the past 12 years, #Crimea has undergone profound changes.  One of the most significant achievements has been the major modernization of the Crimea’s infrastructure.  Massive projects are underway in every sector!  #CrimeaIsRussia",3,Russian,mfa_russia,2026-03-12T12:05:00.000Z
"#Zakharova: On March 16, 2014, a nationwide referendum took place in which the residents of #Crimea & #Sevastopol voted to return to Russia   A historic choice that became a symbol of restoring historical justice & safeguarding Russia’s national interests  #CrimeaIsRussia",3,Russian,mfa_russia,2026-03-12T11:55:00.000Z
#Zakharova: Russia & China abstained in the UN Security Council vote on the draft resolution proposed by Bahrain because we disagree with the document’s concept.   The draft ignores the root cause of the current escalation in the region.,3,Russian,mfa_russia,2026-03-12T11:37:00.000Z
"#Zakharova: Due to the destruction of hospitals & the large number of wounded, Iran has requested medical supplies from friendly countries, including Russia.   #RussiaHelps: On the instruction of President #Putin, humanitarian aid will be delivered to the Iranian people.",3,Russian,mfa_russia,2026-03-12T11:27:00.000Z
"#Zakharova: We assess the humanitarian situation in the Middle East as extremely challenging.  According to the authorities, the number of victims among the Iranian civilian population due to the illegal military actions of Washington and Tel Aviv has reached thousands.",3,Russian,mfa_russia,2026-03-12T11:17:00.000Z
"#Zakharova: We urge the US & Israel to cease their aggression vs Iran, return to the negotiating table.  It is crucial that all Parties involved in the Middle Eastern conflict, including our Arab partners, show common sense & restraint, & avoid double standards.",3,Russian,mfa_russia,2026-03-12T11:07:00.000Z
"#LavrovSchedule   On March 16, FM Sergey #Lavrov to hold talks with Kenya’s Prime Cabinet Secretary and CS for Foreign and Diaspora Affairs  @MusaliaMudavadi .  They will discuss the current state and prospects of #RussiaKenya relations.",3,Russian,mfa_russia,2026-03-12T10:56:28.000Z
Yesterday's AFU strike on Bryansk was carried out using British long-range Storm Shadow missiles.  London's goal is to derail the peace process through a large-scale provocation involving civilian casualties & trigger an escalation of hostilities. t.me/MFARussia/28650,3,Russian,mfa_russia,2026-03-11T15:11:54.000Z
"On March 11, FMs Sergey #Lavrov & Badr #Abdelatty spoke over the phone.  The Foreign Ministers stressed the need to promptly resume political & diplomatic efforts aimed at achieving lasting stability & security in the Middle East. t.me/MFARussia/28649",3,Russian,mfa_russia,2026-03-11T14:07:59.000Z
"On March 11, President #Putin &  @MohamedBinZayed  spoke over the phone.  The Leaders continued their exchange of views on the dangerously deteriorating situation in the Middle East, fraught with serious consequences for the entire region & beyond. t.me/MFARussia/28648",3,Russian,mfa_russia,2026-03-11T13:28:03.000Z
"On March 10, Sergey #Lavrov &  @FaisalbinFarhan  spoke over the phone.  The Foreign Ministers emphasized the need to consolidate the efforts of the international community to prevent further deterioration of the situation in the Middle East. t.me/MFARussia/28646",3,Russian,mfa_russia,2026-03-11T12:18:50.000Z
"On March 11, Presidents of Russia & Azerbaijan spoke over the phone.  Vladimir Putin thanked  @presidentaz  for helping evacuate Russian citizens from Iran & for facilitating the delivery of humanitarian aid from Russia to the Islamic Republic. t.me/MFARussia/28647",3,Russian,mfa_russia,2026-03-11T11:42:16.000Z
"Russian MFA Spox #Zakharova:  On March 10, the Kiev regime deliberately struck the civilian population in Bryansk.  The UN Secretariat &  @antonioguterres  cannot pretend not to see this. Nor can they ignore the number of civilian casualties.  Will they remain silent again?",3,Russian,mfa_russia,2026-03-11T10:35:00.000Z
Russia's Investigative Committee:  A criminal case on charges of a terrorist act has been opened following the massive shelling of Bryansk by Ukrainian militants on March 10.  Strikes by at least 8 missiles killed 4 civilians & injured 42 others. t.me/MFARussia/28643,3,Russian,mfa_russia,2026-03-11T10:03:11.000Z
President Vladimir Putin sent a congratulatory message to the newly elected Supreme Leader of Iran – Ayatollah Seyyed Mojtaba Hosseini Khamenei.   I am confident that you will unite the Iranian people in the face of the severe trials ahead. t.me/MFARussia/28619,3,Russian,mfa_russia,2026-03-09T12:14:00.000Z
"A Report on the #KievRegimeCrimes in February 2026 is now available.  In total, at least 536 civilians were affected by attacks of the Ukrainian militants.   72 people were killed, 464 sustained various injuries.   (PDF)  t.me/MFARussia/28614",3,Russian,mfa_russia,2026-03-09T10:51:24.000Z
"Ahead of the 66th session of the Working Group on Verification of the Preparatory Commission for the  @CTBTO , we prepared a short analytical note on the contemporary rhetoric surrounding nuclear testing  Read in full:  t.me/ViennaMissionR …",3,Russian,mfa_russia,2026-03-09T08:31:10.000Z
South African Representative Wins Mrs. Title at BRICS Beauty Pageant  This year’s grand winners are:   Miss: Valentina Alekseyeva  Mini Miss: Dumalaog Saffira Kara Guille  Mrs: Millicent Mpholodi Tlou   Congratulations to all the participants!,3,Russian,mfa_russia,2026-03-09T08:50:06.000Z
"On March 8, FMs of Russia & the UAE spoke over the phone.  The Ministers expressed deep concern over the situation around Iran & spoke in favour of immediate steps to de-escalate the military confrontation. t.me/MFARussia/28613  #RussiaUAE",3,Russian,mfa_russia,2026-03-08T20:28:21.000Z
Russia's FM Sergey #Lavrov:  President Vladimir #Putin proposed quite some time ago – even before the COVID-19 pandemic – convening a Summit of the permanent UN Security Council members.   It seems to me that now is high time to implement this idea.,3,Russian,mfa_russia,2026-03-08T14:00:00.000Z
"@mfa_russia  wishes a very happy #InternationalWomensDay to all the women worldwide – you are breathtaking!  Dear ladies – colleagues, loved ones & family members – we wish you all the very best!   May you enjoy happiness & love   #IWD2026 #WomensDay",3,Russian,mfa_russia,2026-03-08T10:48:47.000Z
"On March 6, Ambassador Vladlen Semivolos visited the Iranian Embassy in Uganda, where he signed the condolence book in connection with the assassination of the Supreme Leader Ali Khamenei and other senior policy makers of the Islamic Republic of Iran.",3,Russian,mfa_russia,2026-03-06T11:05:45.000Z
"On March 5, Russia’s Deputy FM Andrey #Rudenko visited the Iranian Embassy in Moscow.  He conveyed Sergey #Lavrov’s condolences over the assassination of Iran’s Supreme Leader Ayatollah Ali Khamenei, members of his family & senior officials in the US-Israeli aggression.",3,Russian,mfa_russia,2026-03-06T14:14:55.000Z
"@mod_russia :   On March 6, 300 Russian servicemen have been returned from territory controlled by the Kiev regime in exchange for 300 Ukrainian POWs.   Humanitarian mediation efforts by the UAE & the US contributed to the return of the Russian servicemen.",3,Russian,mfa_russia,2026-03-06T12:03:08.000Z
"On March 6, FMs of Russia & Morocco spoke over the phone.  The Sides discussed priority tasks for further developing #RussiaMorocco relations, as well as pressing regional issues in the context of strengthening bilateral foreign policy coordination. t.me/MFARussia/28587",3,Russian,mfa_russia,2026-03-06T10:37:22.000Z
"President #Putin to President  @FA_Touadera :  Just recently, #RussiaCAR diplomatic relations marked their 65th anniversary.  Our countries have good prospects in the economic & humanitarian spheres.   You are always a welcome guest in Russia. t.me/MFARussia/28583",3,Russian,mfa_russia,2026-03-06T09:38:41.000Z
"On March 5, Ambassador of Russia Marat Pavlov visited the Embassy of Iran in Manila to express condolences on the assassination of the Supreme Leader of the Islamic Republic Seyyed Ali Khamenei and members of his family.",3,Russian,mfa_russia,2026-03-06T08:33:29.000Z
"On March 5, Evgeny Terekhin, Russia’s Ambassador to Ethiopia, visited the Iranian diplomatic mission in Addis Ababa and expressed his condolences on the assassination of the Supreme Leader of the Islamic Republic of Iran, Ayatollah Ali Khamenei, by signing the book of condolences",3,Russian,mfa_russia,2026-03-06T08:01:31.000Z
"Statement by  @Amb_Ulyanov  on the agenda item 6 of the session of the IAEA Board of Governors «Nuclear Safety, Nuclear Security and Safeguards in Ukraine»  Vienna, March 5, 2026   Read in full:  t.me/ViennaMissionR …",3,Russian,mfa_russia,2026-03-05T09:49:55.000Z
"President #Putin to  @FM_Szijjarto :  On March 3,  @PM_ViktorOrban  asked me to consider releasing Hungarian citizens who were forcibly mobilized in Ukraine and taken POW by the Russian army.  I have decided to release two of them – they can return to Budapest on your plane.",3,Russian,mfa_russia,2026-03-05T08:30:00.000Z
#LIVE: Russia's Foreign Minister Sergey Lavrov's remarks at the ambassadors’ round-table on the Ukrainian crisis resolution,3,Russian,mfa_russia,2026-03-05T08:08:18.000Z
"President #Putin to  @FM_Szijjarto :  Despite the well-known challenges, #RussiaHungary relations remain stable & continue to develop in a positive direction.  This also applies to our cooperation in energy policy, including the flagship #Paks NPP. t.me/MFARussia/28570",3,Russian,mfa_russia,2026-03-05T08:06:44.000Z
"Russia's MFA Spox Maria #Zakharova:  @MFA_Russia  with the relevant authorities, have joined the operation to rescue the crew members of #ArcticMetagaz. All 30 crew members are safe.   Russian diplomatic missions continue to monitor the situation. t.me/MFARussia/28568",3,Russian,mfa_russia,2026-03-04T23:59:19.000Z
"Russian Ambassador to Nigeria A.L.Podelyshev, together with diplomatic mission staff, visited the Embassy of Islamic Republic of Iran in Abuja and signed the book of condolences over the assassination of the Supreme Leader of Iran, Seyyed Ali Khamenei and members of his family.",3,Russian,mfa_russia,2026-03-04T18:32:05.000Z
The Russian Embassy in Senegal donated Russian grammar textbooks to Cheikh Anta Diop University of Dakar t.me/AmbRussSenegal …,3,Russian,mfa_russia,2026-03-04T18:28:32.000Z
#Zakharova: Latvia’s treatment of Russians holding residence permits constitutes a violation of basic human rights.  Opening criminal cases against those receiving transfers to accounts in banks under illegal sanctions is nothing but outright discrimination.,3,Russian,mfa_russia,2026-03-04T14:20:00.000Z
"#Zakharova:  @vonderleyen  says the people of Iran have gained “new hope for the future”, justifying the removal of the legitimate leaders of sovereign states.  How many innocents – including children – must be killed for this “hope”? It's a non-question, they simply don't care.",3,Russian,mfa_russia,2026-03-04T13:40:00.000Z
"#Zakharova: We expect the  @iaeaorg  leadership to find the resolve to respond clearly to the lawlessness committed by the US & Israel in Iran, providing an impartial assessment of potential radiological risks  Attempts to downplay the scale of this real threat are unacceptable",3,Russian,mfa_russia,2026-03-04T13:25:00.000Z
"#Zakharova: From the very first day of the US-Israeli aggression against Iran, Russia has been conducting active diplomatic efforts.   The President of Russia has already held phone calls with several Arab leaders, while our Foreign Minister spoke with his counterparts.",3,Russian,mfa_russia,2026-03-04T13:10:00.000Z
#Zakharova: It is clear that the geography of armed confrontation – triggered by the US-Israeli aggression against Iran – continues to spread across the Middle East.   Washington & Tel Aviv bear full responsibility for this latest escalation.,3,Russian,mfa_russia,2026-03-04T12:55:00.000Z
"#Zakharova: During Russia’s #CSTO chairmanship in 2026, efforts will be focused on effectively fulfilling its core mission – maintaining peace & stability in the area of CSTO's responsibility.  Together with our allies, we will protect our common space from external threats.",3,Russian,mfa_russia,2026-03-04T12:45:11.000Z
"#Zakharova: Russia & China maintain the closest coordination – both between Moscow & Beijing and at international venues, including the UN Security Council – amid large-scale military aggression against Iran, carried out despite Tehran’s openness to dialogue.",3,Russian,mfa_russia,2026-03-04T12:39:19.000Z
"#Zakharova: As of March 3, Russian citizens have been evacuated from the Middle East:  253 – via Azerbaijan 31 – via Armenia 8 – via the Iran-Turkmenistan border   Efforts to ensure the safe return of our citizens home will continue.",3,Russian,mfa_russia,2026-03-04T12:21:53.000Z
"#Zakharova: According to our estimates, some 50K Russian tourists are currently in the Middle East & have been affected by the conflict around Iran. @mfa_russia  & other agencies are closely monitoring the situation & assisting with the organisation of evacuation flights.",3,Russian,mfa_russia,2026-03-04T12:11:50.000Z
"#Zakharova: Russian law enforcement agencies continue to hold foreign mercenaries in Ukraine accountable for their crimes.  Argentinian, Swedish and Croatian nationals have been sentenced to 14 years in prison in absentia.  They have been placed on an international stop list.",3,Russian,mfa_russia,2026-03-04T10:14:52.000Z
"#Zakharova: Western journalists have also been witnessing how the Kiev regime hunts civilians. @IvorBennett , the Moscow correspondent for the UK’s Sky News, experienced this firsthand.   A Ukrainian kamikaze drone attacked the crew’s vehicle.  #KievRegimeCrimes",3,Russian,mfa_russia,2026-03-04T10:05:53.000Z
"#KievRegimeCrimes   #Zakharova: The Ukrainian Armed Forces once again used drones and MLRS to target purely residential areas & civilian infrastructure.   Over the past week, more than 150 people were injured, including one child.   22 people were killed.",3,Russian,mfa_russia,2026-03-04T09:58:22.000Z
"#Zakharova: The legitimate authorities of #Iran are in control of the situation in the country, preventing chaos outbreak.  However, the unleashed military campaign entails the gravest consequences for civilians & civilian infrastructure, for the regional and global economy",3,Russian,mfa_russia,2026-03-04T09:43:14.000Z
"#Zakharova: Violence that is leading to a growing number of civilian casualties must be stopped.  In Iran, 165 people have been killed as a result of a barbaric attack on a school in Minab – an atrocity largely ignored in the West.   Most of the victims were schoolgirls.",3,Russian,mfa_russia,2026-03-04T09:36:21.000Z
#Zakharova: There is no doubt that the alleged Iranian threat was merely a pretext for implementing a plan to violently overthrow the constitutional order in a sovereign UN member state.  Washington does not even try to conceal that it is seeking “regime change” in Iran.,3,Russian,mfa_russia,2026-03-04T09:14:46.000Z
#LIVE: Briefing by Russia's Foreign Ministry Spokeswoman Maria Zakharova on topical foreign policy issues,3,Russian,mfa_russia,2026-03-04T08:56:19.000Z
"Russia's EMERCOM:  On the morning of March 4, a special Il-76 flight from Azerbaijan has landed at Zhukovsky Airport near Moscow.    On board were Russian citizens who had left Iran through land border crossing points.",3,Russian,mfa_russia,2026-03-04T08:35:33.000Z
#LIVE: Minister of Foreign Affairs of Russia Sergey Lavrov & Second Minister of Foreign Affairs of Brunei Darussalam Erywan Yusof commence talks in Moscow    mid.ru/en/press_servi …,3,Russian,mfa_russia,2026-03-03T08:12:00.000Z
"Ambassador #Ambarov: Russia remains firmly committed to peace and a diplomatic resolution of the Ukrainian crisis.  We value the African Peace Initiative proposed by President  @CyrilRamaphosa , and President Putin personally thanked him for his efforts. t.me/RussianEmbassy …",3,Russian,mfa_russia,2026-03-03T07:59:04.000Z
"#Nebenzia: Armed conflict is the enemy of education in all senses of the word. Children end up out of schools, cut off from their teachers, and their peers.   They find themselves isolated and under constant stress.    Read in full:  is.gd/qqdmpo",3,Russian,mfa_russia,2026-03-03T00:45:46.000Z
Statement by the Russian delegation on behalf of the States Parties to the Treaty on the Establishment of the Union State of Belarus and Russia under Item 2 of the Agenda of the IAEA BoG Session «Nuclear and Radiation Safety»   Read in full:  t.me/ViennaMissionR …,3,Russian,mfa_russia,2026-03-02T21:26:48.000Z
President Vladimir #Putin and Crown Prince & PM of Saudi Arabia Mohammed bin Salman Al Saud spoke over a phone  The Leaders had a discussion of the escalation in the Middle East resulting from the US and Israel's armed aggression t.me/MFARussia/28543,3,Russian,mfa_russia,2026-03-02T20:13:05.000Z
"From the interview with the Ambassador of Russia to Norway Nikolay Korchunov for RIA Novosti in connection with the Arctic Day (2 March 2026)  Main points:  · We note the recent intensification of contradictions on Arctic issues, including territorial issues, between Arctic",3,Russian,mfa_russia,2026-03-02T19:48:54.000Z
"On March 2, Foreign Minister Sergey #Lavrov had a telephone conversation with Foreign Minister of Saudi Arabia Faisal bin Farhan Al Saud  The Ministers emphasised that Russia and Saudi Arabia advocate for the immediate cessation of all hostilities t.me/MFARussia/28541",3,Russian,mfa_russia,2026-03-02T19:09:46.000Z
#Riyadh | Foreign Minister HH Prince  @FaisalbinFarhan  received a written message from Russian Foreign Minister Sergey Lavrov regarding bilateral relations and mechanisms to strengthen them across all fields.,3,Russian,mfa_russia,2026-03-02T17:03:07.000Z
"President Vladimir #Putin expressed deepest condolences to President of Iran  @drpezeshkian  over the assassination of Supreme Leader of Iran Ali Khamenei   Please, convey my most sincere sympathy & support to the family & friends of the Supreme Leader t.me/MFARussia/28517",3,Russian,mfa_russia,2026-03-01T12:46:18.000Z
Media Q: Is Europeans’ self-preservation instinct completely failing with regard to this nuclear escalation?   FM Sergey #Lavrov: I don’t know about instincts.  This crowd mainly has the ‘Epstein’ sort of instincts. t.me/MFARussia/28516,3,Russian,mfa_russia,2026-03-01T12:27:13.000Z
"Today Ethiopia marks 130 years since #BattleOfAdwa - a decisive victory over Italy in the First Italo-Ethiopian War  Russia supported Ethiopia through military supplies & diplomatic backing, respecting its sovereignty  Adwa remains a symbol of anti-colonial resistance and unity",3,Russian,mfa_russia,2026-03-01T10:35:10.000Z
"On March 3, FM Sergey #Lavrov will hold talks in Moscow with Second Minister of Foreign Affairs of Brunei Erywan #Yusof.    The Ministers are expected to review the current state and prospects for the development of #RussiaBrunei relations. t.me/MFARussia/28514",3,Russian,mfa_russia,2026-03-01T10:10:18.000Z
"#Nebenzia: We demand that the United States and Israel immediately cease their aggressive actions.   There are no and will never be any alternatives to a peaceful and diplomatic resolution of the Iranian issue, including its nuclear component. is.gd/fH6iIq",3,Russian,mfa_russia,2026-03-01T03:26:59.000Z
"#Nebenzia: The actions taken by Washington and West Jerusalem are nothing but yet another unprovoked act of armed aggression against a sovereign and independent  @UN  Member State, in violation of the #UNCharter and of the fundamental principles of international law.",3,Russian,mfa_russia,2026-03-01T03:24:05.000Z
"UK and France, which possess nuclear weapons, certainly bear a special responsibility for the development of the situation regarding their plans to transfer a dirty bomb or its components for production in Ukraine.   Watch my interview with  @RT_com :  t.me/RussiaGeneva/3 …",3,Russian,mfa_russia,2026-02-28T22:06:02.000Z
"On February 28, Foreign Ministers Sergey #Lavrov &  @Araghchi  held a telephone conversation.  Sergey Lavrov pointed out the need to promptly stop the attacks against Iran and to bring back the developments toward political and diplomatic settlement. t.me/MFARussia/28512",3,Russian,mfa_russia,2026-02-28T16:29:20.000Z
"On February 28, the US & Israel have embarked on a perilous course, carried out airstrikes on the territory of Iran  It's a deliberate, premeditated, & unprovoked act of armed aggression against a sovereign & independent UN member state  Full statement:  t.me/MFARussia/28511",3,Russian,mfa_russia,2026-02-28T13:14:56.000Z
"Russian Foreign Minister Sergey Lavrov's comment on timeframes for peace settlement in Ukraine:  We have tasks, not timeframes. And we are addressing them. t.me/MFARussia/28502",3,Russian,mfa_russia,2026-02-26T18:47:37.000Z
"#Zakharova: From March 4-8, #Moscow's Gostiny Dvor will host the Russian folk arts & crafts exhibition “#LADYA. Spring Fantasy-2026”.   Its main goal is cultural enrichment, strengthening interethnic harmony & reinforcing the bonds of friendship among the peoples of Russia.",3,Russian,mfa_russia,2026-02-26T18:00:00.000Z
#Zakharova: Reports on the “Board of Peace” mention preliminary agreements on establishing International Stabilisation Forces for deployment in the Gaza Strip.   All efforts to normalize the situation in Gaza must be carried out in coordination with the Palestinian side.,3,Russian,mfa_russia,2026-02-26T17:45:00.000Z
"#Zakharova: On February 19, the inaugural meeting of the “Board of Peace” on Gaza took place.  We would like to reiterate our readiness to allocate $1 billion for humanitarian needs in Gaza – from Russian funds frozen in the US.   No response from Washington so far.",3,Russian,mfa_russia,2026-02-26T17:30:00.000Z
"#Zakharova: The Kiev regime has created and maintains a prison network where the norms of the Third Geneva Convention are completely ignored.  Beatings, intimidation, mock executions, maulings by dogs, shock torture – all integral elements of Ukraine’s “secret prisons”.",3,Russian,mfa_russia,2026-02-26T17:15:00.000Z
"#Zakharova: The special report by Rodion #Miroshnik points to systematic torture in Ukraine’s so-called “secret prisons”.  It contains testimonies from Russian servicemen confirming the widespread use of abuse, torture, threats, violence and killings.  #KievRegimeCrimes",3,Russian,mfa_russia,2026-02-26T17:00:00.000Z
"#Zakharova: Ukraine’s halt of oil transit via the Druzhba pipeline to Hungary & Slovakia threatens the energy security of those countries.  Meanwhile, the European Commission cynically turns a blind eye to risks to uninterrupted energy supplies across the EU.",3,Russian,mfa_russia,2026-02-26T16:45:00.000Z
"#Zakharova: On February 20, an informal UN Security Council meeting under the Arria formula was held on Western media coverage of the Ukraine crisis.  The discussion drew particular interest from our partners in the Global South.",3,Russian,mfa_russia,2026-02-26T16:30:00.000Z
#Zakharova: The main enemy of the Kiev regime and its supporters is the Russian language.  Nowhere else in the world have so many legislative bans been imposed on a single language.  The twisted logic of neo-Nazis waging war on everything Russian knows no limits.,3,Russian,mfa_russia,2026-02-26T12:45:00.000Z
"#Zakharova: The rise of Nazism in Ukraine is no fringe phenomenon – it has become state policy, aimed at building a monoethnic state through the destruction of Russians.  With each passing day, more evidence emerges confirming this.",3,Russian,mfa_russia,2026-02-26T12:30:01.000Z
"#Zakharova: Looking back at Churchill’s Fulton speech – one is struck by how closely its theses echo the rhetoric of current-day Western politicians.    years later, history repeats itself – under the banner of defending “democratic values”, the West arms neo-Nazis.",3,Russian,mfa_russia,2026-02-26T12:15:00.000Z
"Ambassador Kelin: Europeans stand for the prolongation of the Ukraine conflict, making belligerent comments, such as that the Ukrainian army is very strong and still capable of fighting Russia, and that the Russian economy is in ruins.  This is a kind of self-induced hypnosis.",3,Russian,mfa_russia,2026-02-26T12:00:01.000Z
"Ambassador Andrei Kelin: Everyone understands that Ukraine is steadily losing.  It is losing economically and in terms of its industrial and human potential, due to the exodus of Ukrainians from the country and losses on the front. t.me/RusEmbUK/2894",3,Russian,mfa_russia,2026-02-26T10:43:19.000Z
"Letter by Ambassador of Russia to Indonesia Sergei Tolchenov to the Editor-in-Chief of  @jakpost  (26 February 2026)   I noticed the interview with Ralf Beste, German Ambassador to Indonesia, ASEAN and Timor-Leste, published in The Jakarta Post on Feb. 20, 2026. I find it",3,Russian,mfa_russia,2026-02-26T03:25:25.000Z
"On February 18, 2026, a formal reception marking Defender of the Fatherland Day of the Russian Federation was held in Jakarta.    The event brought together military attachés of friendly countries, representatives of diplomatic missions, Russian compatriots, Indonesian",3,Russian,mfa_russia,2026-02-25T08:30:54.000Z
"The British establishment has invested substantial political capital in the Kiev regime, as well as considerable budgetary resources in its own military-industrial complex, which largely explains its inability to abandon its confrontational course. t.me/RusEmbUK/2890",3,Russian,mfa_russia,2026-02-25T07:30:00.000Z
Today marks 128 years since the establishment of diplomatic relations between Russia and Ethiopia.  We warmly congratulate our Ethiopian colleagues and friends on this shared anniversary! We reaffirm our commitment to continuing to develop all aspects of our bilateral relations.,3,Russian,mfa_russia,2026-02-25T07:24:09.000Z
"#Nebenzia: British and French leaders, who remain out of the loop in the process of resolving the Ukrainian issue, have definitively lost touch with reality.  But if Europe starts a war, then Russia stands ready for it. is.gd/aEcCY6u",3,Russian,mfa_russia,2026-02-25T04:22:06.000Z
"#Nebenzia: Russia is approaching the trilateral negotiations [on Ukraine] conscientiously and in good faith  Any agreements need to be comprehensive, address our concerns about the root causes of the conflict, and bring about a real end thereof, rather than an ephemeral ceasefire",3,Russian,mfa_russia,2026-02-25T04:05:42.000Z
"#Evstigneeva: Today, when a genuine window of opportunity has opened up for a political settlement of the Ukrainian crisis, it is diplomacy that we must talk about first and foremost, not proclamations. is.gd/QpHJhW",3,Russian,mfa_russia,2026-02-24T22:32:34.000Z
"Statement by Russian Permanent Representative to the UN Office in Geneva, Ambassador Gennady Gatilov at the high-level segment of the Conference on Disarmament   February 24, 2026, Geneva t.me/RussiaGeneva/3 …",3,Russian,mfa_russia,2026-02-24T21:59:44.000Z
"Repeated claims of Russia's impending economic collapse have become detached from reality.  The Russian economy has demonstrated its capacity to adapt, while the West's shaky ivory tower of sanctions has grown ever more cumbersome and ineffective. t.me/RusEmbUK/2890",3,Russian,mfa_russia,2026-02-24T21:45:00.000Z
"Right of reply by Permanent Representative of Russia to the #OSCE D.#Polyanskiy on Ukraine (February 24, 2026):   Every anniversary of the start of Russia's special military operation is an occasion for our country's ill-wishers to engage in lies and defamation of Russia.",3,Russian,mfa_russia,2026-02-24T21:40:15.000Z
Russian MFA Spox #Zakharova:  Ukraine’s strategic course toward full NATO membership was a breach of the 1997 Treaty on Friendship with Russia.  By fully abandoning its neutral & non-aligned status Kiev also violated the 1994 Budapest Memorandum. t.me/MFARussia/28475,3,Russian,mfa_russia,2026-02-24T09:10:02.000Z
#RussiaHelps: Russia delivers humanitarian aid to the people of Madagascar affected by a devastating cyclone.   Two Il-76 aircraft operated by the Russian Ministry of Emergency Situations delivered 60 tonnes of humanitarian cargo to Antananarivo. t.me/MFARussia/28473,3,Russian,mfa_russia,2026-02-23T16:39:52.000Z
"February 23 is Defender of the Fatherland Day.  On February 23, 1918, fighters of the Second Red Army Regiment engaged an advance detachment of German troops marching toward Petrograd.  This date came to be regarded as the founding day of the Red Army. t.me/MFARussia/28462",3,Russian,mfa_russia,2026-02-23T07:30:29.000Z
Greetings of President #Putin on Defender of the Fatherland Day:   We will continue large-scale work to strengthen the Army and Navy with due regard to international developments.  I thank all Russia’s military personnel for their valiant service.  t.me/MFARussia/28461,3,Russian,mfa_russia,2026-02-22T23:38:25.000Z
On February 23 Russia celebrates Defender of the Fatherland Day!  On this day we cherish and remember all those who have defended our Motherland and continues to shield it at this very moment !   #DefenderOfTheFatherlandDay,3,Russian,mfa_russia,2026-02-22T21:13:49.000Z
"On February 22, the Embassy of the Russian Federation in the People’s Republic of Bangladesh held a reception on the occasion of Russian Army Day and Defender of the Fatherland Day.    Learn more:  facebook.com/share/p/1BcTmJ …",3,Russian,mfa_russia,2026-02-22T17:16:39.000Z
"“Maslenitsa” holiday celebrated at the Embassy of Russia in Kuwait  On February 22, the staff of the Embassy of Russia in Kuwait celebrated the traditional Russian “Maslenitsa” holiday. Students of the Embassy’s school acted in a colorful musical and theatrical concert. First",3,Russian,mfa_russia,2026-02-22T13:22:58.000Z
"COMMENTARY BY THE DELEGATION ON THE TWELVE-YEAR ANNIVERSARY OF THE EVENTS ON THE MAIDAN (Vienna, February 22, 2026)  See full video:  t.me/armscontrolrus …  Twelve years ago, the ""Euromaidan"" protests, with the participation of Western ""interested parties,"" reached their",3,Russian,mfa_russia,2026-02-22T12:51:54.000Z
"On February 20, FMs of Russia & Iran spoke over the phone.  The Ministers exchanged views on the current situation regarding the Iranian nuclear programme, including in light of the recent indirect US-Iran contacts held in Geneva. t.me/MFARussia/28452  #RussiaIran",3,Russian,mfa_russia,2026-02-20T11:44:11.000Z
Russia's MFA Spox #Zakharova:  Neither Ukraine’s violations nor the withdrawal of several Western states from the Convention banning anti-personnel mines have received a proper response from its members.  The fragility of this treaty regime is evident. t.me/MFARussia/28451,3,Russian,mfa_russia,2026-02-20T10:29:44.000Z
"On February 19, 2026, on the eve of Defender of the Fatherland Day, the Russian Embassy in Colombo hosted a solemn reception for representatives of the Armed Forces of Sri Lanka and the diplomatic corps. t.me/RusEmbSriLanka …",3,Russian,mfa_russia,2026-02-20T06:19:06.000Z
"Russia's Foreign Ministry Spokeswoman Maria #Zakharova:  Сlaiming that only the US managed to “bring Russia and Ukraine to negotiating table” is, at the very least, incorrect  Even the terminology used is hardly appropriate from a diplomatic standpoint t.me/MFARussia/28450",3,Russian,mfa_russia,2026-02-19T20:15:59.000Z
"Maxim Oreshkin: The excess of sanctions, tariffs and other barriers means that the traditional model, such as payment via Western banks, no longer works.  By attempting to weaponise the financial system, the West is actually destroying it very quickly. t.me/RusEmbUK/2861",3,Russian,mfa_russia,2026-02-19T20:00:00.000Z
"Iulia #Zhdanova:   At the same time, Europeans continue to pump the Kiev regime with weapons, thereby contributing to the escalation of the conflict and to terrorist acts committed by the Kiev authorities.   The ideological narrow-mindedness of those currently responsible",3,Russian,mfa_russia,2026-02-19T17:53:47.000Z
"Permanent Representatives of China, Iran and Russia met with the IAEA Director General Mr, Rafael Mariano Grossi and delivered to him joint messages on issues related to Iran. A special emphasise was made on the need for a politico-diplomatic solution of all the existing problems",3,Russian,mfa_russia,2026-02-19T15:58:58.000Z
"Ambassador #Ambarov met with FM Lejone Mpotjoane to discuss expanding Russia-Lesotho cooperation in economy, higher education & other areas  Appreciation was expressed for Lesotho’s engagement in #Russia-#Africa Partnership Forum & support at the #UN shorturl.at/vUxjI",3,Russian,mfa_russia,2026-02-19T13:30:22.000Z
Russia's Foreign Minister Sergey Lavrov’s interview with  @AlArabiya  television channel  #TheArabWorld #RussiaSaudiArabia #Iran #Syria #Palestine #UkrainianCrisis  Read in full:  t.me/MFARussia/28436,3,Russian,mfa_russia,2026-02-18T20:13:56.000Z
"On February 17, a farewell ceremony was held in Edinburgh for Dairmid Gunn OBE, a man of outstanding personality, who served as chairman of the Scottish branch of the Great Britain-USSR Association and vice-president of the Scotland-Russia Forum. t.me/russian_cg_edi …",3,Russian,mfa_russia,2026-02-18T18:27:43.000Z
"Interview of Ambassador Stepanov with ""RIA Novosti"" News Agency (February 17, 2026)  I hope that bilateral relations will not ultimately descend into a complete rupture.  Russian  t.me/rusembc/7962 English  facebook.com/share/p/17omS7 …",3,Russian,mfa_russia,2026-02-18T18:02:37.000Z
"The Netherlands is increasingly involved in the Ukraine conflict. We see military convoys heading еast daily. Europe is escalating the conflict to justify its economic failures. Dutch pilots in Ukraine, if any, are legitimate target.  Read more:  t.me/embrusnet/2615",3,Russian,mfa_russia,2026-02-18T15:52:54.000Z
"#Zakharova: We would like the US authorities to finally take note of the suffering of Orthodox Christians in Ukraine.  By sponsoring the Kiev regime, the US & the EU are de facto financing large-scale religious persecution.",3,Russian,mfa_russia,2026-02-18T16:00:00.000Z
"#Zakharova: At which negotiating table exactly does the EU expect to claim a seat?  The EU has dismantled every “table” it once sat at – by walking away from talks & resorting to political games.   To have a seat at the table, one must know how to behave properly.",3,Russian,mfa_russia,2026-02-18T15:30:00.000Z
"#Zakharova: The situation in Moldova has deteriorated since pro-Western forces came to power & adopted anti-Russian rhetoric.  Chisinau has been living in a distorted reality, pursuing a Russia-hating policy that undermines sovereignty & leads to social division.",3,Russian,mfa_russia,2026-02-18T15:15:00.000Z
"#Zakharova: In 2025, the  @UN  established a dedicated platform on AI.  On February 12, the #UNGA approved the final list of experts, which includes a Russian representative.  We expect discussions within this framework to be constructive & politics-free.",3,Russian,mfa_russia,2026-02-18T15:00:00.000Z
"#KievRegimeCrimes   #Zakharova: On the eve of the talks in Geneva, the Kiev regime intensified terrorist attacks against Russia’s civilian population.   Over the past week, 147 civilians in Russian territories were affected by AFU actions.  21 people were killed.",3,Russian,mfa_russia,2026-02-18T11:00:01.000Z
#Zakharova: Anyone even remotely familiar with Arctic affairs understands that attempts to shift the blame onto Russia for provoking tensions in the North are utterly groundless.   Steady development of the Russian Arctic is our integral & legitimate right.,3,Russian,mfa_russia,2026-02-18T10:45:00.000Z
"#Zakharova: In response to  @jnbarrot ’s remarks on Navalny –   Under Louis XIV, a network of poisoners operated in France – supplying toxins to ladies eager to rid themselves of their husbands.  We do see how, at times, certain French ladies can treat their spouses…",3,Russian,mfa_russia,2026-02-18T10:30:00.000Z
#Zakharova: The continuing inventiveness & ingenuity demonstrated by Western architects of the Skripal provocation & a similar narrative around the would-be poisoning of Navalny.  We have yet to hear a credible explanation for the bizarre fantasies of our Western opponents.,3,Russian,mfa_russia,2026-02-18T10:15:00.000Z
#Zakharova:  @MunSecConf  has turned into a private-club gathering designed to create the illusion of transatlantic unity for the global public.  Nothing but a competition in Russophobic rhetoric.   Nothing new.,3,Russian,mfa_russia,2026-02-18T10:00:02.000Z
"#Zakharova: This Sunday marked the conclusion of the 62nd  @MunSecConf .  The trend is clear – the Conference is losing its status as a genuine platform for serious dialogue.   Instead, we saw the West publicly sorting out its own disputes.",3,Russian,mfa_russia,2026-02-18T09:45:00.000Z
#Zakharova: A working meeting between FMs Sergey Lavrov &  @BrunoRguezP  will take place today in Moscow to discuss the situation around Cuba.  We express firm solidarity with Havana in the face of unprecedented external pressure.  #RussiaCuba,3,Russian,mfa_russia,2026-02-18T09:30:00.000Z
"The three-party talks are ongoing in Geneva.  Russia's delegation helmed by the Presidential Aide Vladimir #Medinsky, comprising several members including Deputy Foreign Minister Mikhail #Galuzin arrives at the venue.",3,Russian,mfa_russia,2026-02-18T08:44:39.000Z
Canada has no right to comment on Russia’s internal affairs. Russia does not interfere in Canada’s domestic matters and calls on  to adhere to the same principle.  More   t.me/rusembc/7927,3,Russian,mfa_russia,2026-02-15T20:55:34.000Z
"Interview of Denis Gonchar, Ambassador of Russia to Belgium, to RIA Novosti  Key points:  We celebrate Diplomat's Day at a difficult time. Today, in most EU and NATO countries, diplomacy is no longer seen as a tool for compromise. A rational approach has been abandoned in",3,Russian,mfa_russia,2026-02-15T17:08:24.000Z
"The conclusions of the Dutch government about ""Navalny's poisoning"" are completely unfounded. We call for an end to groundless speculation on this topic.  Enough of Western lies on the subject that doesn't relate to them at all.",3,Russian,mfa_russia,2026-02-15T13:14:41.000Z
"What truly shocks is the method now favoured by Western politicians — necro-propaganda.  This is not a quest for justice but mockery of the dead. Even after the death of Alexei Navalny, London and the European capitals cannot allow him to rest in peace t.me/RusEmbUK/2846",3,Russian,mfa_russia,2026-02-14T23:00:00.000Z
"The purpose of this spectacle [accusing Russia of poisoning Alexei Navalny] is clear: to revive waning anti-Russian fervour within Western societies. If there is no pretext, one is invented.  We are accustomed to Western fabulists’ feeble-mindedness. t.me/RusEmbUK/2846",3,Russian,mfa_russia,2026-02-14T22:00:01.000Z
"London claims that the toxin epibatidine has been found in samples allegedly linked to Alexei Navalny's death, & accuses Russia of violating the Chemical Weapons Convention.  There is no reason whatsoever to credit such ""findings"" by Western ""experts"". t.me/RusEmbUK/2846",3,Russian,mfa_russia,2026-02-14T21:01:58.000Z
"years ago, the Red Army liberated #Voroshilovgrad (#Lugansk) from the Nazis.  In 2023, the memorial at the site of the fiercest battles was restored, honouring the heroes of Donbass: from the Civil War to today’s fight against Ukrainian neo-Nazism. t.me/MFARussia/28374",3,Russian,mfa_russia,2026-02-14T15:20:55.000Z
"#Nebenzia: We see #Yemen as a united, sovereign, and cohesive State.   We firmly believe that the Yemeni people are in the position to independently determine their fate.  Read in full:  is.gd/44V7tY",3,Russian,mfa_russia,2026-02-12T22:19:36.000Z
"#Evstigneeva: Russia consistently supports comprehensive cooperation between the international community and the Afghan authorities on all key matters.   There has been no alternative to this approach, and there will never be any. is.gd/UF2Jg7",3,Russian,mfa_russia,2026-02-12T20:05:25.000Z
"#Zakharova: Ottawa still refuse to release the findings of Deschênes Commission:  Canada became a safe haven for at least 800 documented Nazis  While the list remains under lock, stain of complicity doesn’t fall on dead criminals, but on today’s politicians shielding them.",3,Russian,mfa_russia,2026-02-12T19:00:00.000Z
"Russian Presidential Commissioner for Children's Rights #LvovaBelova:  With  @FLOTUS  assistance, we are reuniting families.  30 children from 22 families have been reunited with relatives in Russia.  134 children from 108 families have been reunited with relatives in Ukraine.",3,Russian,mfa_russia,2026-02-12T17:39:14.000Z
The message couldn’t be clearer: you’re preparing for war — not for peace.  President V. Putin has already said that Russia is not planning to go to war against Europe. And don’t forget to ask the ordinary Dutch people whether they would choose war over peace.  #Nederland #war,3,Russian,mfa_russia,2026-02-12T16:37:04.000Z
"On February 10, a reception marking Russia Diplomats’ Day  was held in Jakarta.   Welcoming remarks were delivered by the Ambassador of Russia to ASEAN, H.E. Evgeny Zagaynov, and the Ambassador of Russia to Indonesia, H.E. Sergei Tolchenov. #DiplomatsDay",3,Russian,mfa_russia,2026-02-12T13:30:19.000Z
"On February 10, in Herzliya a reception was held at the residence of Ambassador of Russia to Israel Anatoly Viktorov on the occasion of Diplomatic Worker’s Day   t.ly/EAmFd.",3,Russian,mfa_russia,2026-02-12T13:02:10.000Z
"On February 9, Ambassador Albert P. Khorev participated in a seminar titled ""The Legacy of Russian Diplomacy: Current Status and Prospects for Pakistan-Russia Relations,” hosted by the  @IPRI_Pak . The event was timed to coincide with #DiplomatsDay and featured an exhibition",3,Russian,mfa_russia,2026-02-12T14:51:33.000Z
"#Announcement   On February 8-21 – #Moscow will host the 4th Youth Forum “Foreign Policy Meetings in Memory of Vitaly Churkin”.  The central topic: “Diplomacy in the Era of Hybrid Wars”.   Applications are open, including for junior foreign policy specialists.",3,Russian,mfa_russia,2026-02-12T10:30:01.000Z
#Zakharova: February 13 marks World #RadioDay.   Countries that claim to uphold “freedom of speech” silence Russian radio outlets.  Relevant international organizations prefer to turn a blind eye to the persecution of Russian media.    We consider this unacceptable.,3,Russian,mfa_russia,2026-02-12T10:10:00.000Z
"#Zakharova: From February 16 to March 1, the “Chinese New Year in Moscow” festival will take place.  In the upcoming Year of the Horse, according to the traditional Eastern calendar, we wish everyone sound health & prosperity!  祝大家新春快乐！",3,Russian,mfa_russia,2026-02-12T09:50:00.000Z
"#Zakharova: On February 11, we marked the 250th anniversary of of Russian statesman & diplomat Ivan #Kapodistrias.  The culmination of his national & patriotic service was his election in April 1827 as President (Governor) of the emerging Greek state.",3,Russian,mfa_russia,2026-02-12T09:12:49.000Z
#LIVE: Briefing by Russia's Foreign Ministry Spokeswoman Maria Zakharova on topical foreign policy issues  x.com/i/broadcasts/1 …,3,Russian,mfa_russia,2026-02-12T09:10:12.000Z
"#Zakharova: The Alyosha monument in Plovdiv, Bulgaria, has been vandalised yet again.  The authorities, through their inaction, are condoning blatant acts of revanchism.  But Bulgarian people continue to lay flowers at monuments to Soviet heroes. With them, we stand together.",3,Russian,mfa_russia,2026-02-12T08:24:30.000Z
"#Zakharova:  @kajakallas 's plans to set conditions for Moscow before the EU will even consider supporting peace in Ukraine proves that the European bureaucracy has no intention of ending the conflict.  Meanwhile, the West keeps egging Kiev on, fueling further escalation.",3,Russian,mfa_russia,2026-02-12T08:12:27.000Z
"#Nebenzia: It would be impossible and unfair to talk about attacks on countries in the #MiddleEast region without regard for the root causes of the current escalation, namely the aggression of the US and Israel against #Iran.   is.gd/wxXymC",3,Russian,RussiaUN,2026-03-12T00:20:32.000Z
MFA Spox #Zakharova on attacks against uranium enrichment facilities in Iran:   The international community must give an unbiased and uncompromising assessment of these irresponsible actions. t.me/MFARussia/28807,3,Russian,RussiaUN,2026-03-21T18:13:17.000Z
#Nebenzia: Russia will continue to make every effort to swiftly end the confrontation in the #MiddleEast & to resolve any differences by peaceful means.   We will provide every assistance to the countries in the region & other parties to the conflict. is.gd/O9evYV,3,Russian,RussiaUN,2026-03-12T05:52:54.000Z
"Vassily Nebenzia on Ukrainian Missile Attack on Russia's #Bryansk:   We call on the  @UN  Secretariat to abandon the policy of double standards and to provide an appropriate, clear and unequivocal assessment of this heinous attack.    Read in full:  is.gd/H8mq9m",3,Russian,RussiaUN,2026-03-11T23:08:30.000Z
"#Nebenzia: In the current highly charged environment, we call on West Jerusalem to refrain from using force when interacting with #Lebanon & we urge #Israel to revert to upholding its int'l legal obligations, including those under UNSC Resolution 1701. is.gd/Kgn4YI",3,Russian,RussiaUN,2026-03-11T18:08:09.000Z
President #Putin:  Russia has repeatedly warned that attempts to destabilize the situation in the Middle East would inevitably put the global fuel & energy sector under pressure.   This is precisely what we are witnessing today. t.me/MFARussia/28634,3,Russian,RussiaUN,2026-03-10T12:19:17.000Z
"#Evstigneeva: Russia has consistently advocated for the prompt resolution of outstanding issues related to #Syria's initial declaration under the Chemical Weapons Convention.  In general, this would facilitate the closure of Syria's “chemical file.” is.gd/WKgaSJ",3,Russian,RussiaUN,2026-03-10T20:53:03.000Z
"#Nebenzia: We are concerned about the sharp escalation of armed clashes between #Afghanistan & #Pakistan, both countries are friends of ours.  It is imperative to return the situation to the political & diplomatic track. is.gd/8ji3QX",3,Russian,RussiaUN,2026-03-09T21:55:42.000Z
Russian MFA Spox #Zakharova:  Any steps aimed at assisting Kiev in obtaining a military nuclear capability will be regarded as an attempt to create direct & critical threats to the security of Russia.   It will inevitably be met with a firm response. t.me/MFARussia/28481,3,Russian,RussiaUN,2026-02-24T14:51:17.000Z
"Russia’s Foreign Intelligence Service:  The British & French elites are actively exploring ways to supply Kiev with a nuclear bomb, or at least a so-called “dirty bomb”.  Such reckless plans show that London & Paris have lost touch with reality. t.me/MFARussia/28476",3,Russian,RussiaUN,2026-02-24T10:11:26.000Z
"""Euromaidan"" created a deep rift in Ukrainian society, lead to persecution, fight against dissent, spread of nationalism and neo-Nazism.  The terror and horror brought by the Ukrainian neo-Nazis and nationalists in 2014 must be brought to an end.  t.me/MFARussia/28458",3,Russian,RussiaUN,2026-02-22T06:58:51.000Z
"#Evstigneeva: If we are serious about restoring stability in Europe & preventing further escalation, we must address not only the military & diplomatic dimensions of the Ukrainian crisis, but also the information environment that frames them.   is.gd/xZAWtN",3,Russian,RussiaUN,2026-02-20T20:29:56.000Z
"Russian FM Sergey #Lavrov:  In the emerging #MultipolarWorld, #Russia engages respectfully with those prepared to work on the basis of sovereign equality & other principles of international law.   Such countries constitute the #GlobalMajority. t.me/MFARussia/28344",3,Russian,RussiaUN,2026-02-12T12:00:03.000Z
Russia's FM Spox #Zakharova:  Israel's new decisions concerning the West Bank raise serious concern within the international community.   We call on the Israeli authorities to reconsider these steps in order to avoid further dangerous escalation. t.me/MFARussia/28328,3,Russian,RussiaUN,2026-02-10T18:49:16.000Z
"#Evstigneeva: The volatile situation in #SouthSudan poses a grave threat to the entire subregion & creates fertile ground for major destabilization given porous borders, which facilitate the spillover of fighters & the growth of illegal arms trafficking. is.gd/eM3sXq",3,Russian,RussiaUN,2026-02-10T18:49:39.000Z
"A biased stance by the US, UK, Latvia, Denmark against the CSTO, CIS, SCO blocked a draft SC press statement on #UNRCCA.  Another example of double standards. The regional organizations play a legitimate role in Central Asia & are supported in the region. is.gd/PQL4lW",3,Russian,RussiaUN,2026-02-09T21:26:26.000Z
"Russia's FM #Lavrov in an interview with  @tvbrics :   New centres of rapid economic growth – of financial, political & strategic influence – are emerging.  The world is changing, yet the West is reluctant to relinquish its formerly dominant positions. t.me/MFARussia/28297",3,Russian,RussiaUN,2026-02-09T08:19:20.000Z
"#WeRemember   On January 27, 1944, Leningrad was completely liberated from the Nazi blockade.    days of the barbaric siege by the Nazis of our Northern capital, terrible sufferings caused by the Germans to the people of Leningrad, finally ended. t.me/MFARussia/28141",3,Russian,RussiaUN,2026-01-27T16:11:47.000Z
"Briefing by Russia's Foreign Ministry Spokeswoman Maria #Zakharova of January 22, 2026   #KievRegimeCrimes  #UkraineCrisis  #Iran  #Moldova  #Bolivia #UNWFP  #SiegeOfLeningrad  #Marinera #Piracy  #NewSTART    vk.cc/cTOaHk   vk.cc/cTOaIO",3,Russian,RussiaUN,2026-01-27T13:21:01.000Z
"#Nebenzia: The #UN is not at its highest. To remedy this situation, the Organization needs to get its independence back, rather than playing into the hands of the mighty and the wealthy, as it is currently doing.  Read in full:  is.gd/jUw9jH",3,Russian,RussiaUN,2026-01-27T03:03:57.000Z
"Russian MFA Spox #Zakharova:  Against the backdrop of Zelensky's 'calls for ceasefire', his militants deliberately target ambulances.   3 strikes in 3 days, killing 3 medical workers.   The criminals will be identified & just retribution will inevitably follow.",3,Russian,RussiaUN,2026-01-26T09:24:34.000Z
"#Nebenzia: Since the establishment of #ECOSOC, first the USSR, and now Russia, have actively engaged in its work, and we will continue to do so.  Read in full:  is.gd/vZ6wvC",3,Russian,RussiaUN,2026-01-26T13:41:01.000Z
#Nebenzia: The implementation of the Final Peace Agreement must remain a constant in #Colombia's state policy.  The historic agreements enshrined in the Security Council resolution and the chance for national reconciliation must be safeguarded. is.gd/vpgAfZ,3,Russian,RussiaUN,2026-01-23T21:44:51.000Z
#Nebenzia: Syria needs genuine international cooperation based on respect and the rejection of any unilateral economic sanctions and other barriers that violate the legitimate right of Syrians to independent development. is.gd/AujoGt,3,Russian,RussiaUN,2026-01-22T22:17:32.000Z
"#Nebenzia: It is important for the decisions on both the model of governance after February 7 and the electoral process in #Haiti to be made without external interference, which has been all too common in the country’s history. is.gd/tuA6Vw",3,Russian,RussiaUN,2026-01-22T12:47:17.000Z
#Nebenzia: We call on  @antonioguterres  and the Special Envoy for Yemen to immediately step up efforts to reconcile the Yemeni stakeholders and to establish resilient mechanisms for interaction between them with a focus on launching inclusive dialogue. is.gd/zNCo5r,3,Russian,RussiaUN,2026-01-14T19:59:21.000Z
#Evstigneeva: The draft resolution on the technical extension of the reporting requirement for the Secretary-General on attacks on merchant and commercial vessels in the #RedSea has no added value.  We cannot support this document. is.gd/7mWIdV,3,Russian,RussiaUN,2026-01-14T17:46:55.000Z
"#Nebenzia at UNSC meeting on #Ukraine:   Until the Kiev ringleader comes to his senses and agrees to realistic terms for negotiations, we will continue solving the problems by military means.  Read in full:  is.gd/GaCayX",3,Russian,RussiaUN,2026-01-13T04:13:48.000Z
Anna #Evstigneeva on the issue of incorporating local ownership into #peacebuilding activities:   We firmly believe that any interaction with the host country must be carried out exclusively through close coordination with the national authorities. is.gd/ZXfapJ,3,Russian,RussiaUN,2026-01-12T22:37:01.000Z
Russia's MFA Spox Maria #Zakharova on Kiev regime’s yet another terrorist attack on civilians in Russian regions:   We hope that relevant international bodies will provide an impartial assessment of the criminal acts committed by Ukrainian neo-Nazis. t.me/MFARussia/27976,3,Russian,RussiaUN,2026-01-11T16:04:21.000Z
"@mfa_russia  Spox Maria #Zakharova:   In response to our appeal, US President  @realDonaldTrump  has made a decision to release two Russian nationals from the crew of the oil tanker Marinera. t.me/MFARussia/27966",3,Russian,RussiaUN,2026-01-09T12:07:49.000Z
We call on Washington to immediately cease its unlawful actions against the Marinera and other vessels engaged in lawful activities on the high seas.  We reiterate our demand that the US ensure appropriate treatment of the Russian citizens on board. t.me/MFARussia/27965,3,Russian,RussiaUN,2026-01-08T19:30:00.000Z
"#Chumakov: Russia has consistently advocated and continues to advocate for the prompt resolution of outstanding issues having to do with #Syria's initial declaration under the #CWC, which would facilitate the closure of the Syrian chemical file. is.gd/S0Ugpr",3,Russian,RussiaUN,2026-01-08T19:57:30.000Z
"#Polyanskiy: The problem of using  @Starlink  for criminal purposes is becoming increasingly pressing.  In 2024,  @UNODC  published a report on the use thereof by criminal organizations based in countries of Southeast Asia, which were engaged in online fraud on the int’l level.",3,Russian,RussiaUN,2025-12-29T22:51:11.000Z
"We thank all members of the  @UN  Security Council who supported the Russian-American draft resolution to renew the mandate of  @UNDOF The Syrian #GolanHeights are an integral part of #Syria, as enshrined in UNSC Resolution 497 and subsequent UNSC decisions is.gd/d9l5Dq",3,Russian,RussiaUN,2025-12-29T22:20:08.000Z
Aide to Russia's President Yury Ushakov following Vladimir #Putin &  @realDonaldTrump  telephone conversation:   The Presidents share a broadly similar view that the temporary ceasefire proposed by Ukraine and Europe would merely prolong the conflict. t.me/MFARussia/27896,3,Russian,RussiaUN,2025-12-28T19:39:20.000Z
"On Monday morning (29 December),  @RussiaUN  will convene an Arria-formula meeting titled “Risks and Challenges Emanating from Uncontrolled Use of Low Earth Orbit Satellites”.    Briefers:  @Borodin_AS  and Victor Strelets ( @ITU )   → Read more:  bit.ly/4qpQ5Dt",3,Russian,RussiaUN,2025-12-26T21:18:42.000Z
#Nebenzia:  We firmly condemn the seizure of oil tankers by the US troops and the de facto imposition of a naval blockade on #Venezuela.    The actions by the US violate all key norms of international law.    is.gd/Va6Wco,3,Russian,RussiaUN,2025-12-24T01:28:44.000Z
"Russia’s FM Sergey #Lavrov at the General Meeting of the Commission of Russia for  @UNESCO :  Despite all challenges, Russia has, as always, made a substantial contribution to UNESCO’s work across all its areas of activity in the past year. t.me/MFARussia/27859",3,Russian,RussiaUN,2025-12-23T22:47:00.000Z
Reports by Associated Press regarding alleged 'evacuation' of the Russian Embassy in Venezuela  @EmbajadaRusaVen  are simply put — A LIE.  Be careful and don't fall for Western provocations!,3,Russian,RussiaUN,2025-12-22T21:54:43.000Z
#Nebenzia: No assertions by the former European participants in the #JCPOA can replace the reality in which there has been no restoration of the anti-Iranian  @UN  Security Council resolutions whatsoever.    is.gd/Yk1PPw,3,Russian,RussiaUN,2025-12-24T01:22:58.000Z
"#Zakharova:  Using Russia’s sovereign assets without consent – whether frozen, expropriated or disguised as a “reparations loan” – is illegal under international law.  Whatever pseudo-legal justifications the EU invokes, it amounts to outright theft. t.me/MFARussia/27660",3,Russian,RussiaUN,2025-12-15T11:25:57.000Z
#Polyanskiy: Only with the respect for the principles of the #UNCharter in their entirety can we smoothly transition to genuine and effective #multilateralism whereby all States of the world will win out. is.gd/A0DwLE,3,Russian,RussiaUN,2025-12-15T20:38:16.000Z
"#Evstigneeva: Russia voted in favor of the draft UNSC resolution on youth, peace & security.  We pay great attention to youth issues within the #UN system, with national responsibility & non-interference in internal affairs remaining core principles. is.gd/fq2tek",3,Russian,RussiaUN,2025-12-15T04:02:36.000Z
"Russia’s FM Sergey #Lavrov in the article ahead of the th anniversary of Dayton Peace Agreement:  Only on the international - Dayton - legal platform can durable interethnic reconciliation in BiH, ensuring stability in the Balkans at large. t.me/MFARussia/27649",3,Russian,RussiaUN,2025-12-13T23:43:42.000Z
#OTD in 1960 the Declaration on Granting of Independence to Colonial Countries and Peoples was adopted on the USSR initiative.  In 2025 the UN has proclaimed December 14 the International Day Against Colonialism. t.me/MFARussia/27656,3,Russian,RussiaUN,2025-12-14T17:42:29.000Z
#Evstigneeva: Any significant changes to the #MONUSCO mandate must take into account the real situation on the ground & be based on clear & detailed recommendations from the UN Secretariat.  Only such an approach will make the Mission operational again. is.gd/FWud9P,3,Russian,RussiaUN,2025-12-12T19:10:46.000Z
#Evstigneeva: Russia will continue to support the activities of  @UN  structures in #CentralAfrica and deliver the necessary assistance to Central African States through bilateral channels. is.gd/otXyQx,3,Russian,RussiaUN,2025-12-12T16:34:16.000Z
"#Zabolotskaya: The #IRMCT was established as a temporary structure, which long ago should have been closed.     With its bloated staff & budget of $60 million, the Mechanism’s existence seems absurd.    Read in full:  is.gd/Hq6zkQ",3,Russian,RussiaUN,2025-12-11T20:41:23.000Z
#Zakharova: The Kiev regime is pushing the “Ukrainian children abducted by Russia” narrative.  Russia has always been committed to protecting the rights of minors. We urge everyone to reject these lies & trust only the facts.  We have nothing to hide. t.me/MFARussia/27604,3,Russian,RussiaUN,2025-12-11T14:52:11.000Z
#Chumakov: Attempts to “manage” the global economy through unilateral coercive measures are a relic of colonial thinking that does not work in conditions of the global market and emerging multipolar world order. is.gd/wROFpU,3,Russian,RussiaUN,2025-12-04T20:22:22.000Z
"#Chumakov: Sanctions are a double-edged sword. They seriously harm also those who impose them.   Only due to anti-Russian sanctions, European economy incurred cumulative losses estimated at up to €1.6 trillion in 2022-2025.",3,Russian,RussiaUN,2025-12-04T20:21:14.000Z
President Vladimir #Putin has arrived in India for a two-day state visit.  The Russian leader received a warm personal welcome from Prime Minister  @narendramodi .  #DruzhbaDosti,3,Russian,RussiaUN,2025-12-04T14:08:37.000Z
"#Zakharova:  @kajakallas  says Europe made Ukraine “as strong as possible.”  You know, proponents of the so-called “new ethics” claim that fewer family members make a family wealthier.   So this is how they make it stronger? Fewer people in Ukraine = stronger country?",3,Russian,RussiaUN,2025-12-04T11:00:00.000Z
"Yuri #Ushakov:  President #Putin's talks with  @SteveWitkoff  &  @jaredkushner  were productive.  No compromise yet achieved – some proposals we could accept & discuss, others drew criticism.   Considerable work still lies ahead, contacts will continue. t.me/MFARussia/27461",3,Russian,RussiaUN,2025-12-03T09:00:43.000Z
"#Zabolotskaya: Today we see concrete steps being taken to establish peace in #Ukraine and it'd seem obvious that all efforts should be driven precisely by this imperative, which, however, isn't to the liking of neither the Kiev authorities nor their Canadian and European patrons.",3,Russian,RussiaUN,2025-12-04T01:54:06.000Z
"#Evstigneeva: Today, #Iraq is one of the leading countries in the #MiddleEast. We wish this country and its people success in this new chapter of their history.   We are ready to provide every assistance in this regard.  Read in full:  is.gd/IKxbdV",3,Russian,RussiaUN,2025-12-02T19:34:06.000Z
"Briefing by Russia's Foreign Ministry Spokeswoman Maria #Zakharova of November 27, 2025   #KievRegimeCrimes  #Ukraine #West  #Moldova  #EU #Russophobia  #Japan #Militarisation  #GuineaBissau  #BRICS+  #Laos    vk.cc/cRVaPW   vk.cc/cRVaSu",3,Russian,RussiaUN,2025-12-02T16:17:15.000Z
"#Nebenzia: We are not at war with Ukrainian civilians. Our armed forces are acting with the utmost responsibility, delivering high-precision strikes exclusively on military targets and Ukraine's transport and energy infrastructure. is.gd/B7u1BM",3,Russian,RussiaUN,2025-11-21T02:41:23.000Z
#Evstigneeva: The veto power of its permanent members is the cornerstone of the entire  @UN  architecture.  The veto is an inalienable right and an integral part of the mechanisms enshrined in Article 27 of the #UNCharter. is.gd/NcJclF,3,Russian,RussiaUN,2025-11-20T22:46:05.000Z
"Russia's Council of the Federation:   We call on  @IPUparliament , other international parliamentary bodies & foreign parliaments to firmly condemn threats of force against #Venezuela, to support peace in the Latin American & Caribbean region. t.me/MFARussia/27297",3,Russian,RussiaUN,2025-11-20T12:21:21.000Z
"#Zakharova: On November 19, the Third Committee of the 80th UNGA Session adopted a draft resolution on the “human rights situation in Russia’s historical regions”.   Once again, the sponsors of this document failed to secure its adoption by consensus.",3,Russian,RussiaUN,2025-11-20T13:50:00.000Z
"#Nebenzia: Russia has always been guided by the interests of the Syrian people and will continue to do so.   That is why, we supported the #UN Security Council's decision to lift sanctions against the Syrian leadership. is.gd/yLbyAS",3,Russian,RussiaUN,2025-11-19T19:59:33.000Z
"Briefing by Russia's Foreign Ministry Spokeswoman Maria #Zakharova of November 14, 2025   #KievRegimeCrimes  #UkraineCrisis  #Moldova #CIS  #Sudan  #US #LatinAmerica  #G7    vk.cc/cRrvzd   vk.cc/cRrvzx",3,Russian,RussiaUN,2025-11-19T06:02:36.000Z
"We are already working with the Gulf countries, and maintain almost daily contact with them at a team level. Tangible results have been achieved from our units in the defense field, where we provide our experience and practical support. Other countries in the world should contribute in turn to enhancing stability. We all need joint decisions and coordinated action",4,Ukrainian,ZelenskyyUa,2026-03-22T20:10:40.000Z
We are already working with the Gulf countries and practically every day we are in contact with these countries at the team level. There are already concrete results from our units in defense – we are providing our expertise and our real support. Other countries of the world,4,Ukrainian,ZelenskyyUa,2026-03-22T20:10:35.000Z
"Today, I received a report from our negotiating team following the second day of their meetings in America with envoys of the President of the United States.   I am very grateful to American society for its clear support for a normal, dignified peace for Ukraine. It is important",4,Ukrainian,ZelenskyyUa,2026-03-22T19:18:48.000Z
"A meeting with Commander-in-Chief Oleksandr Syrskyi and Chief of the General Staff Andrii Hnatov. This week, we have observed attempts by the Russians to intensify their offensive efforts, taking advantage of more favorable weather conditions. As a result, the only tangible",4,Ukrainian,ZelenskyyUa,2026-03-22T17:54:40.000Z
"A meeting with Chief of Staff Oleksandr Syrskyi and Chief of the General Staff Andriy Hnatov. During this week, we record attempts by the Russians to intensify offensive attempts, taking advantage of more favorable weather. As a result, the only tangible result for the Russian army was an increase in theirs",4,Ukrainian,ZelenskyyUa,2026-03-22T17:54:41.000Z
"Over the past week, Russia launched nearly 1,550 attack drones against Ukraine, more than 1,260 guided aerial bombs, and two missiles. Over that same week, due to the easing of sanctions, Russia increased its crude oil sales to finance its war.  Revenues give Russia a sense of",4,Ukrainian,ZelenskyyUa,2026-03-22T08:33:58.000Z
I spoke with Metropolitan Epiphanius. My condolences to him and to all Orthodox Christians – the earthly journey of Patriarch Filaret has come to an end. This is a great loss for Ukrainians. He was a strong personality and one of the most steadfast defenders of the Ukrainian,4,Ukrainian,ZelenskyyUa,2026-03-20T13:22:37.000Z
"Spoke with Metropolitan Epiphanius. My condolences to him and to all the Orthodox - Patriarch Filaret's earthly journey has ended. A great loss for Ukrainians. He was a strong personality and one of the strongest defenders of the Ukrainian church, independence and statehood. Ukrainian",4,Ukrainian,ZelenskyyUa,2026-03-20T13:22:38.000Z
Rustem Umerov reported on the outcomes of meetings and negotiations in the Middle East and the Gulf region. We are engaging in detailed discussions with partners at all necessary levels. Our teams are already working with five countries on countering “shahed” drones – we have,4,Ukrainian,ZelenskyyUa,2026-03-20T11:10:00.000Z
"Rustem Umerov's report on the results of meetings and negotiations in the Middle East and the Gulf region. We talk in detail with partners at all necessary levels. Our teams are already working with five countries to counter the ""shaheed"" - expert assessments are provided, we help build",4,Ukrainian,ZelenskyyUa,2026-03-20T11:10:01.000Z
"Eid Mubarak to all Muslims in Ukraine and around the world.   For communities in Ukraine, this year’s Eid al-Fitr is still marked by the full-scale war, now in its fifth year. We remember, however, that Russian aggression began back in 2014 with the Russians once again seizing",4,Ukrainian,ZelenskyyUa,2026-03-20T10:03:29.000Z
"Eid Mubarak to all Muslims in Ukraine and all over the world.  This year's Ramazan Bayram is once again held for the communities of Ukraine during the full-scale war, which has been going on for the fifth year, but we remember that the Russian aggression began back in 2014 when the Russians once again took home and",4,Ukrainian,ZelenskyyUa,2026-03-20T10:03:30.000Z
"Today, the world's eyes are on the situation in the Middle East and the Gulf region. The Iranian regime's ongoing strikes against its neighbors are significantly destabilizing markets and disrupting critically vital energy supply routes.  Many around the world are now talking about the necessity of protecting energy facilities, and the impermissibility of it",4,Ukrainian,ZelenskyyUa,2026-03-19T19:05:44.000Z
The world’s eyes are on the situation in the Middle East and the Gulf region. The Iranian regime’s constant strikes against its neighbors are significantly destabilizing markets and disrupting critically important energy supply routes.  Many around the world are now speaking,4,Ukrainian,ZelenskyyUa,2026-03-19T19:05:36.000Z
"We have received signals from the U.S. side indicating readiness to continue working within the existing negotiation formats to bring an end to Russia’s war against Ukraine. There has been a pause in the talks, and it is time to resume them. We are doing everything to ensure that",4,Ukrainian,ZelenskyyUa,2026-03-19T18:51:43.000Z
"We welcomed President Volodymyr Zelenskyy back to Parliament this week, where he updated the Speakers and Members of both Houses on the situation in Ukraine.",4,Ukrainian,ZelenskyyUa,2026-03-19T14:47:34.000Z
"Report by the Minister of Foreign Affairs of Ukraine, Andrii Sybiha, on the results of his special diplomatic assignments in Latin America. The Minister held meetings with the President and the Minister of Foreign Affairs of Chile, as well as with representatives of more than ten",4,Ukrainian,ZelenskyyUa,2026-03-19T17:48:55.000Z
"I met with Prime Minister Pedro Sánchez. I am grateful to Spain for its support and for this visit – a visit that will also, in many ways, support Ukraine and, importantly, allow us to expand our cooperation: the defense industries of our countries, our defensive capabilities,",4,Ukrainian,ZelenskyyUa,2026-03-18T14:26:11.000Z
"Met Prime Minister Pedro Sanchez. I am grateful to Spain for its support and for this visit. The visit, which will also support Ukraine in many ways and, what is very important, will allow us to increase our interaction: the defense production of our countries, our defense capabilities and our political",4,Ukrainian,ZelenskyyUa,2026-03-18T14:26:12.000Z
"I met with the leadership of the Spanish engineering and technology group Sener Aerospace & Defence. Today, Ukrainian manufacturers signed four cooperation documents here, three of which are specifically with Sener. The agreements concern establishing cooperation in the missile",4,Ukrainian,ZelenskyyUa,2026-03-18T12:24:48.000Z
"Met with the management of the Spanish engineering and technology group Sener Aerospace & Defense. Today, our manufacturers signed four cooperation documents here, three of which are with Sener. The agreements concern the establishment of cooperation in the missile industry and air defense. That's what",4,Ukrainian,ZelenskyyUa,2026-03-18T12:24:49.000Z
"Wishing the Irish in Ireland and around the world a Happy Saint Patrick’s Day!   Ukraine deeply appreciates Ireland’s significant support at the political, economic, and humanitarian level, as well as the shelter your country has given to thousands of Ukrainians.  May peace and",4,Ukrainian,ZelenskyyUa,2026-03-17T20:13:21.000Z
"Happy St. Patrick's Day to the Irish in Ireland and around the world!  Ukraine deeply appreciates Ireland's significant support at the political, economic and humanitarian levels, as well as the shelter your country has provided to thousands of Ukrainians.  May peace and prosperity bless your world",4,Ukrainian,ZelenskyyUa,2026-03-17T20:13:21.000Z
"I met with  @SecGenNATO  Mark Rutte. We discussed many different topics, but first and foremost strengthening air defense and protecting our people from Russian attacks. We are very grateful for the PURL initiative, which allows us to purchase missiles for the Patriots from the",4,Ukrainian,ZelenskyyUa,2026-03-17T19:56:06.000Z
"Met with NATO Secretary General Mark Rutte. Many different topics were discussed, but above all, the strengthening of air defense and the protection of our people from Russian attacks. We are very grateful for the PURL program, thanks to which we can buy missiles from America for the ""patriots"". We will work on",4,Ukrainian,ZelenskyyUa,2026-03-17T19:56:07.000Z
"We must go further. We must build modern defense forces – together. Only together, with you, with our allies. In Europe, we must produce all levels of air defense – against drones and all types of missiles, including ballistic. Our seas must be secure, and our forces in other",4,Ukrainian,ZelenskyyUa,2026-03-17T19:35:24.000Z
We started with simple kamikaze sea drones. Then we built drones with turrets that can shoot down helicopters. Now we have drones that can shoot down Russian fighter jets from the sea. We have developed boats that carry other drones. We also have boats that strike targets on land,4,Ukrainian,ZelenskyyUa,2026-03-17T19:29:39.000Z
I began my working visit to the United Kingdom with an audience with King Charles III.  I thank His Majesty and the entire Royal Family for their unwavering support and solidarity with Ukraine. @RoyalFamily,4,Ukrainian,ZelenskyyUa,2026-03-17T15:03:04.000Z
He began his working visit to Great Britain with an audience with King Charles III.   I thank His Majesty and the entire royal family for their constant support and solidarity with Ukraine.,4,Ukrainian,ZelenskyyUa,2026-03-17T15:03:06.000Z
"In London today. The agenda includes an audience with His Majesty King Charles III, meetings with Prime Minister Keir Starmer and NATO Secretary General Mark Rutte, as well as an address to the British Parliament. Our priorities are clear – more security and opportunities for",4,Ukrainian,ZelenskyyUa,2026-03-17T11:46:43.000Z
"Today in London. An audience with His Majesty King Charles III, meetings with Prime Minister Keir Starmer and NATO Secretary General Mark Rutte, as well as a speech in the British Parliament are planned. Our priorities are clear: more security and opportunities for Ukraine. I",4,Ukrainian,ZelenskyyUa,2026-03-17T11:46:44.000Z
Thank you for the great interview and discussion.,4,Ukrainian,ZelenskyyUa,2026-03-17T09:28:55.000Z
"I believe that in this war of Russia against Ukraine, there are prospects for a peaceful settlement. Of course there are moments of frustration, internal issues, war related complications, all sorts of trouble. But nevertheless, we must understand one thing: Ukraine wants peace,",4,Ukrainian,ZelenskyyUa,2026-03-17T09:24:32.000Z
"Russia mobilizes 40–45 thousand people every month. We must eliminate roughly the same number of troops so that the Russian army doesn’t grow in size. Eliminate them simply so that Russia cannot expand its aggression. Over the past three months, we eliminated 30, 35, and 28",4,Ukrainian,ZelenskyyUa,2026-03-17T09:17:45.000Z
"I would like the U.S. not to perceive Ukraine as a country that merely asks for help. That is not the case. Ukraine is defending interests and values. Of course, the U.S. is right when it says it is farther from this war than Europe. That is understandable. But we see U.S. allies",4,Ukrainian,ZelenskyyUa,2026-03-17T09:11:37.000Z
"Russia is scaling back missile production and redirecting funds toward increasing drone production. Why? Today, Russian attacks against Ukraine involve 350–500 drones per day. Russia plans to reach 600–800 drones in 2026, but their overall target is 1,000 drones per day. This",4,Ukrainian,ZelenskyyUa,2026-03-17T09:05:55.000Z
"Thousands of Patriot missiles cannot stop tens of thousands of Iranian “shaheds.” One such drone is forty times cheaper than a single Patriot missile. Therefore, in terms of production time and the cost of missiles, it is impossible to compete with drones. There simply will not",4,Ukrainian,ZelenskyyUa,2026-03-17T09:04:05.000Z
"The first night of full-scale war began with rocket attacks. Russia used everything it had: cruise missiles, ballistic missiles and all kinds of other missiles. They attacked us from the territory of Russia and also Belarus. It was very scary, but later we found a way to intercept the missiles and protect the people, the energy system and so on",4,Ukrainian,ZelenskyyUa,2026-03-17T09:01:44.000Z
In response to a question about the Iranian regime's threats to Ukraine due to our support for the Persian Gulf countries: there is nothing new. In the last four years I have heard different statements. It is important for us that the United States and the leaders of the Middle East countries turn to us for help in the field of interceptor drones,4,Ukrainian,ZelenskyyUa,2026-03-17T08:43:51.000Z
"Countries in the Middle East and U.S. bases in the region need to be better protected. That is why they require drone interceptors. It's our new technological know-how.   The war in the Middle East is not a land war, it’s aerial warfare. Hence, they need a lot of air defense",4,Ukrainian,ZelenskyyUa,2026-03-15T18:17:54.000Z
"Russia prepared a big offensive operation which they wanted to launch at the end of last year and continue this spring. We conducted our own counteroffensive actions in turn to prevent Russia from attacking us on a large scale.   It was a success, not only because of the land,",4,Ukrainian,ZelenskyyUa,2026-03-15T18:11:55.000Z
"Putin has never wanted to stop Russia's war against Ukraine. He has been afraid of President Trump and of pressure from the United States. That's why he has played this game, pretending he has wanted negotiations. I keep believing that America has to increase pressure on Putin.",4,Ukrainian,ZelenskyyUa,2026-03-15T18:06:11.000Z
"Over the past week alone, the Russians struck Ukraine with 1,770 attack drones, more than 1,530 guided aerial bombs, and 86 missiles, including more than 20 ballistic ones. Each of these missiles contains at least 60 foreign components supplied to Russia in circumvention of",4,Ukrainian,ZelenskyyUa,2026-03-15T08:50:46.000Z
"I spoke with representatives of 25 media outlets – both Ukrainian and international. We discussed our internal situation in Ukraine, some political issues, our positions on the front line and in diplomacy, information from our intelligence, the work of Ukrainian experts on drone",4,Ukrainian,ZelenskyyUa,2026-03-14T15:40:27.000Z
"I spoke with representatives of 25 media outlets, both Ukrainian and foreign. We discussed our internal situation in Ukraine, some political issues, positions at the front and positions in diplomacy, information from our intelligence, the work of Ukrainian experts on defense against drones on",4,Ukrainian,ZelenskyyUa,2026-03-14T15:40:28.000Z
"Today, on the occasion of Ukrainian Military Volunteer Day, I presented state awards to our people – warriors of the Security and Defense Forces and civilians. I also handed over posthumous awards to the families of the fallen.  After the attack in 2014 and following Russia’s",4,Ukrainian,ZelenskyyUa,2026-03-14T13:40:05.000Z
"Today, on the occasion of the Day of the Ukrainian Volunteer, he awarded state awards to our people - soldiers of the Security and Defense Forces and civilians - and handed over awards to the families of the dead, who were awarded posthumously.  After the 2014 attack and after Russia's full-scale invasion of Ukraine in",4,Ukrainian,ZelenskyyUa,2026-03-14T13:40:06.000Z
"Efforts to deal with the aftermath of the massive Russian attack are currently underway in the Kyiv, Sumy, Kharkiv, Dnipro, and Mykolaiv regions. All necessary services are involved. The main target for the Russians was the energy infrastructure of the Kyiv region, but",4,Ukrainian,ZelenskyyUa,2026-03-14T07:34:41.000Z
"It is important for everyone around the world that, through joint efforts, we succeed in stabilizing the situation in the Middle East and the Gulf region and prevent this war from spreading further as well. Everyone sees the loss of life, everyone sees the destruction, and the",4,Ukrainian,ZelenskyyUa,2026-03-13T14:59:09.000Z
"I am grateful for all the support France has provided to Ukraine, and for  @EmmanuelMacron  personal support. Today, Emmanuel and I spoke primarily about security of Ukraine and Europe, as well as global security in light of the events in the Middle East and the Gulf region. Of",4,Ukrainian,ZelenskyyUa,2026-03-13T13:22:31.000Z
"I am grateful for all the support of France for Ukraine and for the support of Emmanuel personally. Today, we talked with Emmanuel primarily about security: our security - Ukraine's, Europe's - and global security, from the point of view of events in the Middle East and the Gulf region. Of course, today and always in",4,Ukrainian,ZelenskyyUa,2026-03-13T13:22:31.000Z
Nous présentons nos condoléances à la France et au peuple français suite à cette perte. Il s'agit d'une attaque odieuse contre des militaires dont la mission est de lutter contre le terrorisme. Rien ne peut justifier un tel acte. Nous souhaitons un prompt rétablissement à tous,4,Ukrainian,ZelenskyyUa,2026-03-13T10:29:07.000Z
I am grateful to everyone working to protect Ukraine and to all who support our defense. We are working as hard as possible to enhance the protection of our sky. Bolstering Ukrainian Air Force means a greater ability to deter Russian aggression and to provide more security for,4,Ukrainian,ZelenskyyUa,2026-03-12T21:34:48.000Z
I am grateful to everyone who works for the defense of Ukraine and everyone who helps our defense. We are working as hard as possible to develop the protection of our sky. Strengthening Ukrainian aviation means more opportunities to deter Russian aggression and provide greater security to Ukraine and all of Europe. Thank you,4,Ukrainian,ZelenskyyUa,2026-03-12T21:34:49.000Z
I met with Ukrainian service members who are training at the European F-16 Training Center in Romania. We spoke with the cadets about specifics and conditions of their training program. We also discussed the challenges our pilots face and how the state can help address them.  At,4,Ukrainian,ZelenskyyUa,2026-03-12T21:27:14.000Z
He met with Ukrainian military personnel studying at the European F-16 pilot training center in Romania. We talked with the soldiers about the specifics and conditions of their training. They discussed the challenges facing our pilots and how the state can contribute to them,4,Ukrainian,ZelenskyyUa,2026-03-12T21:27:15.000Z
"During a meeting with Prime Minister of Romania Ilie  @Bolojan , we discussed defense support. I thank Romania for its military assistance and contributions to the PURL initiative. Strengthening air defense is a priority for Ukraine.  It is important to develop the energy network",4,Ukrainian,ZelenskyyUa,2026-03-12T17:27:15.000Z
Defense support was discussed during the meeting with the Prime Minister of Romania Ilie Bolozhan. Thanks to Romania for military aid and contributions to the PURL program. Strengthening air defense is a priority for Ukraine.  It is important to build an energy network between our countries that will help,4,Ukrainian,ZelenskyyUa,2026-03-12T17:27:16.000Z
"Today, my meeting with the President of Romania,  @NicusorDanRO , focused primarily on strengthening the energy and economic capacities of both our nations so that together we can do more for the national security of our states.  We are working to expand cross-border energy",4,Ukrainian,ZelenskyyUa,2026-03-12T15:14:49.000Z
"I met with the President of the German Bundestag, @JuliaKloeckner , and expressed my gratitude for the comprehensive support of Ukraine. We value Germany’s leadership, particularly in strengthening air defense, which helps us protect lives and critical infrastructure every day.",4,Ukrainian,ZelenskyyUa,2026-03-11T17:03:23.000Z
"He met with the President of the German Bundestag Yulia Klöckner. He thanked Ukraine for its comprehensive support. We appreciate German leadership, particularly in strengthening air defense, which helps us protect lives and critical infrastructure every day.  The international agenda was touched upon in detail:",4,Ukrainian,ZelenskyyUa,2026-03-11T17:03:24.000Z
"We know the end of Hitler. We understand the end of Putin. Weaponizing sports, music, film and art festivals – like Venice Biennale – never helps. Across various cultural platforms – even during children's animation festivals – the Russians stuff their movies with propaganda to",4,Ukrainian,ZelenskyyUa,2026-03-11T07:40:08.000Z
"Participation in major sport events is a way to strengthen your influence, because the audience you can reach out to is very large. That's why Russia needs its flag to be there, and it also needs victories to show that they are not isolated. This is one of their disinformation",4,Ukrainian,ZelenskyyUa,2026-03-11T07:35:14.000Z
"Russia started supporting the Iranian regime with drones. It will definitely help with missiles, and it is also helping them with air defense. What’s next? Given the situation, there is only one question: when and which country will be the first to support the Iranian regime by",4,Ukrainian,ZelenskyyUa,2026-03-11T07:30:16.000Z
"Our team, which includes military personnel as well as Rustam Amirov, is now on its way to the Gulf region, where our men can contribute to protecting lives and helping to stabilize the situation. We see the challenges that are emerging now as a result of the Iranian strikes, and in light of this war that may be prolonged. In fact, the Iranian regime has closed the strait",4,Ukrainian,ZelenskyyUa,2026-03-10T19:50:18.000Z
"Our team is now on its way to the Gulf region, where they can help protect lives and stabilize the situation. We see the challenges that exist now: the Iranian regime has effectively blocked the Strait of Hormuz – one of the main routes for supplying oil and gas to the global",4,Ukrainian,ZelenskyyUa,2026-03-10T18:53:41.000Z
"We discussed the situation around Iran with President of Türkiye Recep Tayyip Erdoğan  @RTErdogan . We are ready to share our expertise to prevent the expansion of war and protect lives, but at the same time, Ukraine needs to strengthen its own air defense, and we are counting on",4,Ukrainian,ZelenskyyUa,2026-03-10T15:36:06.000Z
"They discussed the situation around Iran with the President of Turkey, Recep Tayyip Erdogan. We are ready to share our expertise to prevent the spread of war and protect lives, but at the same time, Ukraine needs to strengthen its air defense, and we count on appropriate support from",4,Ukrainian,ZelenskyyUa,2026-03-10T15:36:07.000Z
I spoke with Redis – Brigadier General Denys Prokopenko – about implementing the measures discussed last Friday during my trip to combat zones in the Donetsk region. It is important that the 1st Corps “Azov” of the National Guard of Ukraine is one of the most effective combat,4,Ukrainian,ZelenskyyUa,2026-03-10T14:13:04.000Z
"I spoke with Redis - Brigadier General Denys Prokopenko - about the implementation of those things that were voiced last Friday during my trip to the areas of carrying out combat missions in Donetsk region. It is important that the First Corps of the National Guard of Ukraine ""Azov"" is one of the largest",4,Ukrainian,ZelenskyyUa,2026-03-10T14:13:05.000Z
"I am grateful to the Prime Minister of the Netherlands for such a symbolic visit to Ukraine almost immediately after starting work at the head of the new government.  I informed Mr. Prime Minister about the situation on the battlefield, about the Russian attacks, which do not stop for a single day. We need a stable,",4,Ukrainian,ZelenskyyUa,2026-03-08T12:43:34.000Z
"Today, together with the Prime Minister of the Netherlands, Rob Jetten  @MinPres , we honored the fallen Ukrainian defenders at the Wall of Remembrance.  We thank each and every one. We remember and honor the feat of our heroes – all those who stood up to defend Ukraine and gave",4,Ukrainian,ZelenskyyUa,2026-03-08T09:58:42.000Z
"Today, together with the Prime Minister of the Netherlands, Rob Yetten, the fallen Ukrainian defenders were honored at the Memorial Wall.  Thank you to each and every one. We remember and honor the feat of our heroes - all those who defended Ukraine and gave their lives in this struggle for",4,Ukrainian,ZelenskyyUa,2026-03-08T09:58:42.000Z
"Over the past week, Russia has attacked our country thousands of times – the enemy used nearly 1,750 attack drones, 1,530 guided aerial bombs, and 39 missiles against our people. Civilian infrastructure came under attack – energy facilities and residential buildings. Our warriors",4,Ukrainian,ZelenskyyUa,2026-03-08T07:58:07.000Z
"The strength and role of Ukrainian women are not about just one day. They are about all 365 days of the year. Ukrainian women defend the country, wait for their loved ones and support them, raise children amid difficult wartime conditions, create, research, rescue, teach, and",4,Ukrainian,ZelenskyyUa,2026-03-08T07:49:22.000Z
"The strength and role of Ukrainian women is not a single day. That's all 365 days. Ukrainian women protect the country, wait for relatives and support loved ones, raise children in the difficult conditions of war, create, research, rescue, teach, treat.  Thank you for your determination, leadership, care and",4,Ukrainian,ZelenskyyUa,2026-03-08T07:49:23.000Z
"I spoke with the Crown Prince of Saudi Arabia, Mohammed bin Salman Al Saud. We discussed the security situation in the Middle East and the Gulf region – the existing challenges and countering threats from the Iranian regime.  Ukrainians have been fighting against “shahed” drones",4,Ukrainian,ZelenskyyUa,2026-03-07T20:44:46.000Z
"Spoke with the Crown Prince of Saudi Arabia, Muhammad bin Salman Al Saud. They discussed the security situation in the Middle East and the Gulf region - challenges that exist and countering threats from the Iranian regime.   Ukrainians have been fighting against the ""martyrs"" for years, and everyone",4,Ukrainian,ZelenskyyUa,2026-03-07T20:44:46.000Z
I thank everyone who remembers PURL—program that allows us to purchase American interceptors for Patriots. We understand risks created by Iranian strikes and the resulting need for air defense in the Middle East. It is important the protection of life is ensured in Ukraine too.,4,Ukrainian,ZelenskyyUa,2026-03-07T19:43:23.000Z
"They are killing in a coordinated way both in Europe and the Middle East. Therefore, defense must also be coordinated. Life in Europe and life in the Middle East deserve equally effective protection. For our part, we are working to help strengthen defenses against “shahed”",4,Ukrainian,ZelenskyyUa,2026-03-07T19:43:25.000Z
"I met with the servicemembers of the 11th and 19th Army Corps: the commanders and all brigade commanders of both corps.   The defenders reported on the operational situation across the directions, the defense of Slovyansk, Kramatorsk, Druzhkivka, and Kostyantynivka. We discussed",4,Ukrainian,ZelenskyyUa,2026-03-06T17:08:19.000Z
"He met with the soldiers of the 11th and 19th army corps - commanders and all brigade commanders of both corps.   The defenders reported on the operational situation in the directions, the defense of Sloviansk, Kramatorsk, Druzhkivka and Kostiantynivka. The steps necessary for protection were discussed",4,Ukrainian,ZelenskyyUa,2026-03-06T17:08:20.000Z
"During a meeting with the warriors of the 12th Special Forces Brigade Azov of the National Guard of Ukraine, I awarded the defenders with the Order of Bohdan Khmelnytsky, the Order “For Courage,” and the Order of Danylo Halytskyi, and presented the shoulder boards of a brigadier",4,Ukrainian,ZelenskyyUa,2026-03-06T16:46:00.000Z
"During the meeting with the soldiers of the 12th special purpose brigade ""Azov"", NSU awarded the defenders with the orders of Bohdan Khmelnytskyi, ""For Courage"" and Danylo Halytskyi and presented the epaulettes of Brigadier General Denys Prokopenko. Thank you for protecting our state from the first days of the occupation of Crimea and",4,Ukrainian,ZelenskyyUa,2026-03-06T16:46:01.000Z
"Warriors of the 100th Separate Mechanized Brigade are defending Kostiantynivka on Pleshchiivka and Ivanopillia directions.   Today, at the brigade’s main command post, I met with the unit’s warriors. We spoke about the operational situation in their area of responsibility and",4,Ukrainian,ZelenskyyUa,2026-03-06T15:48:23.000Z
"Soldiers of the 100th separate mechanized brigade are defending Kostyantynivka from the direction of Pleshchiivka and Ivanopil.   Today, he met with the soldiers of the unit at the main command post of the brigade. Talked with the military about the operational situation in their area of ​​responsibility, about",4,Ukrainian,ZelenskyyUa,2026-03-06T15:48:24.000Z
"Druzhkivka. At the command post of the 3rd Battalion of the 28th Separate Mechanized Brigade named after the Knights of the Winter Campaign. We spoke with our defenders about the defense of Kostiantynivka, the enemy’s actions, and the brigade’s supply needs. All issues will be",4,Ukrainian,ZelenskyyUa,2026-03-06T15:19:33.000Z
"Druzhkivka At the command post of the 3rd battalion of the 28th separate mechanized brigade named after the Knights of the Winter Campaign, they talked with our defenders about the defense of Kostyantynivka, the actions of the enemy, and providing for the needs of the brigade. We will process all questions.   Marked the soldiers as state fighters",4,Ukrainian,ZelenskyyUa,2026-03-06T15:19:35.000Z
"Today, we are visiting the Donetsk region, our land, and our warriors. The 28th Brigade, the 100th and 24th Separate Mechanized Brigades, and the 36th Marine Brigade. I want to thank all of you—everyone who is defending our state! Druzhkivka, Kramatorsk, Slovyansk, and our other",4,Ukrainian,ZelenskyyUa,2026-03-06T14:59:26.000Z
"We get Storm Shadow from the UK and it's helpful. This is a very good weapon. We also get SCALP from France, and we received a limited number of ATACMS from the United States in the past. But that's it.   We didn't get anything else from other countries that goes beyond 200 or",4,Ukrainian,ZelenskyyUa,2026-03-05T14:39:08.000Z
The issue of the Russian shadow fleet in European waters is an issue for the EU and wider Europe. It's about internal legislation – changes to the law to enable confiscation of Russian oil after the sanctioned tankers are stopped. Not to let them go free in three or five days,4,Ukrainian,ZelenskyyUa,2026-03-05T14:33:13.000Z
Home At home,4,Ukrainian,ZelenskyyUa,2026-03-05T13:14:05.000Z
"Today, 200 Ukrainian families received the most-awaited message – their loved ones are coming home. And this is always good news for all of us, for the entire country: the return of our people to their homeland. Among those returning are defenders of Mariupol, and of the Donetsk,",4,Ukrainian,ZelenskyyUa,2026-03-05T12:37:25.000Z
"Today, 200 Ukrainian families received the most expected message: their relatives are returning home. And this is always good news for all of us, for the whole country - the return of our people to their native land. Among those returning are the defenders of Mariupol, Donetsk region, Luhansk region,",4,Ukrainian,ZelenskyyUa,2026-03-05T12:37:26.000Z
"For some reason, some people in the world have begun to take Putin’s words at face value – that if Ukraine were not present in Donbas, the war would end. Despite all the words previously said by Russia, the aggression has only intensified, and we simply cannot trust the Russian",4,Ukrainian,ZelenskyyUa,2026-03-05T08:38:14.000Z
"The next Ukraine–U.S.–Russia trilateral meeting was planned for the period from March 5 to 9, depending on developments around the world. Currently, there is another war in the Middle East.  We spoke with the American side, since they are the party inviting Ukraine and Russia to",4,Ukrainian,ZelenskyyUa,2026-03-05T08:34:01.000Z
"As of today, Russia is not acting as an ally of Iran. Perhaps it would like to, but we have already seen it with Syria, and now we see it with Iran – I believe they simply do not have the capacity for this. All their forces are either buried in Ukrainian soil or engaged in the",4,Ukrainian,ZelenskyyUa,2026-03-05T08:23:38.000Z
"We received signals from partners in the Middle East. There have been strikes by Iranian “shaheds” on civilians in those countries. They are seeking our expertise. We are open. If their representatives come, we will provide the expertise. Especially since there is also a request",4,Ukrainian,ZelenskyyUa,2026-03-05T08:15:51.000Z
"Answering a question about concerns over the consequences of the war in the Middle East:  The Iranian regime supplied Russia with weapons that were used to kill our people. Those concerns have somewhat diminished now, because Iran is unlikely to be able to supply Russia with",4,Ukrainian,ZelenskyyUa,2026-03-05T08:06:37.000Z
"We continue to engage with the United States practically on a daily basis. For now, because of the situation with Iran, the necessary signals for a trilateral meeting haven't come yet. But as soon as the security situation and the broader political context allow us to resume the",4,Ukrainian,ZelenskyyUa,2026-03-04T19:58:20.000Z
I spoke with  @KingAbdullahII  of Jordan about the situation in the Middle East and the Gulf region. We in Ukraine are closely monitoring all developments and have taken a principled stance from the outset. I expressed our support and solidarity with the people of Jordan and the,4,Ukrainian,ZelenskyyUa,2026-03-04T13:12:43.000Z
They spoke with King Abdullah II of Jordan about the situation in the Middle East and the Gulf region. We in Ukraine are closely following all events and have taken a principled position from the very beginning. Expressed our support and solidarity with the people of Jordan and the region in general.  Important for everyone,4,Ukrainian,ZelenskyyUa,2026-03-04T13:12:44.000Z
"I spoke with  @vonderleyen , and it is important now for everyone in Europe to maintain a very substantive coordination. We exchanged assessments on some of the most important issues between Ukraine and the European Union, and also discussed the challenges arising from the events",4,Ukrainian,ZelenskyyUa,2026-03-03T18:41:36.000Z
"We spoke with Ursula von der Leyen, and it is important now for everyone in Europe to coordinate very effectively. They exchanged assessments on some of the most important issues between Ukraine and the European Union, and also discussed the challenges caused by events in the Middle East and the Gulf region. Agreed on",4,Ukrainian,ZelenskyyUa,2026-03-03T18:41:37.000Z
Today I spoke with leaders of countries currently under attack from Iran – the President of the United Arab Emirates and the Amir of Qatar. We will continue this diplomatic engagement with the broader Middle East and Gulf region.  Ukraine stands in solidarity with all those who,4,Ukrainian,ZelenskyyUa,2026-03-03T18:31:12.000Z
"I spoke with the Amir of the State of Qatar, Sheikh Tamim bin Hamad Al Thani.  We discussed developments in the Middle East and the Gulf region. The Iranian regime is trying to drag the entire region into war and is destroying lives. This can only be condemned. We stand in",4,Ukrainian,ZelenskyyUa,2026-03-03T16:52:42.000Z
"He spoke with the Emir of the State of Qatar, Sheikh Tamim bin Hamad Al Thani.   They discussed how the situation in the Middle East and the Gulf region is unfolding. The Iranian regime is trying to drag the entire region into war and destroy lives. This can only be condemned. We stand in solidarity with everyone",4,Ukrainian,ZelenskyyUa,2026-03-03T16:52:43.000Z
"I have just held a meeting of the National Security and Defense Council of Ukraine. Reports were delivered by representatives from all our regions and major cities. The experience of this past winter will form the basis for future decisions, specifically: upgrading protection for",4,Ukrainian,ZelenskyyUa,2026-03-03T12:38:48.000Z
"Just held a meeting of the National Security Council of Ukraine. There were reports from all representatives of our regions, the largest cities. The experience of this winter will be the basis for further decisions, namely: renewal of protection for infrastructure, logistics, major energy facilities, restoration of facilities after",4,Ukrainian,ZelenskyyUa,2026-03-03T12:38:49.000Z
I spoke with Oleksandr Kubrakov ahead of the NSDC meeting on the main outcomes of this winter season and preparations for the next one. The key is to fully take into account the real experience of communities this winter when planning protection measures for the next. Ukraine,4,Ukrainian,ZelenskyyUa,2026-03-03T12:03:20.000Z
"We discussed the situation in Ukraine and contacts with other leaders with the Federal Chancellor of Germany, Friedrich Mertz.  I talked about the situation at the front and our need for missiles for air defense. We have information from intelligence about possible Russian strikes, and that is why it is important to do it now",4,Ukrainian,ZelenskyyUa,2026-03-02T12:07:51.000Z
"We are now closely monitoring any changes in the situation around Iran. The Ukrainian intelligence service, the Ministry of Foreign Affairs - everyone is involved. We coordinate our actions with partners. It is important to use this opportunity for change for Iran properly.  The people of Iran have long been practically against violence.",4,Ukrainian,ZelenskyyUa,2026-03-01T20:41:30.000Z
"Europe must finally equip itself with real strength, real ability to defend its skies, its land, and its sea against any type of attack. In particular, this means building sufficient air defense production capacity — both against drones and against ballistic missiles.  The",4,Ukrainian,ZelenskyyUa,2026-03-01T19:59:00.000Z
"We are now closely monitoring every change in the situation around Iran. Ukrainian intelligence, the Ministry of Foreign Affairs – everyone is engaged. We are in coordination with partners. It is important that this chance for change for Iran be used properly.   The Iranian",4,Ukrainian,ZelenskyyUa,2026-03-01T19:27:22.000Z
"Belgium's decisive decision to seize a tanker from Russia's shadow fleet last night. This particular vessel has long been under US, EU, and UK sanctions, but nonetheless continued to illegally transport Russian oil using a false flag and forged documents. We welcome this strong",4,Ukrainian,ZelenskyyUa,2026-03-01T10:25:29.000Z
"Ukrainians live under thousands of Russian strikes with various types of weapons. In the last week of winter alone, Russia used more than 1,720 attack drones, nearly 1,300 guided aerial bombs, and over 100 missiles of various types against Ukraine.   But despite everything,",4,Ukrainian,ZelenskyyUa,2026-03-01T08:15:14.000Z
"Events in the Middle East and the Persian Gulf region are rapidly taking shape. Unfortunately, Ukraine knows very well what these events are like.  Although the Ukrainians have never threatened Iran, the Iranian regime has decided to be Putin's accomplice and provide him with the ""witness"", not just drones, but",4,Ukrainian,ZelenskyyUa,2026-02-28T15:56:03.000Z
Today has been packed with international work. Rustem Umerov has already delivered a briefing following this week’s meetings with envoys of President Trump. We discussed the main outcomes of the Geneva meetings – mostly on economic matters and reconstruction – and we are,4,Ukrainian,ZelenskyyUa,2026-02-28T14:51:29.000Z
"Events in the Middle East and the Gulf region are unfolding extremely rapidly. Unfortunately, Ukraine knows all too well what this is about. Although Ukrainians never threatened Iran, the Iranian regime chose to become Putin’s accomplice and supplied him with “shahed” drones, and",4,Ukrainian,ZelenskyyUa,2026-02-28T13:49:06.000Z
"Today, representatives of the new Government of the Netherlands, which began its work this week – the Minister of Defense and the Minister of Foreign Affairs – are in Ukraine. This visit is a strong signal of support for our people. It is very important to us. Thanks to our",4,Ukrainian,ZelenskyyUa,2026-02-28T13:28:20.000Z
"Today in Ukraine, representatives of the new government of the Netherlands, which started work this week, are the heads of the Ministry of Defense and the Ministry of Foreign Affairs. This visit is a great signal of support for our people. It is very important for us. Thanks to cooperation with all governments",4,Ukrainian,ZelenskyyUa,2026-02-28T13:29:11.000Z
"We held a meeting with the Prime Minister of Ukraine, Yulia Svyridenko, regarding the sequence of steps and the schedule for approving updated plans for the sustainability of our regions and the energy sector in general. The main changes that need to be implemented have already been prepared, and in the near future we will define a strategy for",4,Ukrainian,ZelenskyyUa,2026-02-27T11:25:54.000Z
"Thank you to Japan – our great supporter and a true leader in protecting life, both in its region and globally. From the very first day of Russia’s full-scale invasion, Japan has stood with Ukraine and provided meaningful support to our people.  It was a pleasure to speak with",4,Ukrainian,ZelenskyyUa,2026-02-27T10:05:24.000Z
ウクライナの大いなる支援国であり、インド太平洋地域および世界全体で生命を守る真のリーダーである日本に感謝申し上げます。 ロシアの全面的侵略の初日から、日本はウクライナと共に立ち、ウクライナ国民に重要な支援を提供してくださいました。 @takaichi_sanae,4,Ukrainian,ZelenskyyUa,2026-02-27T10:05:25.000Z
"Thank you to Japan - our great partner and a true leader in the protection of life both in its region and in the world. From the first day of the full-scale invasion of Russia, Japan has stood with Ukraine and provided significant support to our people.  I was glad to chat with",4,Ukrainian,ZelenskyyUa,2026-02-27T10:05:26.000Z
We had a detailed discussion with Ukraine’s Prime Minister Yuliia Svyrydenko on preparing our strategy for energy recovery and enhanced protection of the energy sector for next winter. We will finalize the strategy by March 1 and approve it afterward.  This is to ensure that the,4,Ukrainian,ZelenskyyUa,2026-02-26T20:38:05.000Z
"I spoke with President Trump’s envoys Steve Witkoff  @SEPeaceMissions  and  @JaredKushner , following the outcomes of their meetings with Rustem Umerov and David Arakhamia today. We are grateful to  @POTUS  for his personal efforts to end this war.   There is already greater readiness",4,Ukrainian,ZelenskyyUa,2026-02-26T19:59:25.000Z
I spoke today with President Trump's representatives Steve Witkoff and Jared Kushner following their meetings today with Rustem Umerov and David Arahamia. We are grateful to the President of the United States for his personal efforts to end the war.   There are already more,4,Ukrainian,ZelenskyyUa,2026-02-26T19:59:26.000Z
"An important discussion with representatives of the international business community. We discussed strengthening Ukraine’s energy resilience and preparations for the next winter. On March 1, all our local authorities will present an energy development plan for the next winter. It",4,Ukrainian,ZelenskyyUa,2026-02-26T17:17:15.000Z
"A conversation with representatives of the international business community is important. They discussed strengthening Ukraine's energy stability and preparing for the next winter. On March 1, all our local authorities will present their energy development plan for next winter. It is important that for these six months, which in",4,Ukrainian,ZelenskyyUa,2026-02-26T17:17:16.000Z
Thank you for your support!,4,Ukrainian,ZelenskyyUa,2026-02-26T16:43:55.000Z
I spoke with President of Israel  @Isaac_Herzog .  Thank you for your solidarity with Ukrainians and for supporting our resolution at the UN General Assembly marking the fourth anniversary of the start of the full-scale Russian aggression. I appreciate such warm words about our,4,Ukrainian,ZelenskyyUa,2026-02-26T14:47:58.000Z
Spoke with the President of Israel Yitzhak Herzog.  Thank you for your solidarity with Ukrainians and support for our resolution at the UN General Assembly to mark the fourth anniversary of the beginning of full-scale Russian aggression. I appreciate such warm words about our people and the need for peace for Ukraine. And that's about,4,Ukrainian,ZelenskyyUa,2026-02-26T14:47:59.000Z
"When we say that the aggressor must not receive any reward for the war, so that peace can truly last, everyone must understand – these are not just words. Unfortunately, the world already had the chance to verify this twelve years ago. Russia’s war against Ukraine began with the",4,Ukrainian,ZelenskyyUa,2026-02-26T11:20:07.000Z
"When we say that the aggressor must not receive any reward for the war, so that the peace will truly last, everyone must understand: these are not just words. The world, unfortunately, already had the opportunity to check this 12 years ago. The Russian war against Ukraine began with the occupation of our Crimea, and the world",4,Ukrainian,ZelenskyyUa,2026-02-26T11:20:08.000Z
"Last night, Russia once again waged war on critical infrastructure and ordinary residential buildings. 420 drones – most of them “shaheds” – and 39 missiles of various types, including 11 ballistic ones, were fired at our people. Destruction has been recorded in eight regions,",4,Ukrainian,ZelenskyyUa,2026-02-26T08:00:25.000Z
"Tonight, Russia once again went to war against critical infrastructure and ordinary residential buildings. Four hundred and twenty drones, most of which are Shaheds, and 39 missiles of various types, including 11 ballistic ones, were fired at our people. There is destruction in eight areas: a lot",4,Ukrainian,ZelenskyyUa,2026-02-26T08:00:26.000Z
"All the support that Ukraine is receiving now clearly demonstrates that our partners stand with Ukraine. In March, we will continue our active diplomatic efforts – a lot is already planned.   We will continue to strengthen Ukraine.",4,Ukrainian,ZelenskyyUa,2026-02-25T20:00:07.000Z
"I am grateful to Christopher Lacson and New Zealand for the new decisions in support of Ukraine and the announcement of the 34th package of sanctions against Russia. It is important that this sanctions package includes, among other things, vessels of the shadow fleet and a reduction in the maximum price for Russian oil.  Every sanction decision",4,Ukrainian,ZelenskyyUa,2026-02-25T14:31:18.000Z
"I am grateful to  @AlboMP  and Australia for the new single largest sanctions package against Russia since February 2022. It includes 180 individuals, entities, and shadow fleet vessels. These measures directly reduce the Kremlin’s revenues and weaken its war machine.  Russia will",4,Ukrainian,ZelenskyyUa,2026-02-25T13:04:33.000Z
"I am grateful to Anthony Albeniz and Australia for the new, largest package of sanctions against Russia since February 2022. It includes 180 individuals and legal entities, as well as vessels of the shadow fleet. These measures directly reduce the Kremlin's revenues and weaken its war machine.  Russia will stop",4,Ukrainian,ZelenskyyUa,2026-02-25T13:04:33.000Z
Thank you to  @MarkJCarney  and Canada for the new two-year defense support package for Ukraine worth 2 billion Canadian dollars. This is an important contribution to our ability to fight for our state and protect lives.  We also appreciate the new sanctions package targeting 100,4,Ukrainian,ZelenskyyUa,2026-02-25T12:54:03.000Z
Thank you Mark Carney and Canada for a new two-year defense support package for Ukraine worth 2 billion Canadian dollars. It is an important contribution to our ability to fight for our country and protect life.  We also appreciate the new sanctions package targeting 100 vessels,4,Ukrainian,ZelenskyyUa,2026-02-25T12:54:03.000Z
"We are expanding joint production of drones to defend against Russian attacks today and to defend and deter in the future. Yesterday, four framework defense agreements were signed — two between Ukraine and Finland, one between Ukraine and Denmark, and one between Ukraine and",4,Ukrainian,ZelenskyyUa,2026-02-25T12:09:04.000Z
"We are expanding joint production of drones to defend against Russian attacks today and to provide defense and deterrence in the future. Four framework defense agreements were signed yesterday: two between Ukraine and Finland, one between Ukraine and Denmark, and one between Ukraine and Latvia.",4,Ukrainian,ZelenskyyUa,2026-02-25T12:09:04.000Z
"A substantive and good meeting with Prime Minister of Norway  @jonasgahrstore . Norway is providing us with significant energy support – in many ways, it is thanks to our cooperation with Norway that we have been able to get through this winter and the previous ones, each of which",4,Ukrainian,ZelenskyyUa,2026-02-25T11:55:00.000Z
"A meaningful and good meeting with the Prime Minister of Norway, Jonas Har Stere. Norway helps us a lot with energy. In many ways, it is precisely thanks to our cooperation with Norway that we manage to pass this winter and the previous ones, each of which Russia tries to turn into a weapon against our",4,Ukrainian,ZelenskyyUa,2026-02-25T11:55:01.000Z
"Austria, Belgium, Canada, Denmark, Finland, France, Germany, Greece, Ireland, Italy, Latvia, Lithuania, Montenegro, Norway, Poland, Portugal, Romania, Spain, United Kingdom, United States — thank you for your support. Light will prevail.",4,Ukrainian,ZelenskyyUa,2026-02-25T11:48:25.000Z
"The Nordic and Baltic countries are a major driving force of support for our people. Representatives from all these countries were with us yesterday in Kyiv, on the fourth anniversary of the beginning of Russia’s full-scale invasion. Over all these years, NB8 has been standing",4,Ukrainian,ZelenskyyUa,2026-02-25T11:45:38.000Z
"The countries of Northern Europe and the Baltic States are a great driving force for the support of our people. Representatives of all these countries were with us in Kyiv yesterday - on the fourth anniversary of the beginning of the full-scale invasion of Russia. All these years, the NB8 countries have supported us through annual programs",4,Ukrainian,ZelenskyyUa,2026-02-25T11:45:38.000Z
"Thank you to  @Keir_Starmer  and the United Kingdom for a new support package for Ukraine. It includes funding to restore our energy grid and expand generation capacity, humanitarian assistance for frontline communities, and a concrete contribution to holding Russia accountable for",4,Ukrainian,ZelenskyyUa,2026-02-25T11:39:03.000Z
"Thanks to Keir Starmer and the United Kingdom for the new support package for Ukraine. It provides for funds to restore our power grid and expand generation, humanitarian aid for frontline communities, as well as a specific contribution to holding Russia accountable for",4,Ukrainian,ZelenskyyUa,2026-02-25T11:39:04.000Z
"I am grateful to the G7 leaders for their unequivocal support of Ukraine.  A dignified and lasting peace is possible if the United States, Europe, the G7 countries, and Ukraine work together to ensure reliable security guarantees for our people and a strong, united recovery plan.",4,Ukrainian,ZelenskyyUa,2026-02-25T09:24:37.000Z
"I am grateful to the G7 leaders for their clear support for Ukraine.  A dignified and lasting peace is possible if the United States, Europe, the G7, and Ukraine work together to provide robust security guarantees for our people and a strong, unified recovery plan. Ukraine is doing what",4,Ukrainian,ZelenskyyUa,2026-02-25T09:24:37.000Z
"During the meeting with the Prime Minister of Croatia,  @AndrejPlenkovic , we discussed energy cooperation. Croatia is already transferring equipment for the needs of Ukrainian energy companies, and we appreciate its readiness to continue helping restore Ukraine’s energy sector.",4,Ukrainian,ZelenskyyUa,2026-02-24T17:40:32.000Z
"Energy cooperation and security were discussed during the meeting with the Prime Minister of Croatia, Andrej Plenkovic. Croatia already supplies equipment for the needs of Ukrainian energy companies, and we appreciate its willingness to continue helping in the restoration of the Ukrainian energy industry.  They also talked about",4,Ukrainian,ZelenskyyUa,2026-02-24T17:40:33.000Z
I am grateful to the President of the European Commission and the President of the European Council – Ursula  @vonderLeyen  and António Costa  @eucopresident  – that you have come to Ukraine on this day – 4 years since the start of Russia’s full-scale invasion. Europe has stood with,4,Ukrainian,ZelenskyyUa,2026-02-24T16:14:34.000Z
"I am grateful to the Presidents of the European Commission and the European Council, Ursula von der Leyen and Antonio Kosti, for coming to Ukraine on this day, the fourth anniversary of the start of the full-scale invasion of Russia. Europe has been with us during these difficult years and our people trust",4,Ukrainian,ZelenskyyUa,2026-02-24T16:14:35.000Z
"I thank all the leaders who are in Ukraine and with Ukraine today, and who have supported Ukrainians throughout all these years of struggle. It is extremely important that we are all together today, speaking with one voice. Global unity is stronger than any of Russia’s alliances.",4,Ukrainian,ZelenskyyUa,2026-02-24T12:24:35.000Z
"Thank you to all the leaders who are in Ukraine today and with Ukraine, who have supported Ukrainians all these years of struggle. It is very important that we are all together today, speaking with one voice. World unity is stronger than any alliances of Russia. And as long as we all stand strong, we will",4,Ukrainian,ZelenskyyUa,2026-02-24T12:24:36.000Z
"Russians have a long-standing tradition of using historical falsehoods, manipulation, and silence as weapons. But there is no Russian weapon that we have not learned to destroy, and we will overcome this ideological weapon of theirs as well – sanctions are one of the instruments.",4,Ukrainian,ZelenskyyUa,2026-02-24T12:16:28.000Z
"Russians have a long tradition of using historical lies, manipulation and silence as weapons. But there is no such Russian weapon that we would not learn to destroy, and we will also defeat this ideological weapon of theirs. Sanctions are one of the tools.  Today there is a new decision on sanctions",4,Ukrainian,ZelenskyyUa,2026-02-24T12:16:28.000Z
"There are many dictatorships in the world. Some seal themselves off within their own borders, trying to block any outside influence of freedom. And others do not recognize borders at all and actively try to destroy the freedom of their neighbors, entire regions, and sometimes",4,Ukrainian,ZelenskyyUa,2026-02-24T11:22:38.000Z
"Ukraine has withstood numerous strikes thanks to the strength of our warriors. Thanks to those who did not retreat, who became a shield for their country.  We are proud of each and every one who defends Ukraine. We honor the memory of all fallen Ukrainian defenders, those who",4,Ukrainian,ZelenskyyUa,2026-02-24T10:58:46.000Z
"He met with the marshal of the Polish Sejm, Włodzimierz Czazhasty.  They discussed the European integration process of Ukraine, energy security and defense cooperation between our countries. It is important to continue to maintain and develop relations between Ukraine and Poland.  I am grateful to Mr. Marshal for this visit the day before",4,Ukrainian,ZelenskyyUa,2026-02-23T18:51:54.000Z
"I have just received the first reports from law enforcement officials regarding the explosion in Mykolaiv. National Police officers were injured – seven people wounded, two of them in serious condition. They are receiving the necessary assistance. All circumstances are being",4,Ukrainian,ZelenskyyUa,2026-02-23T17:39:32.000Z
"There have just been the first reports of the law enforcement officers regarding the explosion in Mykolaiv. Employees of the National Police were injured - seven people were injured, two of them in serious condition. They are given the necessary assistance. All the circumstances are being investigated. In particular, the version regarding the terrorist act is being checked.",4,Ukrainian,ZelenskyyUa,2026-02-23T17:39:33.000Z
"I honored our warriors with state awards. For us, this is never just a ceremony – it is not a formality. Ukraine honors its heroes and lives thanks to its heroes – thanks to your loved ones, our warriors. Thanks to its people who did not surrender, who were not afraid, who fight",4,Ukrainian,ZelenskyyUa,2026-02-23T16:57:20.000Z
"Awarded state awards to our soldiers. It is not just a ceremony for us, it is not a formality. Ukraine honors its heroes and lives thanks to its heroes, thanks to your relatives, loved ones, our soldiers. Thanks to their people, who did not give up, were not afraid, who fight for their sake",4,Ukrainian,ZelenskyyUa,2026-02-23T16:57:21.000Z
"The best thing is for Ukraine and Belarus to be members of the European Union. I do not know whether the Belarusian people support this, but from the point of view of the economy, geopolitics, and independence – it is the right thing.  People in Belarus are smart. It is simply",4,Ukrainian,ZelenskyyUa,2026-02-23T11:36:11.000Z
"The best thing is for Ukraine and Belarus to be members of the European Union. I don't know if the Belarusian people support this, but from the point of view of economy, geopolitics and independence, it is correct.  People in Belarus are smart. Just anti-European propaganda that works there",4,Ukrainian,ZelenskyyUa,2026-02-23T11:36:11.000Z
"About seven thousand Ukrainians are in Russia’s prisons. I don't think Russian prisons are any different from Belarusian prisons. These are identical regimes with hatred toward people. The only difference is that Belarusians are imprisoned in Belarus, while Ukrainians are",4,Ukrainian,ZelenskyyUa,2026-02-23T11:31:08.000Z
"About 7,000 Ukrainians are in Russian prisons. I do not believe that the prisons of Russia differ in any way from the prisons of Belarus. These are the same regimes, with hatred for people. The only difference in Russia is that Belarusians sit in Belarus, and Ukrainians sit in it. And they are tougher on",4,Ukrainian,ZelenskyyUa,2026-02-23T11:31:09.000Z
"Sanctions against Lukashenko are the first step. We will develop this further and are now working on the legal basis for continuing the sanctions policy. This will apply not only to Lukashenko, but also to his entourage, his sons, etc.  We will monitor all the military assistance",4,Ukrainian,ZelenskyyUa,2026-02-23T11:25:18.000Z
"Sanctions against Lukashenka are the first step. We will develop this and are currently working on the legal framework for the continuation of the sanctions policy. This will concern not only Lukashenka, but also his entourage, his sons and so on.  We'll keep an eye on all that military aid",4,Ukrainian,ZelenskyyUa,2026-02-23T11:25:18.000Z
"In my opinion, NATO should view Oreshnik as a legitimate target. Ukraine will assess this threat. Lukashenko is making a big mistake. The issue is not only about Oreshnik. Everyone sees that they are now doing more of a show. They have not yet brought in the entire Oreshnik; they",4,Ukrainian,ZelenskyyUa,2026-02-23T11:18:54.000Z
"In my opinion, NATO should look at the ""hazelnut"" as a legitimate target. Ukraine will assess this threat. Lukashenka is making a big mistake. The question is not only ""hazel nut"". Everyone can see that they are doing more shows now. They haven't brought in the whole ""nutshell"" yet, they have brought in the appropriate ones",4,Ukrainian,ZelenskyyUa,2026-02-23T11:18:55.000Z
"Now Belarus definitely knows what is happening on its territory. It can no longer be said, as Lukashenko once told me after the full-scale invasion began, that Russian missiles were launched but they had long been stationed in Belarus, and that it wasn’t under Belarusian control.",4,Ukrainian,ZelenskyyUa,2026-02-23T11:06:48.000Z
"Now Belarus knows exactly what is happening on its territory. It is no longer possible to say, as Lukashenka told me before, after the start of the full-scale invasion, that the rockets flew, and they have been standing here for a long time, and we do not control it.  Now repeaters of modern ""Shaheed"" drones are already available",4,Ukrainian,ZelenskyyUa,2026-02-23T11:06:49.000Z
"Conducted a selector on the situation in the regions after the night strike of Russian missiles and drones. There were almost 50 missiles, including 22 ballistic missiles, and 297 drones of various types. A significant part was managed to be shot down, and I thank all the partners of Ukraine who work with us every day, every week for the sake of it",4,Ukrainian,ZelenskyyUa,2026-02-22T11:03:57.000Z
"Minister of Internal Affairs of Ukraine Ihor Klymenko reported on the detention of an individual suspected of carrying out the terrorist attack in Lviv. Twenty-five people were injured, and one person was killed. My condolences to the family and loved ones... All necessary",4,Ukrainian,ZelenskyyUa,2026-02-22T08:51:48.000Z
"The Minister of Internal Affairs of Ukraine Ihor Klymenko reported on the detention of a person suspected of committing a terrorist act in Lviv. Twenty-five people were injured, one person died. My condolences to the family... The investigation has been given all the necessary resources. The necessary ones are ongoing",4,Ukrainian,ZelenskyyUa,2026-02-22T08:51:49.000Z
"Response and recovery efforts are ongoing following Russia’s overnight attack. Nearly 300 attack drones, most of them “shaheds,” and 50 missiles of various types, a significant share of them ballistic, were launched against Ukraine. The strikes targeted Kyiv and the region, the",4,Ukrainian,ZelenskyyUa,2026-02-22T08:17:36.000Z
"I want to commend the efforts of the Security Service of Ukraine, the National Police, and the Office of the Prosecutor General – they neutralized Russian mercenaries preparing assassination attempts against our citizens. These were rather high-profile names, and preventing such",4,Ukrainian,ZelenskyyUa,2026-02-21T16:56:23.000Z
"I met with the Mayor of Paris,  @Anne_Hidalgo .  We discussed diplomatic efforts to achieve a dignified peace, energy support, and the importance of Ukraine’s recovery.  I awarded Anne Hidalgo the Order of Princess Olga, III class, and I am grateful to Madam Mayor for her",4,Ukrainian,ZelenskyyUa,2026-02-21T13:45:10.000Z
"Met with the mayor of Paris Anne Hidalgo.  They discussed diplomatic efforts to achieve a decent peace, energy support and the importance of restoring Ukraine.  Honored Ann Hidalgo with the Order of Princess Olga III degree and thanked the mayor for the comprehensive support of Ukrainians, in particular",4,Ukrainian,ZelenskyyUa,2026-02-21T13:45:12.000Z
"I spoke with  @SecGenNATO  Mark Rutte. We touched base on all key aspects of our diplomatic work, and I’m glad that, in many areas, our views align. I shared updates on preparations for the next trilateral format with the United States and Russia, as well as what we know about",4,Ukrainian,ZelenskyyUa,2026-02-21T13:03:21.000Z
Spoke with Mark Rutte. Coordinated positions on all key issues of our diplomatic work. And I'm glad that in many ways Mark and I have similar views. He told about the preparation of the next tripartite format with America and Russia and what we know about possible changes,4,Ukrainian,ZelenskyyUa,2026-02-21T13:03:22.000Z
"Today, there have already been several consultations with the negotiating team, and we, in Ukraine, are preparing very intensively for future meetings with the American and Russian sides. Ukraine is committed to the success of the negotiations and to the constructive nature of",4,Ukrainian,ZelenskyyUa,2026-02-20T17:13:02.000Z
"Today there were already several consultations with the negotiating team, and we in Ukraine are preparing very intensively for the next meetings with the American and Russian sides. Ukraine is interested in the success of the negotiations and the constructiveness of the meetings: humanitarian track, military and",4,Ukrainian,ZelenskyyUa,2026-02-20T17:13:03.000Z
"Our negotiating team delivered a detailed report following their meetings in Switzerland. In particular, we discussed aspects that could not be addressed over the phone. I’m grateful to the team for their precise work within the directives, and also for their patience in all",4,Ukrainian,ZelenskyyUa,2026-02-20T14:34:59.000Z
"There was a detailed report of our negotiation group based on the results of the meetings in Switzerland. They discussed, in particular, aspects that could not be voiced in telephone mode. I am grateful to the team for their clear work within the framework of the directives, as well as for their patience in all conversations with the Russian side,",4,Ukrainian,ZelenskyyUa,2026-02-20T14:35:00.000Z
"He met with the UN High Commissioner for Refugees, Barham Salih.  They discussed the consequences of constant Russian shelling of the Ukrainian energy system and the help our people need. More pressure is needed to stop these attacks and more support for our people, especially",4,Ukrainian,ZelenskyyUa,2026-02-19T17:54:03.000Z
"Today, Sweden has announced its largest defense assistance package for Ukraine — nearly $1.4 billion. This will significantly strengthen our soldiers on the battlefield and help protect our skies from wicked Russian air attacks on critical infrastructure.  Sweden is among the",4,Ukrainian,ZelenskyyUa,2026-02-19T16:59:56.000Z
"Today, Sweden announced its largest defense aid package for Ukraine - almost 1.4 billion dollars. This will significantly strengthen our soldiers on the battlefield and help protect our skies from brutal Russian air attacks on critical infrastructure.  Sweden among those",4,Ukrainian,ZelenskyyUa,2026-02-19T16:59:57.000Z
"Today is the first day of the holy month of Ramadan. This is a time of sincere prayer and deep faith. But, unfortunately, thousands of Ukrainian Muslims meet this day on the battlefield, and part of the Crimean Tatar people – under Russian occupation and in Russian captivity.  We",4,Ukrainian,ZelenskyyUa,2026-02-19T16:46:48.000Z
"Today is the first day of the holy month of Ramadan. This is a time of sincere prayer and deep faith. But, unfortunately, thousands of Ukrainian Muslims meet this day on the battlefield, and part of the Crimean Tatar people - under Russian occupation and in Russian captivity.   We remember about",4,Ukrainian,ZelenskyyUa,2026-02-19T16:46:48.000Z
"Yesterday I had an awesome conversation with  @piersmorgan . Thanks, Piers! Today – a deep, substantive conversation with Kyodo News.  It is important that we get heard in every part of the world – that Ukraine gets heard. The better our country, our people, and our struggle for",4,Ukrainian,ZelenskyyUa,2026-02-19T15:06:44.000Z
"Had a cool conversation with Piers Morgan yesterday. Thanks Pierce! Today is a deep, meaningful conversation with Kyodo News.  It is important that all parts of the world hear us - hear Ukraine. The better they understand our country, our people, our struggle for freedom, the sooner it will be real and long-lasting",4,Ukrainian,ZelenskyyUa,2026-02-19T15:06:45.000Z
"I held a daily coordination call to discuss the situation with power and heating supply in the regions. We had a detailed review of the recovery efforts and provision of services to people in several of our regions, specifically in Odesa and some communities across the region, in",4,Ukrainian,ZelenskyyUa,2026-02-19T11:08:10.000Z
"By allowing Russian and Belarusian flags to be displayed at the Paralympic Games, the International Paralympic Committee has already turned a celebration of dignity into a false-flag operation for aggressor regimes.  We are grateful to all countries that have taken a principled",4,Ukrainian,Ukraine,2026-03-06T15:38:47.000Z
Happy Stalin’s Death Day,4,Ukrainian,Ukraine,2026-03-05T08:27:52.000Z
dictator domino,4,Ukrainian,Ukraine,2026-03-01T14:41:19.000Z
nothing beats the death of a dictator,4,Ukrainian,Ukraine,2026-02-28T22:01:40.000Z
After all this time? Always.,4,Ukrainian,Ukraine,2026-02-26T13:20:25.000Z
"The 1941-1945 Nazi-Soviet war on the Eastern Front of WWII lasted 1,418 days.  Today is day 1,419 of Russia’s full-scale war. 1,2 million soldiers lost. Zero strategic goals achieved.  This war is neither great nor patriotic — it is an embarrassment and a failure for Moscow.",4,Ukrainian,Ukraine,2026-01-12T14:48:36.000Z
"Vasyl Stus   January 6, 1938 – September 4, 1985  A prominent Ukrainian artist, activist, human-rights defender, and dissident. The Soviet regime murdered him in prison but couldn’t break his spirit.",4,Ukrainian,Ukraine,2026-01-06T17:57:49.000Z
Happy New Year 2026! Just peace.,4,Ukrainian,Ukraine,2025-12-31T22:37:16.000Z
"When you fight for your home, knowing you are not alone means everything.  Thank you for standing together in 2025.   Light shall prevail over darkness",4,Ukrainian,Ukraine,2025-12-31T20:47:36.000Z
Your favorite emoji of 2025. We start.,4,Ukrainian,Ukraine,2025-12-31T19:06:37.000Z
Already played S.T.A.L.K.E.R. 2? Here are photos of the real defenders of the Chornobyl Exclusion Zone.,4,Ukrainian,Ukraine,2025-12-30T19:43:05.000Z
Broke up with the USSR because it was a total red flag,4,Ukrainian,Ukraine,2025-12-26T14:43:10.000Z
Happy Soviet Union Collapse Day!,4,Ukrainian,Ukraine,2025-12-26T06:50:40.000Z
Merry Christmas! Ukraine stands firmly.,4,Ukrainian,Ukraine,2025-12-25T18:35:58.000Z
"A March of Carols, passing by the flags commemorating the fallen defenders.   Kyiv, 25 December 2025.",4,Ukrainian,Ukraine,2025-12-25T17:36:45.000Z
Merry Christmas! May a just and lasting peace once again become our normality.,4,Ukrainian,Ukraine,2025-12-24T13:07:07.000Z
"Happy Hanukkah! Even in the longest darkness, light endures.  : Kyiv, 14 December 2025",4,Ukrainian,Ukraine,2025-12-14T20:19:03.000Z
"Moldova,   Hand in hand to the stars",4,Ukrainian,Ukraine,2025-09-29T19:15:53.000Z
Ukraine: The Dawn of Europe,4,Ukrainian,Ukraine,2025-09-14T07:35:07.000Z
"Ukrainians brought ""Dark Cloud"" to the Burning Man as a clear warning.   Ukrainians made ""No Fate"" as a clear message.",4,Ukrainian,Ukraine,2025-09-02T21:55:44.000Z
Both Woody Allen and Russia shoot. Woody Allen shoots films. Russia shoots Ukrainians.  Allen's participation in the Moscow International Film Week is a tragic mockery of his own artistic legacy.,4,Ukrainian,Ukraine,2025-08-25T09:48:21.000Z
"As we celebrate Independence Day, we celebrate you, too — our friends and allies. Thank you for standing with us.  We know what we are fighting for. That is why we will prevail.",4,Ukrainian,Ukraine,2025-08-24T19:31:11.000Z
peace = security,4,Ukrainian,Ukraine,2025-08-21T19:49:01.000Z
Stand with Ukraine,4,Ukrainian,Ukraine,2025-08-18T11:16:34.000Z
Happy One Million Killed And Wounded Russian Invaders Day,4,Ukrainian,Ukraine,2025-06-12T08:14:35.000Z
Today is Kyiv Day. We are standing our ground. Since the fifth century.,4,Ukrainian,Ukraine,2025-05-25T12:40:28.000Z
"Europe, thank you so much for your support!  Glory to Ukraine!",4,Ukrainian,Ukraine,2025-05-17T20:17:34.000Z
Believe in Ukraine. Stand with Ukraine. Glory to Ukraine!,4,Ukrainian,Ukraine,2025-02-28T20:45:43.000Z
defending freedom and not going anywhere.  thank you to everyone who is standing with us.,4,Ukrainian,Ukraine,2025-02-19T22:12:00.000Z
legit  @ZelenskyyUa,4,Ukrainian,Ukraine,2025-02-19T21:38:25.000Z
We're sure our Bird of Pray will Rise Like a Phoenix and Shine Bright Like a Diamond.  We're sending Ziferblat our best wishes and positive vibes! Good luck at  @Eurovision  in Basel guys!,4,Ukrainian,Ukraine,2025-02-09T07:17:11.000Z
Ukraine wants peace in Europe. Russia wants a piece of Europe.,4,Ukrainian,Ukraine,2025-02-08T09:09:25.000Z
"This was the first McDonald's that opened in Kyiv. In 1997. Today, in 2025, it has become another Russian target. Terror, period.",4,Ukrainian,Ukraine,2025-01-18T22:33:23.000Z
May Ukrainian parents come back alive and embrace their children.  Merry Christmas!,4,Ukrainian,Ukraine,2024-12-25T14:00:16.000Z
all we want for Christmas is for Russia to piss off,4,Ukrainian,Ukraine,2024-12-25T12:30:22.000Z
Together we will win back our just and lasting peace.   We will bring down Russian aggression. Once and for all.   Because there are no walls that do not fall.,4,Ukrainian,Ukraine,2024-11-09T22:01:19.000Z
Long-range strikes against military targets in Russia. As long as it takes.,4,Ukrainian,Ukraine,2024-09-01T19:07:43.000Z
The Executed Renaissance was the generation of Ukrainian artists of the 1920s and 1930s. Killed by Moscow for trying to restore national-cultural identity.  Kharkiv artist Nika Kozhushko was inspired by them.  Yesterday she was killed in another renaissance of Russian execution.,4,Ukrainian,Ukraine,2024-08-31T12:38:43.000Z
not before The Hague,4,Ukrainian,Ukraine,2024-07-22T08:58:22.000Z
"Mulțumesc, România!",4,Ukrainian,Ukraine,2024-06-21T08:21:00.000Z
They came to @EURO2024 from Ukraine - the defensive line of Europe.,4,Ukrainian,Ukraine,2024-06-14T09:47:26.000Z
"we kneel before heroes, not invaders @ZelenskyyUa",4,Ukrainian,Ukraine,2024-06-06T17:26:49.000Z
Oh. My. God. Literally.,4,Ukrainian,Ukraine,2024-06-05T17:31:16.000Z
we don't expect patronum spells - we need patriot systems,4,Ukrainian,Ukraine,2024-05-27T11:03:57.000Z
undisputed championship. handmade.  @usykaa,4,Ukrainian,Ukraine,2024-05-19T06:40:58.000Z
"80 years ago, the Soviet regime deported nearly 200 thousand Crimean Tatars from their home.  This genocide goes on now under Russia’s occupation.  Stay strong, dear Crimean Tatars. You will live freely in the liberated Ukrainian Crimea one day.",4,Ukrainian,Ukraine,2024-05-18T20:41:06.000Z
"The flag emoji is not a real way to help the Crimean Tatars, who have faced Russia's genocidal policies throughout their history.   Still, we think it'd be cool to have a Crimean Tatar flag emoji as a sign of recognition and respect.  Drafted it for  @unicode",4,Ukrainian,Ukraine,2024-05-18T20:41:58.000Z
euro2024integrated,4,Ukrainian,Ukraine,2024-03-26T22:10:27.000Z
Within train station (and beyond). Delivering love and gratitude: Manual from  @Ukrzaliznytsia,4,Ukrainian,Ukraine,2024-03-20T19:49:17.000Z
"Priests kidnapped, tortured, and killed by Russian occupiers. Churches damaged and ruined by Russian strikes.  This is what Russian occupation has done to Ukraine.  This is why our warriors need more weapons and ammunition to liberate our land and put an end to these crimes.",4,Ukrainian,Ukraine,2024-03-13T18:56:37.000Z
not all white flags are what they seem,4,Ukrainian,Ukraine,2024-03-10T21:07:19.000Z
"Taras Shevchenko, Ukraine's poetic genius, was born 210 years ago today.  His works are at the heart of the Ukrainian people. They have carried our nation through centuries and continue to do so now.  P.S. He mastered the selfie genre in 1840, when insta stories were still oval.",4,Ukrainian,Ukraine,2024-03-09T16:20:02.000Z
"Churchill gave his Fulton speech, ""The Sinews of Peace,"" 78 years ago today, marking the Cold War era.  Today, there is a hot war in Europe—Russian aggression against Ukraine.  However, the free nations coalition is stronger, while Moscow and its allies are weaker.  @United24media",4,Ukrainian,Ukraine,2024-03-05T17:35:03.000Z
Happy Stalin’s Death Day!,4,Ukrainian,Ukraine,2024-03-05T12:23:32.000Z
"Yesterday, Russians killed Ukrainian poet and soldier Maksym Kryvtsov. He was 33.  Maksym took part in the Revolution of Dignity and joined the army as a volunteer fighter in 2014.  Listen to him read his poem ""Where are my dreams?""",4,Ukrainian,Ukraine,2024-01-08T09:43:12.000Z
mastery level: Ukraine's Air Defense,4,Ukrainian,Ukraine,2024-01-05T09:49:44.000Z
"Since the 1990s, Ukraine has been and remains one of Europe's most religiously diverse countries, with religions coexisting peacefully.  We even have an official body comprised of Orthodox, Catholics, Jews, Muslims, Lutherans, Evangelicals, and others, with a rotating presidency.",4,Ukrainian,Ukraine,2024-01-04T17:39:23.000Z
Happy New Year to everyone across the world!  And may the simple wishes of Ukrainians come true in the coming year.,4,Ukrainian,Ukraine,2023-12-31T17:50:44.000Z
Czech mate,4,Ukrainian,Ukraine,2023-12-31T09:30:03.000Z
"aha, we can hear it  sounds like explosions, though",4,Ukrainian,Ukraine,2023-12-29T07:01:23.000Z
Russian navy parade,4,Ukrainian,Ukraine,2023-12-27T06:41:23.000Z
Russian Black Sunk Fleet,4,Ukrainian,Ukraine,2023-12-26T08:03:04.000Z
The USSR collapsed 32 years ago on this day,4,Ukrainian,Ukraine,2023-12-25T18:55:44.000Z
cock-a-doodle-doo Ukraine goes to the EU,4,Ukrainian,Ukraine,2023-12-25T16:43:22.000Z
how i met your nasams,4,Ukrainian,Ukraine,2023-12-13T18:04:03.000Z
"On Armed Forces of Ukraine Day, we thank all of our brave men and women in uniform for protecting all of us",4,Ukrainian,Ukraine,2023-12-06T08:43:29.000Z
"The Russian dream, or how to go from petty crook to war criminal. Starring Putin.",4,Ukrainian,Ukraine,2023-12-01T17:22:34.000Z
We wish all Americans a very happy #Thanksgiving,4,Ukrainian,Ukraine,2023-11-23T15:50:19.000Z
Comprehension of European processes  Advanced: Understanding the EU accession process   Pro: Understanding the UEFA EURO 2024 qualification process,4,Ukrainian,Ukraine,2023-11-22T17:46:32.000Z
liberté           dignité                     invincibilité,4,Ukrainian,Ukraine,2023-11-21T14:08:04.000Z
a tale of two nations and their fairytales,4,Ukrainian,Ukraine,2023-11-18T12:45:04.000Z
"thank you beaucoup,",4,Ukrainian,Ukraine,2023-11-17T21:05:23.000Z
in Russia they call it TV,4,Ukrainian,Ukraine,2023-11-15T11:30:24.000Z
Russian drama,4,Ukrainian,Ukraine,2023-08-11T18:44:30.000Z
"They won Oscars, changed the face of fashion and design, and were born in Ukraine. Learn about three world-famous creators — Adolphe ‘Cassandre’ Mouron, Sonia Delaunay, and Barbara Karinska — in this episode by  @United24media .",4,Ukrainian,Ukraine,2023-08-09T15:58:44.000Z
Russian warship f***s itself watch online free no sign up,4,Ukrainian,Ukraine,2023-08-04T08:20:10.000Z
Happy Ukrainian Statehood Day!   Russian war criminals need to remember: failing to find Ukraine on a map leads to finding The Hague.  :  @United24media,4,Ukrainian,Ukraine,2023-07-28T07:22:02.000Z
at least X is better than Z,4,Ukrainian,Ukraine,2023-07-24T10:08:40.000Z
"Russian missiles are destroying Odesa. While its residents suffer greatly, we call on world stars with Odesa heritage  @TheSlyStallone  @LeoDiCaprio  Steven Spielberg, Michael Douglas, Whoopi Goldberg, Bob Dylan and others to express solidarity with them.  :  @suspilne_news",4,Ukrainian,Ukraine,2023-07-23T09:37:55.000Z
Happy Barbenheimer (also known as Barbenhimars in Ukraine),4,Ukrainian,Ukraine,2023-07-21T17:34:01.000Z
bridge – broke – broken,4,Ukrainian,Ukraine,2023-07-17T06:17:07.000Z
"From 2019 until February 24, 2022, Ukraine engaged in 88 rounds of diplomatic negotiations with Russia, mediated by France and Germany, in an attempt to bring an end to the war. However, Russia imitated diplomacy while preparing for a full-scale assault.  @United24media  has more.",4,Ukrainian,Ukraine,2023-03-04T11:59:53.000Z
get Bach facts right,4,Ukrainian,Ukraine,2023-01-28T15:18:34.000Z
Ramstein – Hier kommt der Leo,4,Ukrainian,Ukraine,2023-01-20T08:54:38.000Z
Send your tanks to Ukraine now so you don't have to deal with Russian tanks later #TanksToUkraineNow,4,Ukrainian,Ukraine,2023-01-17T16:53:48.000Z
Russian terrorism must be defeated.,4,Ukrainian,Ukraine,2023-01-14T19:49:18.000Z
Happy USSR Collapse Day!,4,Ukrainian,Ukraine,2022-12-25T17:34:19.000Z
Light and hope will prevail even without electricity.   Merry Christmas  & #StandWithUkraine  Art by  @grekhov,4,Ukrainian,Ukraine,2022-12-24T15:47:43.000Z
"no matter who wins today,  @FIFAcom  has already lost",4,Ukrainian,Ukraine,2022-12-18T15:04:14.000Z
"Today is Armed Forces of Ukraine Day. We thank all of our brave men and women who have stood up to defend Ukraine and the entire Europe from  Russian aggression. Among them, Ukrainians of all walks of life. Thanks to them we know: light will prevail over darkness",4,Ukrainian,Ukraine,2022-12-06T17:25:57.000Z
Vovan and Lexus?,4,Ukrainian,Ukraine,2022-10-24T15:50:32.000Z
Hey  @thisisFINLAND  rate this trench sauna on the range from 1 to 10,4,Ukrainian,Ukraine,2022-10-21T15:55:46.000Z
This is why Ukraine will win this war. I thank all fellow Ukrainians for saving power at their homes today,4,Ukrainian,Ukraine,2022-10-20T08:25:22.000Z
"Without them! Let’s bring our victory closer together,  @ZelenskyyUA",4,Ukrainian,Ukraine,2022-10-20T08:19:31.000Z
"Russian war criminals have damaged one third of our energy system by their terrorist strikes. Ukraine’s response? Nationwide effort to save electricity and let our repair teams do their job. So if you’d ask us your famous question again, Mr. President  @ZelenskyyUa ...",4,Ukrainian,Ukraine,2022-10-20T08:08:11.000Z
Ukraine defends liberty — a reminder by Ukrainians of New York,4,Ukrainian,Ukraine,2022-10-15T19:37:20.000Z
"Why is it wrong to call Russian missile terror a “revenge”? Because the timeline of Russia’s acts of terror over the past seven months proves that Russia does not need a reason to hate and kill Ukrainians. Please, share this excellent work by  @ukraine_ua    war.ukraine.ua/in-wartime/rus …",4,Ukrainian,Ukraine,2022-10-11T13:52:21.000Z
"Jeez! Russian strikes are not a “revenge for the Crimea bridge”. They are a revenge for the fact that Ukraine still exists. They are part of Russia’s genocidal war on Ukraine, its continued murder and terror against civilians. The only way to put an end to it is to #ArmUkraineNow",4,Ukrainian,Ukraine,2022-10-10T14:09:23.000Z
"Beaten by the Ukrainian Armed Forces on the battlefield, coward Putin responds with terror against peaceful Ukrainian cities and civilians.   We will not waiver   #ArmUkraineNow with air and missile defense systems!  Recognize Russia for what it is: #RussiaIsATerroristState!",4,Ukrainian,Ukraine,2022-10-10T08:29:09.000Z
Grand Theft Army: Russia  @RockstarGames,4,Ukrainian,Ukraine,2022-10-09T08:21:29.000Z
hey  @Crimea  what’s new?,4,Ukrainian,Ukraine,2022-10-08T15:45:17.000Z
sick burn,4,Ukrainian,Ukraine,2022-10-08T06:34:06.000Z
this joke is much better than the Russian one,4,Ukrainian,Ukraine,2022-10-06T12:00:07.000Z
100 years ago on this day ‘Carrol of the Bells’ — or ‘Schedryk’ as we call it in Ukraine — premiered in North America. Ukrainian People's Republic’s Koshyts Capella performed it in  @CarnegieHall  as part of Ukraine’s cultural diplomacy.  @UA_Institute  and  @Ukrainer  tell the story,4,Ukrainian,Ukraine,2022-10-05T20:20:18.000Z
#visabanforrussians,4,Ukrainian,Ukraine,2022-08-27T12:54:45.000Z
"Today, we celebrate Ukraine’s Independence Day together with the entire world. The Ukrainian flag flies proudly across the globe — not because we conquer the world, but because we have inspired it with our highest value: freedom. #StandForFreedom #StandWithUkraine",4,Ukrainian,Ukraine,2022-08-24T12:31:01.000Z
"thanks for the greetings   p.s. wish-list:   MLRS  155 mm  battle tanks, APCs  air/missile defense, aircraft  hugs, everyone!",4,Ukrainian,Ukraine,2022-08-24T07:27:47.000Z
freedom,4,Ukrainian,Ukraine,2022-08-23T07:51:38.000Z
p.s. Happy National Flag of Ukraine Day!,4,Ukrainian,Ukraine,2022-08-23T07:51:51.000Z
"In the course of its war on Ukraine, Russia has turned to nuclear terrorism. Russians shelled and occupied Europe's largest nuclear power plant in Zaporizhzhia. Now they use it as a military base, stuff it with military hardware, and threaten the world.  @United24media  explains",4,Ukrainian,Ukraine,2022-08-18T18:48:11.000Z
"Russia's war on Ukraine, one of the world's top food exporters, has put millions of people across the globe at risk of hunger. Ukraine spares no effort to save and export its harvest despite Russia's war and blockade.  @United24media  explains what's at stake and how you can help",4,Ukrainian,Ukraine,2022-07-31T15:42:21.000Z
"On Ukrainian Statehood Day, a reminder that our national emblem has remained unchanged since Svyatoslav the Brave, Volodymyr the Great, and Yaroslav the Wise (10th c — 11th c).  Whether there’s any connection between the double-headed chicken and the ancient Rus’ remains unknown.",4,Ukrainian,Ukraine,2022-07-28T12:41:38.000Z
Kherson bridge be like,4,Ukrainian,Ukraine,2022-07-27T10:59:05.000Z
"Ukrainian war posters have become an outstanding art phenomena, a response of Ukrainian artists to Russian invasion. Sunseed ART project popularizes war posters and sells them online to support authors and the Ukrainian army.  website:  sunseed-art.com ig: sunseed_gallery",4,Ukrainian,Ukraine,2022-07-06T18:17:36.000Z
artworks in the tweet by:   Oleh Hryshchenko (Cheers) Sveta Grib (Embroiderer) Maksym Palenko (Moscow),4,Ukrainian,Ukraine,2022-07-06T18:24:25.000Z
"Fellow Ukrainians in the areas temporarily occupied by Russia: Ukraine misses you, Ukraine fights for you, Ukraine will soon be back!  Kherson is Ukraine   art by Marichka Ruban mariaruban.com",4,Ukrainian,Ukraine,2022-06-13T08:06:27.000Z
which side are you on?                                 democracy        dictatorship civil society       cult of personality humanity           war crimes diversity             hatred facts                   fakes defense              aggression  ...add your items to the list,4,Ukrainian,Ukraine,2022-06-09T09:40:14.000Z
"Ukrainians in territories temporarily occupied by Russia resist invaders and reject their rule. We honor their bravery and want each one of them to know: Ukraine admires you, Ukraine misses you, Ukraine will be back!  : ⁦⁦ @brave_ua ⁩ ⁩",4,Ukrainian,Ukraine,2022-06-06T09:30:22.000Z
"STRONG THANKS FROM UKRAINE  to ALL of our partners, organizations, and friends around the globe  THANK YOU for standing by the people of Ukraine  together we will win   : ⁦ @BandaAgency ⁩",4,Ukrainian,Ukraine,2022-06-03T14:56:42.000Z
"100 days ago Russia aimed to destroy us in a matter of days. Today, we keep standing tall and destroying the invaders.  Keep supporting Ukraine! We will prevail  #StandWithUkraine #ArmUkraineNOW art by Nikita Titov",4,Ukrainian,Ukraine,2022-06-03T07:30:42.000Z
#ArmUkraineNow,4,Ukrainian,Ukraine,2022-05-29T18:29:54.000Z
"World leaders & stars gather today in Kyiv and Berlin with one goal: 19 surgical C-arm X-ray machines for Ukraine.   Join today our charity telethon, enjoy best of the best of #Ukiebeats & #StandWithUkraine!  Learn more:  saveukraine.1plus1.ua/en  Donate:  u24.gov.ua/donate/humanit …",4,Ukrainian,Ukraine,2022-05-29T15:04:32.000Z
Greetings to our brave and free capital  @Kyiv  on its day,4,Ukrainian,Ukraine,2022-05-29T12:46:38.000Z
"When the night has come…   … @U2  stands by U.   Kyiv, Khreshchatyk metro station, 8 May 2022",4,Ukrainian,Ukraine,2022-05-08T18:34:20.000Z
"where there’s a tractor, there’s a way",4,Ukrainian,Ukraine,2022-05-06T17:11:15.000Z
thanks to  @vitscheberlin  &  @pileckiinstitut  for this piece of video art,4,Ukrainian,Ukraine,2022-05-06T17:11:44.000Z
Happy Showa Day to our partners and friends in  @Japan . Arigato for your support of Ukraine during these difficult times     Hayao Miyazaki-style works by Ukrainian artist Yuliya Tveritina,4,Ukrainian,Ukraine,2022-04-28T16:08:02.000Z
"On this day in 1986, Soviet lies led to Chornobyl disaster, the worst nuclear catastrophe in history. Today Russia, the successor of Soviet lies and brutality, threatens the entire world again. #ArmUkraineNow and help us defeat the Empire of Lies.",4,Ukrainian,Ukraine,2022-04-26T20:13:59.000Z
"we will fight ruscism, here and now",4,Ukrainian,Ukraine,2022-04-24T13:15:41.000Z
Our sincere apologies for making a mistake in the previous version of the video. We had no intention to offend the friendly people of Japan . In the new video above we have corrected the mistake.,4,Ukrainian,Ukraine,2022-04-24T14:49:26.000Z
Happy Easter to everyone celebrating today. Light will prevail over darkness. Life will prevail over death. Ukraine will prevail. Amen.,4,Ukrainian,Ukraine,2022-04-24T07:38:35.000Z
SOLD: 5 mln hryvnas (~USD 170k) have been transferred to the Armed Forces of Ukraine.   p.s. wait for new lots when the next occasion arises: …,4,Ukrainian,Ukraine,2022-04-22T17:51:18.000Z
BRAVERY             will always prevail over                                                   SLAVERY.  more at  @brave_ua,4,Ukrainian,Ukraine,2022-04-12T20:08:16.000Z
because they bloody can,4,Ukrainian,Ukraine,2022-04-09T19:55:22.000Z
thank you for not being comfortably numb  :  youtu.be/saEpkcVi1d4,4,Ukrainian,Ukraine,2022-04-07T20:30:56.000Z
Hard to find words... The killing of civilians in Bucha by Russian war criminals is appalling beyond any measure.  Help us stop Russia. Demand your governments to act now:  - Provide Ukraine with all weapons we need - More tough sanctions on Russia  - Cut all trade ties with them,4,Ukrainian,Ukraine,2022-04-04T22:20:44.000Z
"Zmiiny (Snake) Island heroes are back, while the Russian warship continues on its defined course",4,Ukrainian,Ukraine,2022-03-29T17:27:08.000Z
no way to ban a Ukrainian rave party,4,Ukrainian,Ukraine,2022-03-29T11:28:40.000Z
"Incessantly, for 25 years out of 30 years of its modern history, Russia has brought nothing but death. Now we have the chance to stop Russian war-machine forever. Help Ukraine! Help the world! #StopRussia #StandWithUkraine",4,Ukrainian,Ukraine,2022-03-18T20:56:04.000Z
Russia says their conscripts are not being sent to fight in Ukraine. But this is just another lie. We have already caught a bunch of them. Now they have something to tell their liar-in-chief.,4,Ukrainian,Ukraine,2022-03-15T22:08:14.000Z
"The Ivan Franko Drama Theater performed Shakespeare’s Hamlet in a bomb shelter, dedicating their performance to the people of the UK for ongoing support of Ukraine & in recognition of the Blitz of WW2 in which the UK’s civilian population was also bombed. ⁦ @10DowningStreet ⁩",4,Ukrainian,Ukraine,2022-03-15T14:39:03.000Z
"Ukraine scored 2nd in Beijing 2022 Paralympic Winter Games. A live testament Ukrainians fight and win against all odds in sports, in life and on the battlefield    Here is what they had to say after the games were over",4,Ukrainian,Ukraine,2022-03-14T19:12:18.000Z
how to tell a Russian official is lying... his lips move,4,Ukrainian,Ukraine,2022-03-10T21:41:47.000Z
"These are real intercepted calls: Russian soldiers in Ukraine call their close ones back in Russia to tell how it is going so far. Looting and war crimes included. Please, share! The world must know the truth of what they’re doing to our homes and people.",4,Ukrainian,Ukraine,2022-03-09T19:05:41.000Z
"it's not about taste anymore, but about good and evil.  @cocacola  chose the latter.  @pepsi , time for your counterattack is now",4,Ukrainian,Ukraine,2022-03-04T22:35:16.000Z
Jamie Hyneman has something to say and he asked us to share it with all of you,4,Ukrainian,Ukraine,2022-03-04T20:29:23.000Z
"Dear  @ICRC , help us establish humanitarian corridors to bring aid and evacuate civilians. We need at least eight of them. Russia lacks military successes, thus unleashes its fury by indiscriminately bombing civilians. Dear @PMaurerICRC, we need those corridors ASAP to save lives.",4,Ukrainian,Ukraine,2022-03-04T17:56:02.000Z
"Today, Ukraine fights for its freedom and for that of the entire world. This is why the world stands by Ukraine. Your support matters.",4,Ukrainian,Ukraine,2022-03-03T19:36:49.000Z
‘Life Will Win Over Death. Light Will Win Over Darkness’  Historic ⁦ @TIME ⁩ cover with ⁦ @ZelenskyyUa ⁩’s quote,4,Ukrainian,Ukraine,2022-03-03T07:10:01.000Z
"Many people around the world now google: ‘Why Russia invaded Ukraine?’  Indeed, WHY?  Here is a website to explain:  bit.ly/3hvZiZF  Please share far and wide",4,Ukrainian,Ukraine,2022-03-02T23:05:30.000Z
Still standing. And we will not fall. Ukraine will prevail,4,Ukrainian,Ukraine,2022-03-02T20:11:52.000Z
"Yesterday, Russian cruise missile struck the territory of the Babyn Yar memorial complex in Kyiv, killing five civilians. During the Holocaust, Nazis murdered more than 100,000 Jews in Babyn Yar. Nowadays, barbaric Russia is again murdering innocent people at the very same place.",4,Ukrainian,Ukraine,2022-03-02T17:57:30.000Z
"One day, a Ukrainian woman saw a Russian soldier in her hometown Henichesk, south of Ukraine. This is what happened next",4,Ukrainian,Ukraine,2022-02-27T19:25:00.000Z
"The biggest plane in the world ""Mriya"" (The Dream) was destroyed by Russian occupants on an airfield near Kyiv. We will rebuild the plane. We will fulfill our dream of a strong, free, and democratic Ukraine.",4,Ukrainian,Ukraine,2022-02-27T15:47:10.000Z
Tag  @Russia  and tell them what you think about them,4,Ukrainian,Ukraine,2022-02-24T13:22:04.000Z
Ukraine’s Foreign Minister invites foreign nationals to join the International Legion of Territorial Defense of Ukraine,4,Ukrainian,Ukraine,2022-02-27T07:52:45.000Z
"People call him the Ghost of Kyiv. And rightly so — this UAF ace dominates the skies over our capital and country, and has already become a nightmare for invading Russian aircrafts.",4,Ukrainian,Ukraine,2022-02-27T07:22:37.000Z
"thanx, appreciate it",4,Ukrainian,Ukraine,2022-02-26T22:41:47.000Z
To the free people of the world!  We feel your support. We see your demonstrations with our flags. We hear your chants. This helps us fight the horrific Russian evil.  Ukraine holds its ground   We. Will. Not. Fall.  #StandWithUkraine,4,Ukrainian,Ukraine,2022-02-26T21:10:11.000Z
Dear  @elonmusk     Ukraine needs your support. Your stance and your actions matter.   An appeal by our Minister of Digital Transformation here,4,Ukrainian,Ukraine,2022-02-26T18:43:23.000Z
"Russia's war against Ukraine is taking place in social media too.  Don’t fall for major trends of Russian disinformation!  Use official sources:  @MFA_Ukraine ,  @APUkraine  @GeneralStaffUA P.S. sorry the team is exhausted without sleep, we make mistakes in tweets & tweet them again",4,Ukrainian,Ukraine,2022-02-26T15:47:46.000Z
#RussiaInvadedUkraine #StopPutin,4,Ukrainian,Ukraine,2022-02-26T12:48:48.000Z
"Your actions matter. Your voice can be decisive to strengthen Western resolve and protect the security of Ukraine, Europe and the entire free and democratic world from a new revanchist force in Europe. Act NOW!",4,Ukrainian,Ukraine,2022-02-25T19:38:27.000Z
Make no mistake. Ukrainians will prevail. We fought against the Russian and Soviet empires in the past and – always – freedom and democracy won the day. We need your support now. Support the Ukrainian Army and economy. Let’s #StopRussianAggression together  ukraine.ua/news/support-t …,4,Ukrainian,Ukraine,2022-02-24T19:35:46.000Z
"hey people, let’s demand  @Twitter  to remove  @Russia  from here  no place for an aggressor like Russia on Western social media platforms  they should not be allowed to use these platforms to promote their image while brutally killing the Ukrainian people @TwitterSupport",4,Ukrainian,Ukraine,2022-02-24T16:42:57.000Z
Donate for the Ukrainian army here:  ukraine.ua/news/support-t …,4,Ukrainian,Ukraine,2022-02-24T12:02:13.000Z
"Be very, very careful over the next few days with military information. The Russians want to persuade Ukraine to surrender and they will use disinformation, fake video, fake photos.",4,Ukrainian,Ukraine,2022-02-24T10:00:05.000Z
"UPD: If the previous link doesn't work you may use  ukraine.ua/news/stand-wit…  #RussiaInvadedUkraine  Russia has started the new wave of aggression against Ukraine. Wherever you are, whatever you do, you can help Ukraine now. You can help Ukraine against Russian aggression",4,Ukrainian,Ukraine,2022-02-24T09:19:23.000Z
"Join our Twitter-storm on February 24rd from 12 to 2 pm Kyiv, 10 am - 12 pm UTC. Use #StopRussianAggression and #RussiaInvadedUkraine hashtags to tell the world of the ongoing Russian aggression against Ukraine and the fact that Ukraine is under attack.",4,Ukrainian,Ukraine,2022-02-24T09:16:51.000Z
"This is not a ‘meme’, but our and your reality right now.",4,Ukrainian,Ukraine,2022-02-24T08:43:54.000Z
"#RussiaInvadedUkraine   Russia has started the new wave of aggression against Ukraine.  Wherever you are and whatever you do, you can help Ukraine now. You can help Ukraine against Russian aggression. uacrisis.org/en/help-ukraine",4,Ukrainian,Ukraine,2022-02-24T08:39:47.000Z
"#RussiaInvadedUkraine Today, on February 24 at 5AM, the armed forces of the Russian Federation attacked Ukraine. #StayWithUkraine, stay tuned for updates on Ukraine’s official sources and channels in English and support Ukraine in its fight for freedom and democracy in Europe.",4,Ukrainian,Ukraine,2022-02-24T08:07:13.000Z
"Legendary Ukrainian aircraft designer Oleh Antonov was born 116 years ago OTD.  52 gliders & 22 airplanes were created under his leadership.  Among the most significant are An-22 Antei, An-124 Ruslan, and giant An-225 Mriya which set over 110 world records with its maiden flight.",4,Ukrainian,Ukraine,2022-02-07T12:46:13.000Z
"Photos:  @ukrinform ,  @tsnweek",4,Ukrainian,Ukraine,2022-02-07T12:47:34.000Z
"The Marmarosy Mountain Range  Carpathians, Ukraine  Photo: Oleksandr Kalinin",4,Ukrainian,Ukraine,2022-02-02T09:49:47.000Z
years ago on this day Ivan Franko National Academic Drama Theater was founded in Vinnytsia.  In 1926 it moved to Kyiv. Today the Franko theater remains one of Ukraine’s leading cultural institutions.,4,Ukrainian,Ukraine,2022-01-28T20:19:20.000Z
"Outstanding Ukrainian landscape painter of Greek descent Arkhyp Kuindzhi was born  years ago in Mariupol.  He was called the ‘master of light‘ for his extraordinary talent of bringing streams of light to life on his canvas.  P.S. fabulous views of Ukrainian Crimea, btw",4,Ukrainian,Ukraine,2022-01-27T13:13:47.000Z
"“The truth is that humor has an enormous power”.  Get to know more about Twitter Ukraine in our rare interview to  @washingtonpost P.S. thanks for the nice chat,  @ikhurshudyan",4,Ukrainian,Ukraine,2022-01-26T11:15:10.000Z
"Happy 31st birthday to our 2020 Olympic Champion, multiple world champion in Graeco-Roman wrestling Zhan Beleniuk   Wishing many sound victories ahead   Photos: Zhan Beleniuk (ig), EPA/UPG",4,Ukrainian,Ukraine,2022-01-24T16:10:31.000Z
Join the global #UkrainianWave   RT #StandWithUkraine +,4,Ukrainian,Ukraine,2022-01-22T12:16:05.000Z
"Lighthouse on the Kyiv Reservoir   Vyshhorod, Ukraine   ig: olya_flydji",4,Ukrainian,Ukraine,2022-01-21T09:40:50.000Z
"Genius Armenian & Ukrainian film director Serhii Parajanov was born OTD 98 years ago.  His ‘Shadows of Forgotten Ancestors’, ‘The Color of Pomegranates’ & other films are gems of world cinema.  Parajanov also opposed political repressions in Ukraine & got imprisoned by the USSR.",4,Ukrainian,Ukraine,2022-01-09T16:54:22.000Z
Photo: Yurii Mechytov,4,Ukrainian,Ukraine,2022-01-09T16:55:05.000Z
"Happy birthday to Ukraine’s world-famous conductor Oksana Lyniv, a great talent with many ‘first’ titles   First-ever female chief conductor of Austria’s Graz Opera and Germany’s Bayreuth Festival. First-ever female to head Italy’s Bologna Communal Theatre in 2022-2025.",4,Ukrainian,Ukraine,2022-01-06T17:44:51.000Z
Ph:  dw.com,4,Ukrainian,Ukraine,2022-01-06T17:46:19.000Z
"Prominent Ukrainian poet & dissident Vasyl Stus was born  years ago.  He was a poet of a rare talent and created some true masterpieces of Ukrainian 20th century poetry.  Soviet dictatorship banned his works & twice imprisoned Stus. He died in Soviet prison in 1985, aged 47.",4,Ukrainian,Ukraine,2022-01-06T10:52:12.000Z
"Mount Hoverla, Carpathians, Ukraine  The highest mountain in Ukraine, Mount Hoverla proudly enjoys the status of one of the top tourist destinations of our country  #BeautifulUkraine #VisitUkraineNOW  : Creative Travel Projects",4,Ukrainian,Ukraine,2022-01-05T08:41:45.000Z
May the New 2022 be full of joy and breathtaking visits to Ukraine   ig: Olya_flydji,4,Ukrainian,Ukraine,2022-01-01T13:24:36.000Z
"The Tunnel of Love   Near Klevan, Rivne region  : Ivan Mulyk, Oles Kostiuchko  Learn more about Ukraine’s famous Tunnel of Love  ukraine.ua/cities-places/ …",4,Ukrainian,Ukraine,2021-12-30T15:36:56.000Z
"Visiting Ukraine for the holiday season is unforgettable   Kontraktova Square, Kyiv   ig: Olya_flydji, Pasha Zaiarnyi  #VisitUkraineNow #BeautifulUkraine",4,Ukrainian,Ukraine,2021-12-30T07:54:10.000Z
"Great anatomist & surgeon Mykola Pyrohov was born OTD in 1810.  He created the first atlas of topographical & applied human anatomy, pioneered the use of anesthesia in surgery.  Since 1861 Pyrohov lived & worked in Vinnytsia. Today, his mansion is a museum well worth visiting.",4,Ukrainian,Ukraine,2021-11-25T11:04:39.000Z
when Russian officials deny they plan to attack Ukraine,4,Ukrainian,Ukraine,2021-11-23T20:06:56.000Z
"Our legend, Ihor Malitskyi, passed away at the age of 96.  He was a man of unbreakable spirit and love of life, survivor of four Nazi death camps and a remarkable scientist.  Malitskyi was an inspiring public figure and a great patriot of Ukraine.  He will be sorely missed",4,Ukrainian,Ukraine,2021-11-23T16:02:30.000Z
"photos: Ihor Malitskyi’s archive, Reuters, Milena Kovalska.",4,Ukrainian,Ukraine,2021-11-23T16:05:28.000Z
"years ago OTD our remarkable aircraft engine designer Oleksandr Ivchenko was born in Zaporizhzhia.  Ivchenko was a gifted innovator. His engine designs enabled many remarkable aircrafts, including Ukraine’s An-22 ‘Antei’, the world‘s largest turboprop-powered aircraft.",4,Ukrainian,Ukraine,2021-11-23T09:41:48.000Z
photos: Reuters.,4,Ukrainian,Ukraine,2021-11-23T09:43:16.000Z
can someone pls tell Viktor Yanukovych who still hides in  @Russia  that 13 years in prison will not serve themselves  #VisitUkraineNOW,4,Ukrainian,Ukraine,2021-11-22T14:23:36.000Z
"years ago OTD our world-famous philosopher Hryhorii Skovoroda was born in Poltava region.  His philosophy developed a unique study of a human being, happiness and self-knowledge.  Skovoroda arranged his tombstone to read ‘The world tried to capture me, but didn’t succeed’.",4,Ukrainian,Ukraine,2021-11-22T13:27:10.000Z
:  vm.ukma.edu.ua,4,Ukrainian,Ukraine,2021-11-22T13:28:56.000Z
Happy Day of Freedom and Dignity  On this day the Orange Revolution in 2004 and the Revolution of Dignity in 2013 began.  Freedom and dignity are worth a winter on fire.,4,Ukrainian,Ukraine,2021-11-21T08:51:45.000Z
"""What matters most is how well you walk through the fire"" Charles Bukowski  The combat losses of the enemy from February 24, 2022 to March 23, 2026.",4,Ukrainian,DefenceU,2026-03-23T07:19:00.000Z
"In a single coordinated strike,  @Raid_413  destroyed two “Buk” systems: a modern Buk-M3 and a Buk-M2 launcher. A transport vehicle bringing reinforcements was eliminated as well.",4,Ukrainian,DefenceU,2026-03-22T16:33:51.000Z
"Two boxing legends  @usykaa  and  @anthonyjoshua  pay tribute to the fallen heroes in Maidan, Kyiv.  : Mykyta Shandyba",4,Ukrainian,DefenceU,2026-03-22T11:50:50.000Z
"President  @ZelenskyyUa : Over the past week, Russia launched nearly 1,550 attack drones against Ukraine, more than 1,260 guided aerial bombs, and two missiles. Over that same week, due to the easing of sanctions, Russia increased its crude oil sales to finance its war.  Revenues",4,Ukrainian,DefenceU,2026-03-22T09:12:14.000Z
"""You can cut all the flowers but you cannot keep spring from coming"" Pablo Neruda  The combat losses of the enemy from February 24, 2022 to March 20, 2026.",4,Ukrainian,DefenceU,2026-03-20T06:37:21.000Z
Another strike hits enemy air defenses: “Osa” SAM destroyed. This system is widely used by Russian forces near the frontlines.  :  @15obrar,4,Ukrainian,DefenceU,2026-03-19T18:58:51.000Z
"Almaz-Antey infrastructure hit in temporarily occupied Crimea. Ukraine’s Defence Forces struck the “Granit” enterprise, used to repair and maintain Russia’s core air defense systems (S-300/400, Buk, Tor).",4,Ukrainian,DefenceU,2026-03-19T17:36:11.000Z
"Speeding fine delivered.  From cars to motorcycles to UAZ “bukhankas,” enemy transport is hunted down and hit at any pace. Operators of the 59th Assault Brigade don’t miss.",4,Ukrainian,DefenceU,2026-03-19T15:06:33.000Z
"On the Lyman front,  @umftteam  is wiping out enemy shelters.  No matter how deep they dig or how well they hide, they are found and eliminated.",4,Ukrainian,DefenceU,2026-03-19T11:21:52.000Z
Another enemy air defense system down. Warriors of the 426th Unmanned Systems Regiment struck a Strela-10 SAM at a distance of over 90 km.,4,Ukrainian,DefenceU,2026-03-19T09:19:25.000Z
"«Anything can happen» Wyclef Jean  The combat losses of the enemy from February 24, 2022 to March 19, 2026.",4,Ukrainian,DefenceU,2026-03-19T05:46:56.000Z
"«First things first» Russell Tyrone Jones  The combat losses of the enemy from February 24, 2022 to March 16, 2026.",4,Ukrainian,DefenceU,2026-03-16T06:22:32.000Z
The sun will rise tomorrow.  : instagram/moisei.bondarenko,4,Ukrainian,DefenceU,2026-03-15T19:16:35.000Z
"Operators of the “Steel Border” Brigade  @DPSU_ua  struck a series of enemy targets: 2 vehicles, 2 field ammo depots, an FPV launch site, a mortar, and 2 shelters — all destroyed.",4,Ukrainian,DefenceU,2026-03-15T13:57:49.000Z
A fire safari for the occupiers in Zaporizhzhia region. Drone operators of the 210th Assault Regiment methodically hunt down enemy equipment and infantry.,4,Ukrainian,DefenceU,2026-03-15T11:19:55.000Z
"President  @ZelenskyyUa : Over the past week alone, the Russians struck Ukraine with 1,770 attack drones, more than 1,530 guided aerial bombs, and 86 missiles, including more than 20 ballistic ones. Each of these missiles contains at least 60 foreign components supplied to Russia",4,Ukrainian,DefenceU,2026-03-15T09:01:08.000Z
"“Hard work and dedication.” Floyd Mayweather Jr.  The combat losses of the enemy from February 24, 2022 to March 15, 2026.",4,Ukrainian,DefenceU,2026-03-15T06:12:57.000Z
"Special Operations Forces struck Russian Iskander launchers preparing missile attacks on Ukrainian cities. Deep Strike units of  @SOF_UKR  hit launchers of the Iskander tactical missile system in occupied Crimea.  One launcher destroyed near Vyshneve, with a secondary",4,Ukrainian,DefenceU,2026-03-14T14:29:15.000Z
Another piece of Russian air defense taken out. @usf_army  operators struck a Buk-M1 air defense system in Zaporizhzhia region. Every enemy air defense system destroyed opens the sky for Ukrainian operators.,4,Ukrainian,DefenceU,2026-03-11T15:18:43.000Z
"Ukraine is ramping up drone supply to the frontline. In January–February, the Defense Procurement Agency contracted a record number of multicopters, meaning our soldiers will receive at least twice as many Mavic, Autel, and Matrice drones compared to the same period last year.",4,Ukrainian,DefenceU,2026-03-11T12:21:47.000Z
"800 Patriot missiles were used for air defense in just 3 days in the Middle East. Ukraine received 600 in 4 years of full-scale war.  Russia, Iran and North Korea form a new Axis of Evil. Ukraine was the first to confront this Axis. We continue to fight, but we need support.  The",4,Ukrainian,DefenceU,2026-03-10T18:15:04.000Z
Clarification: this post refers to advanced Patriot missiles as shown in the picture.,4,Ukrainian,DefenceU,2026-03-11T09:29:48.000Z
Another hit on Russia’s war industry. Storm Shadow missiles struck the Kremniy El microelectronics plant in Bryansk — a key supplier of microchips for Russian precision weapons.  Production facilities damaged. Systematic pressure on Russia’s military-industrial complex continues.,4,Ukrainian,DefenceU,2026-03-11T08:53:02.000Z
"""This is what you'll get"" Radiohead  The combat losses of the enemy from February 24, 2022 to March 11, 2026.",4,Ukrainian,DefenceU,2026-03-11T07:08:23.000Z
Our priorities: the PURL program for Air Defense and flexible funding for 2026–2027. Scaling air defense and maintaining pressure on Russia remain critical.,4,Ukrainian,DefenceU,2026-03-10T19:43:50.000Z
"Ukraine marks 212 years since the birth of Taras Shevchenko. For generations, his words have fueled the fight for freedom. Today, they still power Ukraine’s resistance against Russian aggression.  :  @United24media",4,Ukrainian,DefenceU,2026-03-09T13:51:42.000Z
"Since the start of 2026, Ukraine’s Defence Forces have struck 3 major russian military plants, 2 arsenals, and a key missile test range — targeting the infrastructure behind Russia’s war machine.  From Kapustin Yar State Central Interservice Missile Test Range to Votkinsky Plant,",4,Ukrainian,DefenceU,2026-03-09T10:57:03.000Z
"Crimea. Precision strikes. @UA_NAVY  units, together with the  @SOF_UKR , hit multiple Russian targets: • 3 Pantsir-S1 air defense systems • BK-16 high-speed landing craft in Novoozerne • Orion UAV base at Kirovske airfield • 4 drone control stations destroyed Russia’s logistics",4,Ukrainian,DefenceU,2026-03-09T08:23:39.000Z
"“The world ain’t all sunshine and rainbows. It’s a very mean and nasty place.” Rocky Balboa  The combat losses of the enemy from February 24, 2022 to March 9, 2026.",4,Ukrainian,DefenceU,2026-03-09T05:04:55.000Z
"On the night of March 8, the pilots of  @usf_army  went hunting: • Tor air defense system • R-330Zh “Zhitel” EW complex • UAV depots • Fuel and logistics warehouses  Strikes by Ukrainian FP-2 middle-strike drones with 60–100 kg warheads.",4,Ukrainian,DefenceU,2026-03-08T18:10:35.000Z
"@Raid_413  struck a North Korean M-1989 “Koksan” self-propelled artillery unit in the Oleksandrivka direction. One of Russia’s longest-range guns — 170mm, up to 60 km. Its appearance on the battlefield shows how Russia is replacing worn-out 2S7 “Pion” systems with North Korean",4,Ukrainian,DefenceU,2026-03-08T13:52:38.000Z
Morale is high. Keep those fiber-optic cables rolling!,4,Ukrainian,DefenceU,2026-03-08T11:20:02.000Z
"«Fear is the mind-killer.» Frank Herbert  The combat losses of the enemy from February 24, 2022 to March 8, 2026.",4,Ukrainian,DefenceU,2026-03-08T07:37:10.000Z
Olaf. Adam. Kinder. Filya. Dalnoboy. The “Bohdana” crew of  @NPU_GOV_UA  Brigade “Liut.” Logistics burned. Ammo depots eliminated. Enemy manpower reduced. They’re not slowing down. Only dialing in more precise shots.,4,Ukrainian,DefenceU,2026-03-02T19:00:41.000Z
Depriving Russia of the economic resources to continue aggression is one the key points of our war plan. Operators of @1uas_army and  @Raid_413  struck one of Russia’s most important oil export facilities — a strategic Black Sea hub tied to the Transneft pipeline system. This,4,Ukrainian,DefenceU,2026-03-02T15:53:22.000Z
They wanted darkness. They got resistance. 14 massive combined attacks in 3 months. 700+ missiles launched at Ukraine. Dozens of ballistic threats. Hundreds of drones per strike. Dec 6 — 704 aerial targets. Jan 9 — ballistic focus on Kyiv region. Feb 3 — 71 missiles in one,4,Ukrainian,DefenceU,2026-03-02T14:36:26.000Z
"2/ The enemy’s strategy: saturation. Overload. Exhaustion. Our response: interception. Adaptation. Innovation. Ukraine’s air defense system — integrated, experienced, battle-tested — kept the energy grid alive.",4,Ukrainian,DefenceU,2026-03-02T14:36:27.000Z
"3/ The fight continues. Sustained support, especially air defense missiles and aviation, remains critical. One of the key goals of our war plan is to identify 100% of aerial threats in real time and intercept at least 95% of missiles and drones.",4,Ukrainian,DefenceU,2026-03-02T14:36:28.000Z
Frontline work. Concrete decisions.  Guaranteed monthly drone supply for brigades  Loss audit to save lives  Data-driven procurement  Scaling ground robotic systems The impact will soon be felt on the battlefield. Read more:,4,Ukrainian,DefenceU,2026-03-02T11:39:00.000Z
Airboat. Vans. Quad bike. Niva. UAZ. Ground robotic system. Destroyed. @umftteam  pilots are systematically dismantling enemy logistics.,4,Ukrainian,DefenceU,2026-03-02T08:08:41.000Z
"«Notice that the stiffest tree is most easily cracked, while the bamboo or willow survives by bending with the wind.» Bruce Lee  The combat losses of the enemy from February 24, 2022 to March 2, 2026.",4,Ukrainian,DefenceU,2026-03-02T05:49:44.000Z
A Pantsir-S1 in the Belgorod region thought it was safe. Operators from “Black Forest” proved otherwise.  :  @15obrar,4,Ukrainian,DefenceU,2026-02-28T09:47:29.000Z
"“As is our confidence, so is our capacity.” William Hazlitt  The combat losses of the enemy from February 24, 2022 to February 28, 2026.",4,Ukrainian,DefenceU,2026-02-28T07:12:30.000Z
"On February 27, operators of  @413_raid  struck a Russian Pantsir-S1 air defense system near Mariupol, on the territory of the Azovstal plant. A $15 million asset — destroyed by a Ukrainian-made middle-strike capability. The Unmanned Systems Forces continue to dismantle the enemy’s",4,Ukrainian,DefenceU,2026-02-27T21:14:15.000Z
"Mud, cold, constant danger — but also laughter, brotherhood, and unbreakable spirit.  Any  @Pokemon  fans here? #PokemonDay  :  @United24media",4,Ukrainian,DefenceU,2026-02-27T15:16:02.000Z
"In today’s war, survival is a skill you train for every day. Each destroyed drone is a life protected and an attack stopped.  : 24th Mechanized Brigade",4,Ukrainian,DefenceU,2026-02-27T13:44:23.000Z
"He used to wire factories. Now he pulls armored vehicles out of fields under enemy drones. Ivan, senior driver of an evacuation unit, joined the 148th Artillery Brigade in May 2025. From repairing drones to driving an Oshkosh on mud roads far from asphalt — he chose the role that",4,Ukrainian,DefenceU,2026-02-27T11:25:37.000Z
There are no “routine” days in war.  : 12th Army Aviation Brigade,4,Ukrainian,DefenceU,2026-02-27T09:03:20.000Z
"Lieutenant Zinovii Tsiurak knows the rule of aviation: there is no room for error in the sky. The youngest of seven children, with four brothers serving as airfield engineers, he continues a family tradition of aviation service. As a senior radio-electronic equipment technician",4,Ukrainian,DefenceU,2026-02-25T11:47:45.000Z
Good morning from Ukraine! Let’s make this day count.   :  @KpsZSU,4,Ukrainian,DefenceU,2026-02-25T07:56:14.000Z
"""Be sure you put your feet in the right place, then stand firm."" Abraham Lincoln  The combat losses of the enemy from February 24, 2022 to February 25, 2026.",4,Ukrainian,DefenceU,2026-02-25T06:12:16.000Z
"Thank you,  @EP_President  and  @Europarl_EN ! The €90 billion Ukraine Support Loan strengthens our defense and reinforces Europe’s security. Ukraine’s future is in Europe and Europe proves it stands with us.",4,Ukrainian,DefenceU,2026-02-24T18:53:49.000Z
Grateful for Lithuania’s 0.25% GDP support & PURL contributions.,4,Ukrainian,DefenceU,2026-02-24T17:12:12.000Z
"Together with Denmark  @troelslundp  &  @BackAndAlive , we are launching a €33M project to modernize a UAF training center.",4,Ukrainian,DefenceU,2026-02-24T14:55:19.000Z
"Denmark leads by example: $300M for PURL/Air Defense in 2025, additional appropriation of $600 mln this month for Ukraine support and nearly $3B total via the ""Danish Model"".",4,Ukrainian,DefenceU,2026-02-24T14:20:49.000Z
Thank you for your steadfast support!,4,Ukrainian,DefenceU,2026-02-23T09:59:01.000Z
Russia’s war of aggression against Ukraine is failing.,4,Ukrainian,DefenceU,2026-02-23T09:06:59.000Z
Good morning from Ukraine!    : 153rd Mechanized Brigade,4,Ukrainian,DefenceU,2026-02-23T08:35:40.000Z
"«Take calculated risks. That is quite different from being rash.» George S. Patton  The combat losses of the enemy from February 24, 2022 to February 23, 2026.",4,Ukrainian,DefenceU,2026-02-23T06:46:35.000Z
Defending the sky over Ukraine.  : 831st Tactical Aviation Brigade,4,Ukrainian,DefenceU,2026-02-22T16:32:29.000Z
"Combat work of Ukraine’s air defense during the combined attack on the night of February 22, 2026.  :  @KpsZSU",4,Ukrainian,DefenceU,2026-02-22T15:25:01.000Z
"In 2025, the Russian combat toll exceeded the average rate of mobilization. According to  @CinC_AFU , despite mobilizing and conscripting 406,000 people into military service in 2025, Russia’s total losses, including killed and wounded, amounted to around 418,000 soldiers.",4,Ukrainian,DefenceU,2026-02-22T12:25:18.000Z
POV: Border guards racing through the streets of Kostiantynivka.  :  @DPSU_ua,4,Ukrainian,DefenceU,2026-02-22T11:25:45.000Z
Thank you to all our partners who help us procure air defense missiles through PURL and provide them from their own stocks. Each such package protects critical infrastructure and preserves normal life.,4,Ukrainian,DefenceU,2026-02-22T08:55:51.000Z
"He meets them after the mission. Looks them in the eye. Shakes every hand. For the commander of an Unmanned Systems battalion, it’s more than tradition. It’s responsibility, respect, and personal accountability for every life. This is how trust is built. This is how units stay",4,Ukrainian,DefenceU,2026-02-20T10:32:51.000Z
Good morning! Keep morale high   :  @achilles_429,4,Ukrainian,DefenceU,2026-02-20T08:11:30.000Z
"""I'm still standing better than I ever did"" Elton John  The combat losses of the enemy from February 24, 2022 to February 20, 2026.",4,Ukrainian,DefenceU,2026-02-20T06:02:44.000Z
Classic   :  @414magyarbirds,4,Ukrainian,DefenceU,2026-02-19T18:25:17.000Z
"Thank you, Norway!",4,Ukrainian,DefenceU,2026-02-19T17:15:09.000Z
"A generation of fast decisions, precise moves, and steady minds.  : 61st Mechanized Brigade",4,Ukrainian,DefenceU,2026-02-19T16:07:25.000Z
"Thank you, Sweden!",4,Ukrainian,DefenceU,2026-02-19T14:33:11.000Z
"""Clear thinking requires courage rather than intelligence."" Thomas Szasz  The combat losses of the enemy from February 24, 2022 to February 18, 2026.",4,Ukrainian,DefenceU,2026-02-18T06:27:23.000Z
"One year ago, on February 17, 2025, JATEC was established as the first-ever joint civilian-military institution between Ukraine and NATO.  In just 12 months, it has become a unique platform integrating Ukraine’s battlefield experience into the Alliance’s strategic planning.",4,Ukrainian,DefenceU,2026-02-17T17:24:12.000Z
4/ Historic firsts:  Ukraine joined selected NATO collective defence exercise planning processes.  Ukrainian representatives participated in Article 5 command-and-staff exercises.  The Ukrainian Navy led the OPFOR component during multinational drills in Portugal.  Ukraine’s,4,Ukrainian,DefenceU,2026-02-17T17:24:15.000Z
"5/ Tangible results in digitalization, medical support, and interoperability:  • AI models delivered to Ukraine’s Defence Forces • Recommendations on CASEVAC, mental health & antimicrobial resistance • Ukrainian companies contracted with NATO structures for the first time  In",4,Ukrainian,DefenceU,2026-02-17T17:24:17.000Z
"@SOF_UKR : Iskander storage site and “Rubikon” drone control point destroyed on temporarily occupied territory. FP-2 drones struck enemy infrastructure in Crimea and Zaporizhzhia region. From Feb 9–14, over 10 military targets hit — ammo depots, fuel storage, troop",4,Ukrainian,DefenceU,2026-02-17T14:32:19.000Z
We are grateful for your support and solidarity!,4,Ukrainian,DefenceU,2026-02-17T13:47:57.000Z
"Minister  @FedorovMykhailo :  7,000+ UGV missions in one month. Ukraine scales ground robots at the frontline — not as an experiment, but as a daily tool to save lives. This year MoD boosts production, procurement, comms & control, and lets units upgrade UGVs with mission-specific",4,Ukrainian,DefenceU,2026-02-17T13:05:01.000Z
"@GeneralStaffUA : On the night of February 17, in the area of Kamyshly (temporarily occupied Crimea), Ukrainian warriors struck a Russian ship-based multi-purpose Ka-27 helicopter. Direct impact on target confirmed.  On February 16, 2026, three enemy UAV control points were also",4,Ukrainian,DefenceU,2026-02-17T11:55:39.000Z
"MIM-104 Patriot intercepts two Iskander-M ballistic missiles and one cruise missile over Kyiv. Combat work during the night of February 12, 2026.  :Air Command “Center”",4,Ukrainian,DefenceU,2026-02-15T11:59:22.000Z
"""Whatever satisfies the soul is truth."" Walt Whitman  The combat losses of the enemy from February 24, 2022 to February 15, 2026.",4,Ukrainian,DefenceU,2026-02-15T07:49:22.000Z
«Robots need love too» Dan Mangan  : 42nd Mechanized Brigade,4,Ukrainian,DefenceU,2026-02-14T19:10:23.000Z
"In 2025,  @ServiceSsu  Alpha operators reduced Russia’s Pantsir fleet by 50%. These $15–20M air defense systems were designed to stop Ukrainian drones. Now they’re becoming one of Russia’s most expensive losses.",4,Ukrainian,DefenceU,2026-02-14T16:13:10.000Z
Thank you to every European leader who invests in PURL,4,Ukrainian,DefenceU,2026-02-14T14:25:56.000Z
Our priority is to implement  @NATO  standards within Ukraine's defense system to maximize effectiveness on the battlefield.,4,Ukrainian,DefenceU,2026-02-14T14:16:59.000Z
We fight with resilience. We endure. We rise. We prevail.  : 17th Heavy Mechanized Brigade,4,Ukrainian,DefenceU,2026-02-14T13:01:12.000Z
"6/ Specialists — medics, drone operators, snipers — will continue serving in their fields.  Foreign volunteers also retain the right to transfer to other formations, including Defense Intelligence, Special Operations Forces, or the National Guard.",4,Ukrainian,DefenceU,2026-02-13T10:05:19.000Z
"7/ Ukraine values every foreign volunteer.  Foreign and Ukrainian service members have the same rights, guarantees, and level of support.  The Defense Forces are becoming one unified and stronger force.",4,Ukrainian,DefenceU,2026-02-13T10:05:21.000Z
"Together, we are strengthening our shared security.",4,Ukrainian,DefenceU,2026-02-13T08:22:31.000Z
"$38 billion for Ukraine — drones, air defense, and missiles for Patriot. One of the most successful UDCG meetings yet.  Partners confirmed one of the largest support budgets for Ukraine: $38 billion for 2026.  Over $6 billion in concrete packages already announced, including: •",4,Ukrainian,DefenceU,2026-02-13T07:19:42.000Z
"""Dignity is as essential to human life as water, food, and oxygen."" Laura Hillenbrand  The combat losses of the enemy from February 24, 2022 to February 13, 2026.",4,Ukrainian,DefenceU,2026-02-13T06:02:17.000Z
The work continues 24/7   : 93rd Mechanized Brigade,4,Ukrainian,DefenceU,2026-02-12T21:52:43.000Z
Glory to the Heroes,4,Ukrainian,DefenceU,2026-02-12T17:11:11.000Z
"Thank you, dear friends!",4,Ukrainian,DefenceU,2026-02-11T15:02:09.000Z
Precision drones. High-value targets. Enemy air defense systems go dark and the fight goes on.  :  @DI_Ukraine,4,Ukrainian,DefenceU,2026-02-11T14:23:05.000Z
"We welcome the European Parliament’s approval of a €90 billion support loan package for Ukraine. €60 billion dedicated to defense will strengthen our capabilities and ensure timely access to critical military equipment. Strengthening Ukraine’s defense today, with repayment",4,Ukrainian,DefenceU,2026-02-11T12:55:32.000Z
Our strength is in unity!  :  @SOF_UKR,4,Ukrainian,DefenceU,2026-02-11T12:07:26.000Z
"President  @ZelenskyyUa : Yesterday, the Russians struck a private house in Kharkiv with a drone. They killed three young children. Their father was also killed. My sincere condolences to the family and loved ones. The mother was hospitalized – the woman is pregnant and suffered",4,Ukrainian,DefenceU,2026-02-11T09:18:03.000Z
Life is tough. You’re tougher. Keep going.  : 67th Mechanized Brigade,4,Ukrainian,DefenceU,2026-02-11T08:30:52.000Z
"«Success is dependent on effort.» Sophocles  The combat losses of the enemy from February 24, 2022 to February 11, 2026.",4,Ukrainian,DefenceU,2026-02-11T06:12:16.000Z
"The ARES artillery reconnaissance battery continues the systematic destruction of enemy artillery, even when it’s hidden deep in the rear. Enemy guns and ammo — gone. Precision that saves lives.  : 57th Motorized Brigade",4,Ukrainian,DefenceU,2026-02-10T16:02:40.000Z
Have a productive Monday! #StandWithUkraine  : 58th Motorized Brigade,4,Ukrainian,DefenceU,2026-02-09T08:05:28.000Z
"«Those that know, do.» Aristotle  The combat losses of the enemy from February 24, 2022 to February 9, 2026.",4,Ukrainian,DefenceU,2026-02-09T07:12:27.000Z
"""In ancient times cats were worshipped as gods; they have not forgotten this."" Terry Pratchett  : 155th Mechanized Brigade",4,Ukrainian,DefenceU,2026-02-08T13:15:36.000Z
"""The moment you give up is the moment you let someone else win."" Kobe Bryant  The combat losses of the enemy from February 24, 2022 to February 8, 2026.",4,Ukrainian,DefenceU,2026-02-08T07:33:55.000Z
Thank you! This is an investment in our shared resilience and strength.,4,Ukrainian,DefenceU,2026-02-07T13:24:09.000Z
We are grateful for  @StateDept ’s decision to approve the sale of Class IX spare parts in support of U.S. Army-supplied vehicles and weapon systems for an estimated cost of $185 million. This will strengthen our sustainment capabilities and contribute to battlefield,4,Ukrainian,DefenceU,2026-02-07T10:08:31.000Z
"In January,  @DI_Ukraine ’s Prymary unit neutralized 6 russian air defense targets, including Pantsir-S1, Tor systems, and advanced radars.",4,Ukrainian,DefenceU,2026-02-07T09:16:28.000Z
"«Surprise is an event that occurs in the mind of an enemy commander.» Stefan Possony, Jerry Pournelle  The combat losses of the enemy from February 24, 2022 to February 7, 2026.",4,Ukrainian,DefenceU,2026-02-07T07:22:06.000Z
Glory to the Heroes!,4,Ukrainian,DefenceU,2026-02-05T15:03:01.000Z
"157 Ukrainians are home. Service members and civilians. Soldiers, sergeants, officers. Most had been held in captivity since 2022. We will not stop. Every Ukrainian will come home.",4,Ukrainian,DefenceU,2026-02-05T13:22:57.000Z
"January results of the Unmanned Systems Forces:  30,000+ verified Russian losses   Record number of Shahed drones intercepted  7,495 unmanned ground missions by 100+ units Our strategic goal is 50,000 enemy losses per month. Fewer enemy forces mean greater safety for our",4,Ukrainian,DefenceU,2026-02-05T12:44:12.000Z
We are grateful to  @SpaceX  team for their 24/7 engagement.,4,Ukrainian,DefenceU,2026-02-05T10:05:19.000Z
Embrace the new day!  :  @LubartB,4,Ukrainian,DefenceU,2026-02-05T08:21:18.000Z
"“Fortunately, something always remains to be harvested. So let us not be idle.” Gustav Mahler  The combat losses of the enemy from February 24, 2022 to February 5, 2026.",4,Ukrainian,DefenceU,2026-02-05T07:01:43.000Z
Ukraine’s strength = Europe’s security,4,Ukrainian,DefenceU,2026-02-04T20:05:40.000Z
"Chasiv Yar  Drones grounded by weather? Artillery steps in. @24th_brigade ’s 2S1 Gvozdika strikes enemy infantry, vehicles, and positions — rain, fog, snow. Fire doesn’t pause.",4,Ukrainian,DefenceU,2026-02-04T19:13:35.000Z
Air defense is a priority. The Ministry of Defense of Ukraine held talks with RTX on accelerating Patriot missile deliveries and launching deeper industrial cooperation. Raytheon confirmed readiness to fast-track supplies via direct contracts and international support mechanisms.,4,Ukrainian,DefenceU,2026-02-04T17:33:06.000Z
"Thank you, Sweden and Denmark, for standing with Ukraine. The joint purchase of Tridon Mk 2 air defense systems is a powerful example of unity in action and real protection for our people.  @PlJonson  @troelslundp  @ForsvarsdepSv  @Forsvarsmin",4,Ukrainian,DefenceU,2026-02-03T14:35:26.000Z
Any “energy ceasefire” for Putin is simply a pause to restock missiles and prepare the next strike.  :  @United24media,4,Ukrainian,DefenceU,2026-02-03T13:26:30.000Z
"Enemy artillery destroyed. D-30, D-20, M-46 guns and a 120-mm mortar eliminated by operators of the 5th Assault Brigade.",4,Ukrainian,DefenceU,2026-02-03T11:45:31.000Z
"Russia chooses winter terror over diplomacy, targeting Ukraine’s energy infrastructure. The temperature in Ukraine is below -20°C (-4°F). Over 70 missiles and 450 attack drones were launched across Sumy, Kharkiv, Kyiv and Kyiv region, Dnipro, Odesa, and Vinnytsia. They were all",4,Ukrainian,DefenceU,2026-02-03T07:46:32.000Z
"«Truth is so obscure in these times, and falsehood so established, that, unless we love the truth, we cannot know it.» Blaise Pascal  The combat losses of the enemy from February 24, 2022 to February 3, 2026.",4,Ukrainian,DefenceU,2026-02-03T06:31:53.000Z
Here is why  @Starlink  is so important. Here is why we are grateful.,4,Ukrainian,DefenceU,2026-02-02T18:15:20.000Z
"Near Pokrovsk, our soldiers were saved from capture by drones. FPV strikes and bombers hit fast, disoriented the enemy, and gave our troops a window to break free. Enemy force eliminated.  : 7th Rapid Response Corps",4,Ukrainian,DefenceU,2026-02-02T17:24:27.000Z
Brotherhood is born under fire.  : 3rd Assault Brigade,4,Ukrainian,DefenceU,2026-02-02T14:17:55.000Z
"«Not in my house!» Dikembe Mutombo   The combat losses of the enemy from February 24, 2022 to January 31, 2026.",4,Ukrainian,DefenceU,2026-01-31T05:59:29.000Z
"A robot saved a robot. On the Pokrovsk axis, fighters of the Rubizh Brigade carried out a unique evacuation. 15 hours under critical conditions both ground robots made it back.",4,Ukrainian,DefenceU,2026-01-30T20:06:32.000Z
Strong coffee. Stronger goals. Stay focused.  #StandWithUkraine   : 77th Air Assault Brigade,4,Ukrainian,DefenceU,2026-01-30T16:26:41.000Z
"Ave, Caesar   : 147th Artillery Brigade",4,Ukrainian,DefenceU,2026-01-30T14:49:01.000Z
Every fourth enemy target on the frontline is eliminated by Drone Line units each month -  @FedorovMykhailo  to  @DefensieMin . Drone Line project initiated by  @ZelenskyyUa  іs powered by Dutch support ~€800M allocated in 2025. Partnership that delivers real impact.,4,Ukrainian,DefenceU,2026-01-30T13:38:27.000Z
They call it “Solntsepyok.” We call it a target.  : 59th Assault Brigade,4,Ukrainian,DefenceU,2026-01-30T10:33:27.000Z
"«A man who carries a cat by the tail learns something he can learn in no other way.» Mark Twain  The combat losses of the enemy from February 24, 2022 to January 30, 2026.",4,Ukrainian,DefenceU,2026-01-30T07:15:52.000Z
"Twin AKs + a Ukrainian-made robotic platform, controlled with a Steam Deck. Modern warfare, Ukrainian style.   :  @United24media",4,Ukrainian,DefenceU,2026-01-28T14:25:55.000Z
60 enemy air targets down in just days. “Sky Wars” air defense crews of the 47th Mechanized Brigade are destroying russian drones at an industrial scale. The enemy no longer flies freely — most UAVs are intercepted the moment they appear.,4,Ukrainian,DefenceU,2026-01-28T11:43:25.000Z
Long-range math by  @ServiceSsu ’s Alpha unit in 2025:  5 airfields hit  15 aircraft destroyed  Ammo & fuel depots eliminated  Enemy losses exceed $1 billion,4,Ukrainian,DefenceU,2026-01-28T09:27:14.000Z
Have a great day and #StandWithUkraine!  : 22nd Mechanized Brigade,4,Ukrainian,DefenceU,2026-01-28T08:17:24.000Z
"«Punishment is justice for the unjust.» Saint Augustine  The combat losses of the enemy from February 24, 2022 to January 28, 2026.",4,Ukrainian,DefenceU,2026-01-28T06:43:01.000Z
"We remain resolute. We roll with the punches, adapt, and grow stronger than before. #StandWithUkraine   : 115th Mechanised Brigade",4,Ukrainian,DefenceU,2026-01-27T19:28:00.000Z
"Adverse weather didn’t save the enemy. The Border Guard “Phoenix” unit of the USF grouping disrupted an assault attempt, destroying infantry groups, a drone control point, and logistical assets. The unit’s results in January: 1,500+ enemy losses.  :  @usf_army",4,Ukrainian,DefenceU,2026-01-27T16:36:20.000Z
"«Sometimes, carrying on, just carrying on, is the superhuman achievement.» Albert Camus   The combat losses of the enemy from February 24, 2022 to January 26, 2026.",4,Ukrainian,DefenceU,2026-01-26T06:36:42.000Z
"«There is a certain enthusiasm in liberty, that makes human nature rise above itself, in acts of bravery and heroism.» Alexander Hamilton  The combat losses of the enemy from February 24, 2022 to January 25, 2026.",4,Ukrainian,DefenceU,2026-01-25T06:56:17.000Z
"“With but few exceptions, it is always the underdog who wins through sheer willpower.” Johnny Weissmuller  The combat losses of the enemy from February 24, 2022 to January 24, 2026.",4,Ukrainian,DefenceU,2026-01-24T08:05:31.000Z
The 63rd Brigade’s air defenders took down a next-generation russian Molniya. Designed for reconnaissance and even carrying FPV drones — ended mid-air.,4,Ukrainian,DefenceU,2026-01-23T20:11:00.000Z
"Day after day, until the job is done.  : 148th Artillery Brigade",4,Ukrainian,DefenceU,2026-01-23T18:16:30.000Z
"Welcome to the team,  @valeriya_ionan !",4,Ukrainian,DefenceU,2026-01-23T17:03:54.000Z
Do the right thing! #StandWithUkraine!  : 2nd Khartia Corps,4,Ukrainian,DefenceU,2026-01-23T15:31:00.000Z
"Near Myrnohrad, FPV drone operators of the 79th Air Assault Brigade destroyed two russian D-30 122 mm howitzers. Detected by aerial reconnaissance and finished by FPV strikes, the guns—worth about $300k each—will no longer cover enemy assaults. Precision, teamwork, results.",4,Ukrainian,DefenceU,2026-01-22T11:55:12.000Z
"Unity forged our state — and it still protects it. From the Act of Unity to the resistance against full-scale aggression, Ukrainians stand shoulder to shoulder for freedom and sovereignty. Honor to our defenders! Happy Unity Day of Ukraine!",4,Ukrainian,DefenceU,2026-01-22T09:39:42.000Z
Good morning from our brave defenders! #StandWithUkraine  : 3rd Army Corps,4,Ukrainian,DefenceU,2026-01-22T07:45:29.000Z
"“Great determination can overcome most odds.” Aesop  The combat losses of the enemy from February 24, 2022 to January 22, 2026.",4,Ukrainian,DefenceU,2026-01-22T06:33:26.000Z
"On the Slobozhanshchyna axis, FPV crews of the 22nd Mechanized Brigade, working alongside the 4th Border Guard Detachment, are turning enemy tanks, artillery, and vehicles into scrap metal.  : 14th Army Corps",4,Ukrainian,DefenceU,2026-01-21T21:36:00.000Z
"Operators of the 413th “Raid” Regiment of the Unmanned Systems Forces destroyed a rare russian electronic intelligence station, “Artikul-S.” One more high-value asset taken off the battlefield.",4,Ukrainian,DefenceU,2026-01-21T20:04:00.000Z
"No matter the weather, armor keeps moving, crews stay focused, missions get done.  : 22nd Mechanized Brigade",4,Ukrainian,DefenceU,2026-01-21T18:26:00.000Z
"Snow, frost, and harsh weather don’t stop the mission. Pilots, engineers, and ground crews work at full capacity to keep aircraft ready and combat sorties continuous.  : 114th Tactical Aviation Brigade",4,Ukrainian,DefenceU,2026-01-21T16:32:00.000Z
"In Kyiv, the latest version of Ukraine’s Octopus interceptor drone was demonstrated to a British delegation led by UK Deputy Prime Minister  @DavidLammy . Developed within the Armed Forces of Ukraine, Octopus uses AI-based control systems to counter Shahed-type drones. Its combat",4,Ukrainian,DefenceU,2026-01-20T12:44:24.000Z
"SHARK RECONNAISSANCE DRONE It integrates field-proven technologies with extensive operational experience in UAV deployment. Designed for a broad spectrum of missions, this unmanned aerial system enables fully autonomous reconnaissance, surveillance, and long-range target",4,Ukrainian,DefenceU,2026-01-20T10:10:38.000Z
"President  @ZelenskyyUa : There are already initial reports on the situation in the regions after the Russian strike. Kyiv and the region, Vinnytsia, Dnipro, Odesa, Zaporizhzhia, Poltava, Sumy, and other regions of ours. Repair crews, the State Emergency Service of Ukraine, and all",4,Ukrainian,DefenceU,2026-01-20T07:56:53.000Z
"“Everyone who does evil hates the light…” John 3:20  The combat losses of the enemy from February 24, 2022 to January 20, 2026.",4,Ukrainian,DefenceU,2026-01-20T05:43:39.000Z
"Bohdana: Ukrainian-made, battle-proven.  : 406th Artillery Brigade",4,Ukrainian,DefenceU,2026-01-19T21:36:00.000Z
Strength. Resilience. Determination. #StandWithUkraine  : 12th Army Corps,4,Ukrainian,DefenceU,2026-01-19T20:01:00.000Z
"Strong today, stronger tomorrow. #StandWithUkraine   : 150th TDF Training Center",4,Ukrainian,DefenceU,2026-01-16T17:44:00.000Z
"On the Lyman axis, SIGNUM pilots systematically hunt down enemy drones — Supercam, Zala, and more — denying the enemy eyes in the sky.",4,Ukrainian,DefenceU,2026-01-16T15:53:30.000Z
"Built for Scandinavian winters, proven in Ukraine. The CV90 has become a trusted partner for infantry — maneuverable, protected, and lethal when it matters most.  : 21st Mechanized Brigade",4,Ukrainian,DefenceU,2026-01-16T14:29:00.000Z
January on the front line through  @DI_Ukraine ’s lens.,4,Ukrainian,DefenceU,2026-01-16T12:58:00.000Z
"MULTIFUNCTIONAL GROUND ROBOTIC SYSTEM TERMIT  This highly mobile and modular robot is used for logistics, evacuation, mining, fire support, and more. #ZBROYA",4,Ukrainian,DefenceU,2026-01-16T11:37:00.000Z
Together we are stronger!,4,Ukrainian,DefenceU,2026-01-16T10:33:46.000Z
One FPV drone. One tank less. Special forces of the “Omega” detachment deliver a clean hit on enemy armor.,4,Ukrainian,DefenceU,2026-01-16T10:02:00.000Z
Good morning from Ukraine!   : 831 Tactical Aviation Brigade,4,Ukrainian,DefenceU,2026-01-16T08:30:23.000Z
She raised five kids. She never gave up. And now she flies drones for Ukraine. Svitlana’s path to the 14th Mechanized Brigade proves it’s never too late to learn or to serve.,4,Ukrainian,DefenceU,2026-01-14T20:04:00.000Z
"Operators of the 413th “Raid” Regiment hit a Strela-10, disabling it with a precise drone strike.",4,Ukrainian,DefenceU,2026-01-14T18:36:00.000Z
"Courage is resistance to fear, mastery of fear — not absence of fear.  : 48th Artillery Brigade",4,Ukrainian,DefenceU,2026-01-14T16:53:00.000Z
"Before the battlefield, there’s the simulator. FPV pilots spend hours training — learning control, rhythm, and precision — turning skills into muscle memory.  : 9th Unmanned Systems Brigade",4,Ukrainian,DefenceU,2026-01-14T15:11:07.000Z
Minister of Defense  @FedorovMykhailo :,4,Ukrainian,DefenceU,2026-01-14T13:17:08.000Z
"SEA DRONE MAGURA  MAGURA can operate over a range of 800 km, reach 80 km/h, and precisely engage sea and air targets. This technology has successfully struck 13 russian Black Sea fleet vessels, sinking 11 of them. #ZBROYA",4,Ukrainian,DefenceU,2026-01-14T12:23:15.000Z
"On the recommendation of President  @ZelenskyyUa , the Verkhovna Rada of Ukraine has approved the appointment of  @FedorovMykhailo  as Minister of Defense of Ukraine. 277 Members of Parliament voted in favor of his candidacy. He highlighted key achievements in the field of defense,",4,Ukrainian,DefenceU,2026-01-14T11:11:30.000Z
Let’s make it another day closer to a just peace. #StandWithUkraine   : 41st Mechanized Brigade,4,Ukrainian,DefenceU,2026-01-14T08:32:13.000Z
"Winter tests everything — gear, body, nerves. What it doesn’t break is resolve. #StandWithUkraine   : 1027th Anti-Aircraft Missile and Artillery Regiment",4,Ukrainian,DefenceU,2026-01-12T18:45:31.000Z
"January score keeps growing. The Unmanned Systems Forces destroyed a Prima P-18 radar, a Tor SAM, and a Tunguska gun-missile system, according to the USF Commander. These are the 9th, 10th, and 11th enemy air defense assets eliminated between January 1–12, all hit with",4,Ukrainian,DefenceU,2026-01-12T17:41:15.000Z
"When time is short and fire is close, the repair battalion delivers. They bring damaged equipment back to life so the fight can go on.  : 30th Mechanized Brigade",4,Ukrainian,DefenceU,2026-01-12T14:57:18.000Z
"FPV DRONE VYRIY  It’s built entirely from Ukrainian components. With the first 1,000 units deployed since March 2025, it marks a step toward the serial production of combat FPVs with all key components made domestically, laying the foundation for a selfreliant, high‑tech national",4,Ukrainian,DefenceU,2026-01-12T12:18:54.000Z
"Robots or not, they burn the same. Operators of the 5th Assault Brigade destroyed multiple enemy ground robotic systems, including an armed platform.",4,Ukrainian,DefenceU,2026-01-12T10:28:25.000Z
Good morning! Have a productive week and #StandWithUkraine   : 47th Artillery Brigade,4,Ukrainian,DefenceU,2026-01-12T08:35:40.000Z
"""The dark does not destroy the light; it defines it."" Brené Brown  The combat losses of the enemy from February 24, 2022 to January 12, 2026.",4,Ukrainian,DefenceU,2026-01-12T06:56:19.000Z
"“Let me tell you the secret that has led me to my goal: my strength lies solely in my tenacity.” Louis Pasteur  The combat losses of the enemy from February 24, 2022 to January 9, 2026.",4,Ukrainian,DefenceU,2026-01-09T06:19:42.000Z
Darkness doesn’t bring silence. It brings another phase of the battle.  : 43rd Mechanized Brigade.,4,Ukrainian,DefenceU,2026-01-08T21:58:00.000Z
"Precision, discipline, and nerves of steel.  :  @SOF_UKR",4,Ukrainian,DefenceU,2026-01-08T20:52:00.000Z
"Air and ground — nowhere to hide. UAV operators of the 116th Mechanized Brigade expertly eliminate enemy Supercam and Molniya drones, FPVs, and armored vehicles.",4,Ukrainian,DefenceU,2026-01-08T19:46:00.000Z
Cold air. Heavy steel. Perfect coordination.  : Kara Dag Brigade,4,Ukrainian,DefenceU,2026-01-08T18:02:00.000Z
WATCH LIVE: Port Authority provide update after Air Canada jet hits fire truck at New York's LaGuardia airport,5,Right-wing,FoxNews,2026-03-23T08:48:12.000Z
"BREAKING: Air Canada flight, emergency vehicle collide at LaGuardia airport in New York City foxnews.com/travel/air-can …",5,Right-wing,FoxNews,2026-03-23T07:22:18.000Z
9 suspects arrested after $7M in stolen cargo seized in Southern California bust,5,Right-wing,FoxNews,2026-03-23T05:30:09.000Z
Man charged in $90M Medicare fraud scheme; DOJ says suspect may have entered US illegally,5,Right-wing,FoxNews,2026-03-23T04:00:22.000Z
"Illegal immigrant charged with killing Loyola student released under Biden, DHS says",5,Right-wing,FoxNews,2026-03-23T02:00:25.000Z
"Today, exclusively on  @SundayFutures  with  @MariaBartiromo , Cardinal Timothy Dolan's  @CardinalDolan  message of hope and faith this holiday season.  @FoxNews",5,Right-wing,FoxNews,2026-03-22T16:00:26.000Z
"Today, exclusively on  @SundayFutures  with  @MariaBartiromo , Utah Senator Mike Lee  @BasedMikeLee  spoke about the Senate debating the SAVE America Act this weekend.  @FoxNews",5,Right-wing,FoxNews,2026-03-22T15:39:05.000Z
"ISLAND INUNDATED: Residents woke up to flooded homes and waist-high water filling streets after torrential rain triggered widespread flooding in parts of Oahu, Hawaii.",5,Right-wing,FoxNews,2026-03-22T15:44:28.000Z
"MAKING THE GRADE: Texas parents applied in droves for the state's school choice program before its deadline, far exceeding the initial 90,000 spots available for the program, Gov. Abbott's office said.",5,Right-wing,FoxNews,2026-03-22T15:29:01.000Z
"'WE CANNOT GRIEVE': Family of missing Nancy Guthrie, mother of NBC ""Today"" co-host Savannah Guthrie, pleads for renewed attention to the case as search enters its seventh week. ""Someone knows something,"" the family wrote in a statement Saturday.",5,Right-wing,FoxNews,2026-03-22T14:27:15.000Z
‘OUT OF COMMISSION’: CENTCOM releases before-and-after images showing the mass destruction of an Iranian missile facility following US strikes.,5,Right-wing,FoxNews,2026-03-22T14:24:02.000Z
"IMPACT AFTERMATH: Mass casualties, injuries and widespread damage are reported after Iran targets Israeli cities Dimona and Arad with strikes.",5,Right-wing,FoxNews,2026-03-22T14:02:39.000Z
"'GREAT THING': Sen. John Fetterman opens up about being the lone Democrat to support the Trump administration's military strikes against Iran, pointing out that lawmakers in his party have said for years that the U.S. cannot allow Iran to acquire a nuclear bomb.",5,Right-wing,FoxNews,2026-03-22T13:54:18.000Z
"FALL FROM GRACE: Former ""19 Kids and Counting"" star Joseph Duggar has been charged with eight additional offenses in Arkansas, including counts of endangering the welfare of a minor and false imprisonment, according to authorities.  The charges are separate from a Florida case in",5,Right-wing,FoxNews,2026-03-21T16:11:18.000Z
JUST IN: Senate Majority Leader John Thune weighs in ahead of a Senate vote on an amendment to the SAVE America Act:  “All these things in the SAVE America Act... are common sense.”,5,Right-wing,FoxNews,2026-03-21T16:10:49.000Z
BREAKING: President Trump says he'll put I.C.E. agents at airports for security if Democrats don't sign DHS deal. @KayleighMcEnany,5,Right-wing,FoxNews,2026-03-21T15:48:36.000Z
"‘ICE IN ACTION’: President Trump threatens to deploy ICE agents to airports if the left does not “immediately” agree to make airports “free and safe again,” as the ongoing DHS shutdown fuels travel disruptions nationwide and raises national security concerns.",5,Right-wing,FoxNews,2026-03-21T16:02:24.000Z
"BREAKING NEWS: President Donald Trump threatened to deploy ICE to airports amid the DHS funding fight if Democrats don't immediately sign an agreement. Trump warned that ICE agents ""will do Security like no one has ever seen before,"" including the immediate arrest of all illegal",5,Right-wing,FoxNews,2026-03-21T15:59:39.000Z
Read more:,5,Right-wing,FoxNews,2026-03-21T15:59:56.000Z
NEW: Nick Shirley says he had to hire private security to film videos after receiving threats:  “People try to dox my location live… a lot of times when I go to these cities now… I’ll go be out filming... some left-wing activist will then take a photo and put me in a Reddit,5,Right-wing,FoxNews,2026-03-21T15:17:50.000Z
"WATCH LIVE: Senator Thune, GOP lawmakers speak on SAVE Act debate",5,Right-wing,FoxNews,2026-03-21T15:08:15.000Z
"NEW: Nick Shirley discusses potential fraud uncovered in California on  @SatAmericaFNC  and alleges fraudulent daycares in California left children ages 5–8 ""completely alone.""",5,Right-wing,FoxNews,2026-03-21T14:57:10.000Z
Chicago's teetering debt is stark warning left-wing mayor is fueling 'pay later' doom cycle: expert,5,Right-wing,FoxNews,2026-03-21T02:00:38.000Z
"NOT EPSTEIN: Silver-haired Florida man addresses viral video fueling Epstein conspiracy theories, insisting 'I'm me being me' after his phone 'blew up' following the I-95 footage.",5,Right-wing,FoxNews,2026-03-21T00:32:32.000Z
"SEN CORNYN: “Northern Ireland requires voters to present a valid ID. France, Israel, and Iceland all have voter IDs.”  “Even Mexico, our neighbor to the south, with more than a third of its population living in poverty, suffers from high levels of organized crime, a voter ID is",5,Right-wing,FoxNews,2026-03-20T23:38:47.000Z
"FOX REPORT: Spring break travel is driving longer TSA lines at airports nationwide, with checkpoint waits stretching up to two hours in some places as unpaid agents miss work,  @BillMelugin_  reports.",5,Right-wing,FoxNews,2026-03-20T22:58:15.000Z
MOMENTS AGO: President Trump steps off Air Force One after landing in Florida.,5,Right-wing,FoxNews,2026-03-20T22:34:38.000Z
RUSSIAN HACKERS TARGET SIGNAL: FBI Director Kash Patel says attackers are impersonating victims to access private messages and conduct additional phishing against high-value targets.,5,Right-wing,FoxNews,2026-03-20T22:21:17.000Z
NEW: President Trump says the US is close to meeting its military objectives against Iran “as we consider winding down.”,5,Right-wing,FoxNews,2026-03-20T22:13:20.000Z
Watch live coverage of the SpaceX Falcon 9 Starlink launch on the Fox News app. Download here:  foxnews.onelink.me/xLDS/z2jymmyl,5,Right-wing,FoxNews,2026-03-20T21:55:41.000Z
WATCH LIVE: SpaceX Falcon 9 rocket launches latest Starlink satellite mission,5,Right-wing,FoxNews,2026-03-20T21:49:20.000Z
"NARCO STRIKE: U.S. forces strike suspected drug-trafficking vessel in Eastern Pacific, leaving 3 survivors. Gen. Francis L. Donovan ordered the operation after intelligence confirmed the low-profile vessel was transiting known smuggling routes.",5,Right-wing,FoxNews,2026-03-20T21:15:36.000Z
"LEGEND LOST: Iconic actor and martial artist Chuck Norris has died, according to a family statement:  ""While our hearts are broken, we are deeply grateful for the life he lived and for the unforgettable moments we were blessed to share with him.""  ""The love and support he",5,Right-wing,FoxNews,2026-03-20T14:23:23.000Z
"BREAKING: Chuck Norris dead at 86, family announces",5,Right-wing,FoxNews,2026-03-20T14:05:20.000Z
"BREAKING: Trump calls NATO a ‘paper tiger,’ slams allies over Iran, oil prices",5,Right-wing,FoxNews,2026-03-20T13:52:55.000Z
foxnews.com/live-news/us-i … #FoxNews,5,Right-wing,FoxNews,2026-03-20T14:19:04.000Z
WATCH LIVE: Michael Waltz testifies before House Appropriations subcommittee,5,Right-wing,FoxNews,2026-03-20T14:04:11.000Z
"""We will REMEMBER!""  President Trump puts the whole world on notice over those who acted -- and those who didn't -- in Iran and calls countries “COWARDS” for refusing to help open the Strait of Hormuz.",5,Right-wing,FoxNews,2026-03-20T13:59:19.000Z
WHY CAN’T YOU CELEBRATE?': Senator Fetterman hammers Governor Newsom for attacking independent journalist Nick Shirley and his reporting on California fraud and wasteful spending.,5,Right-wing,FoxNews,2026-03-20T13:30:34.000Z
"TROOPER STRUCK: A New York State trooper is recovering after a patrol car was hit from behind during a traffic stop on the Thruway.  The collision in Mamaroneck pushed the cruiser into the vehicle that was pulled over, taking down the trooper in the process.  The officer",5,Right-wing,FoxNews,2026-03-20T13:03:00.000Z
"'PAWS' FOR CONCERN: Blind software engineer Ed Summers appeared to face pushback from other passengers over his service dog Loki during a flight—until influencer Jen Hamilton offered to switch seats, sparking debate over airline animal policies.",5,Right-wing,FoxNews,2026-03-20T01:52:40.000Z
"MAMDANI'S OVERHAUL: NYC mayor establishes Office of Community Safety to oversee B-HEARD and other programs, pledging to reduce police role in mental health crises and non-criminal emergencies.",5,Right-wing,FoxNews,2026-03-20T00:18:08.000Z
"JAPANESE PM SANAE TAKAICHI draws laughs with birthday wish for Barron Trump:  ""Tomorrow is the birthday of your son, Mr. Barron Trump, and I know he has grown up so much into a very tall, good-looking gentleman.""  ""And when I see you, Donald, it is very clear where he got it — Of",5,Right-wing,FoxNews,2026-03-19T23:57:16.000Z
CLOSE CALL: Alaska Airlines Boeing 737 overflew FedEx cargo plane at Newark airport Tuesday night as both attempted to land on crossing runways. Air traffic control ordered a go-around; both aircraft landed safely.,5,Right-wing,FoxNews,2026-03-19T23:37:45.000Z
WATCH LIVE: President Trump hosts White House dinner with Japanese PM Takaichi,5,Right-wing,FoxNews,2026-03-19T23:20:31.000Z
Watch live coverage of President Trump hosting a White House dinner with Japanese PM Takaichi on the Fox News app. Download here:  foxnews.onelink.me/xLDS/z2jymmyl,5,Right-wing,FoxNews,2026-03-19T23:28:14.000Z
"FOX NEWS REPORT: The body of missing University of Alabama student Jimmy Gracey was recovered by divers today near the waterfront nightclub where he was last seen during a spring break trip, FOX News’  @BillMelugin_  reports.",5,Right-wing,FoxNews,2026-03-19T22:20:23.000Z
COMEY SUBPOENAED: Justice Department demands testimony from former FBI Director on 2017 Russia intel report as criminal investigation expands into potential false statements to Congress.,5,Right-wing,FoxNews,2026-03-19T22:04:14.000Z
"INSIDE THE DAMAGE: Blackened corridors, melted photo frames, and abandoned children's meals tell the story of the attack on Temple Israel. Security guards' quick action prevented casualties at the nation's largest Reform synagogue.",5,Right-wing,FoxNews,2026-03-19T21:58:46.000Z
"UNDER FIRE: Rep. Veronica Escobar's staffer posed as a lawyer at least 11 times to smuggle phones into an ICE facility in El Paso, according to Acting ICE Director Todd Lyons. Benito Torres is now banned from all ICE facilities.",5,Right-wing,FoxNews,2026-03-19T21:51:40.000Z
"ISRAELI PM NETANYAHU: “Despite the fake news that is unfortunately being spread since the start of the war 20 days ago, we are winning, and Iran is being decimated.”  “Iran's missile and drone arsenal is being massively degraded and will be destroyed. Hundreds of their launchers",5,Right-wing,FoxNews,2026-03-19T19:34:43.000Z
JUST IN: President Trump poses for a photo with Japanese Prime Minister Sanae Takaichi during a high-stakes Oval Office meeting.,5,Right-wing,FoxNews,2026-03-19T18:58:26.000Z
BREAKING: “LIFELESS BODY”FOUND IN DESPERATE SEARCH FOR MISSING UNIVERSITY OF ALABAMA STUDENT IN SPAIN,5,Right-wing,FoxNews,2026-03-19T18:32:46.000Z
"SEN. SANDERS: “60% of our people living paycheck-to-paycheck, and one guy, Elon Musk, owns more wealth than the bottom 53% of American households.”  “Think maybe that might be an issue that we should be talking about?""",5,Right-wing,FoxNews,2026-03-19T18:37:39.000Z
WATCH LIVE: Senate Republicans share new details on SAVE America Act,5,Right-wing,FoxNews,2026-03-19T18:33:48.000Z
"‘CRIMINAL ILLEGAL’: An immigration judge is ordering the deportation of a former New York City Council employee who federal officials say is an undocumented immigrant with a prior assault arrest and no valid worth authorization.  Local officials, including Mayor Zohran Mamdani,",5,Right-wing,FoxNews,2026-03-19T17:20:39.000Z
"DIRECTOR'S CUT: Legendary actor Dennis Quaid is calling out the ""double standard"" in Hollywood when it comes to support for President Trump. The 71-year-old ""War Machine"" star opened up about those who have ""common sense"" in his industry, and those who believe in ""whipped-up",5,Right-wing,FoxNews,2026-03-19T16:51:23.000Z
NEW: DNI Tulsi Gabbard pushes back on the media narrative claiming her office’s intelligence assessments are politicized and tainted by personal biases.,5,Right-wing,FoxNews,2026-03-19T16:47:12.000Z
"BREAKING: ""We didn't tell anybody about [Iran] because we wanted surprise. Who knows better about surprise than Japan? Why didn't you tell me about Pearl Harbor?"" - President Trump",5,Right-wing,FoxNews,2026-03-19T16:43:56.000Z
WATCH LIVE: Senator Markwayne Mullin's confirmation hearing to lead DHS,5,Right-wing,FoxNews,2026-03-19T13:36:01.000Z
"'GOVERNED BY TDS': Democrat Senator John Fetterman blasts his own party, claiming it’s now governed by a ""virtually impossible"" standard of total opposition to President Trump.  The Pennsylvania Senator says a ""TDS"" mindset has made it impossible for Democrats to agree with any",5,Right-wing,FoxNews,2026-03-19T13:29:11.000Z
"BREAKING: ""The last job anyone in the world wants right now—senior leader for the IRGC or Basij. Temp jobs, all of them.""  ""To borrow a page from Admiral Ernest King in World War Two, we've decided to share the ocean with Iran. We've given them the bottom half."" — Secretary of",5,Right-wing,FoxNews,2026-03-19T13:02:25.000Z
"BREAKING: Pentagon to ask Congress for more Iran war funding, War Secretary Pete Hegseth confirms: 'It takes money to kill bad guys'",5,Right-wing,FoxNews,2026-03-19T12:46:04.000Z
"BREAKING: ""There's a reason we call Iran the number one state sponsor of terrorism.""  ""They invest it in tunnels, and they invested in missiles and they invested in launchers and UAVs. And we are destroying and degrading that."" — Secretary of War Pete Hegseth",5,Right-wing,FoxNews,2026-03-19T12:38:44.000Z
WATCH LIVE: Top Trump administration officials testify on worldwide threats to the US,5,Right-wing,FoxNews,2026-03-19T12:38:34.000Z
"BREAKING: ""The world, the Middle East, our ungrateful allies in Europe, even segments of our own press, should be saying one thing to President Trump. 'Thank you.'""— Secretary of War Pete Hegseth",5,Right-wing,FoxNews,2026-03-19T12:36:58.000Z
"BREAKING: ""A dishonest and anti-Trump press will stop at nothing.""  ""Sadly, TDS is in their DNA. They want President Trump to fail. But you, the American people, know better."" — Secretary of War Pete Hegseth",5,Right-wing,FoxNews,2026-03-19T12:14:48.000Z
"BREAKING: ""We will finish this. We will honor their sacrifice."" — Secretary of War Pete Hegseth",5,Right-wing,FoxNews,2026-03-19T12:12:01.000Z
"Retired Lt. Col. Lacy Gunnoe remembers the six U.S. Air Force service members killed in Iraq plane crash: ""This is our nation's best.""",5,Right-wing,FoxNews,2026-03-18T21:51:27.000Z
"SEN. JOHN CORNYN: ""What's so amazing to me is in a normal world, this would be non-controversial — as you know, only American citizens can vote and show identification when you cast your ballot.""  ""But this is not a normal world we're living in, this is a world where Trump",5,Right-wing,FoxNews,2026-03-18T21:50:13.000Z
"MILITARY SHUFFLE: Venezuela's acting President Delcy Rodriguez replaces defense minister Vladimir Padrino with General Gustavo Gonzalez Lopez, a sanctioned military intelligence chief accused of human rights violations.",5,Right-wing,FoxNews,2026-03-18T21:34:01.000Z
"SEN. KENNEDY: “President Biden, it was like 'The Price Is Right': come on down. You don't have to follow our immigration laws. Just come on in.”  “Now, I don't really know who was running President Biden's immigration program. I really don't. But I know this: they were one of two",5,Right-wing,FoxNews,2026-03-18T21:21:07.000Z
WATCH: President Trump arrives at Dover Air Force Base to honor the lives of the six U.S. service members killed in the crash of a refueling aircraft.,5,Right-wing,FoxNews,2026-03-18T20:27:12.000Z
"BORDER CZAR TOM HOMAN: ""The bottom line is, Markwayne Mullin's the right guy at the right time in the right position.""",5,Right-wing,FoxNews,2026-03-18T20:16:38.000Z
"'OUT OF HERE': Bill de Blasio agrees with  @SeanHannity  on the Trump Administration's illegal immigration approach:  ""If you come here and you’re not documented, you don’t go through the process, and you commit a series of violent crimes, you should be out of here.""  Don't miss",5,Right-wing,FoxNews,2026-03-18T20:15:53.000Z
"SETTLING THE SCORE: Senator Markwayne Mullin sets the record straight while addressing the viral 2023 ‘fight’ between him and Teamsters president Sean O'Brien, pushing back on Senator Rand Paul's claims about his tempter.  SEN. RAND PAUL: ""Do you think fighting as a resolution",5,Right-wing,FoxNews,2026-03-18T20:00:20.000Z
"NEW: Senator Markwayne Mullin shares an emotional story during his DHS confirmation hearing, revealing how President Trump went out of his way in the middle of his 2020 presidential election to check on Mullin’s family after his son suffered a serious brain injury.  ""He didn't do",5,Right-wing,FoxNews,2026-03-18T17:31:39.000Z
ENERGY PUSH: President Trump issued a temporary waiver of the Jones Act to keep oil flowing to the U.S. and ease gas prices following the closure of the Strait of Hormuz amid the war with Iran.,5,Right-wing,FoxNews,2026-03-18T17:02:30.000Z
BREAKING: President Trump boards Marine One to attend the dignified transfer of 6 airmen killed during Operation Epic Fury.,5,Right-wing,FoxNews,2026-03-18T16:56:40.000Z
"WORLDWIDE THREATS:  @DNIGabbard  testifies on the threat Iran poses to the United States, and to our allies across the region. @FoxNews",5,Right-wing,FoxNews,2026-03-18T15:45:54.000Z
"VP VANCE: “My simple request is... until the Democrats can cheer for the idea that the government fights for you, until the Democrats can cheer for the fact that the government should be lowering your taxes... that the border ought to be closed, and we ought to get the cartels",5,Right-wing,FoxNews,2026-03-18T16:32:45.000Z
"NEW: VP Vance jokes about juggling the vice presidency and growing his family at the same time.  “I remember when we decided to run for vice president, I said 'Honey, I really want to have a fourth kid.' And she said ‘Well, you can become vice president or you can have a fourth",5,Right-wing,FoxNews,2026-03-18T16:20:56.000Z
"VP VANCE: ""When I talk about the American dream... I want you to have a good job that pays you a good wage, that allows you to put food on the table, but also take a couple of nice vacations every year.""  ""What I also mean is that we need to get the people who are making our",5,Right-wing,FoxNews,2026-03-18T16:19:54.000Z
"TARGETS NEUTRALIZED: The IDF and ISW have released a sprawling ""Elimination List"" of Iranian leaders taken off the board after recent strikes in the region.  The report confirms that several high-ranking officials have been neutralized as the joint U.S.-Israeli campaign continues",5,Right-wing,FoxNews,2026-03-18T16:08:36.000Z
NYPD TAKEDOWN: Heart-pounding new video shows the moment brave police officers courageously jump in to take down terror suspect Emir Balat after an attempted ISIS-inspired bombing at a New York City protest.,5,Right-wing,FoxNews,2026-03-18T14:15:32.000Z
"BREAKING: Trump waives Jones Act for 60 days in bid to allow oil, other resources to flow to US ports unimpeded",5,Right-wing,FoxNews,2026-03-18T14:09:01.000Z
"WATCH LIVE: Patel, Gabbard and Ratcliffe testify on global threats.",5,Right-wing,FoxNews,2026-03-18T14:02:22.000Z
"BREAKING: DHS nominee Mullin tells Senate Homeland Security Chairman Rand Paul 'we just don't get along,' but says 'let me earn your respect'",5,Right-wing,FoxNews,2026-03-18T13:57:25.000Z
'FAKE NARRATIVE': White House officials are blasting reports that Vice President JD Vance is distancing himself from Middle East negotiations as U.S. and Israeli forces continue carrying out military strikes against Iran.  Critics say the Vice President is intentionally avoiding,5,Right-wing,FoxNews,2026-03-18T13:40:32.000Z
"NEW: President Trump sends a stark message to U.S. ""allies"" amid war with Iran:  ""I wonder what would happen if we 'finished off' what’s left of the Iranian Terror State...""  ""That would get some of our non-responsive 'Allies' in gear, and fast!!!""",5,Right-wing,FoxNews,2026-03-18T13:10:51.000Z
"'WE DON'T DESERVE THIS': TSA officer and union steward calls on lawmakers who are keeping the government shut down to ""leave their egos at the door.""  ""The people that have the responsibility of bringing this to an end can do it today.""",5,Right-wing,FoxNews,2026-03-18T11:36:15.000Z
"FLASHBACK: Thirty years ago, Sen. Chuck Schumer — a House representative at the time — detailed on Capitol Hill how IDs could help fight fraud. The resurfaced remarks come as Senate Democrats, led by Schumer, push back against President Trump's voter ID requirements in the SAVE",5,Right-wing,FoxNews,2026-03-18T12:42:29.000Z
"As 2028 buzz builds, Pritzker draws Republican challenger in showdown for Illinois governor",5,Right-wing,FoxNews,2026-03-18T05:00:13.000Z
Pittsburgh police officers accused of ignoring ICE agents’ struggle with suspect,5,Right-wing,FoxNews,2026-03-18T04:30:09.000Z
DEEP TROUBLE: A skier in Washington was trapped in deep snow on Friday until a quick-thinking bystander pulled him to safety.,5,Right-wing,FoxNews,2026-03-18T04:06:31.000Z
"Florida executes convict in 2008 rape, killing of woman, whose final call sparked 911 reforms",5,Right-wing,FoxNews,2026-03-18T04:00:19.000Z
Angel mom whose 13-year-old son was executed by illegal gang member urges incoming DHS chief to act,5,Right-wing,FoxNews,2026-03-18T03:30:16.000Z
Republicans push campus carry laws in nearly a dozen states as college shootings reignite debate,5,Right-wing,FoxNews,2026-03-18T03:00:32.000Z
"Google Gemini declares only GOP senators violate hate speech policy, zero Democrats, author claims",5,Right-wing,FoxNews,2026-03-18T02:30:14.000Z
Chief Justice Roberts warns against personal attacks on judges as ‘dangerous’ after Trump's court tirade,5,Right-wing,FoxNews,2026-03-18T02:00:48.000Z
"AGAINST THE ODDS: Florida high school senior Zoey McVoy survives catastrophic ski accident in Colorado with brain bleed, ruptured spleen, and shattered ribs. She's undergone multiple surgeries and faces long recovery ahead.",5,Right-wing,FoxNews,2026-03-18T01:17:23.000Z
"CORRUPT AS HELL: President Trump blasts mail-in voting during Senate debate on the SAVE America Act, which requires voter ID and proof of citizenship for federal elections nationwide.",5,Right-wing,FoxNews,2026-03-18T00:25:28.000Z
"SENATOR CRUZ: “You need a photo ID to enroll in college. You need a photo ID to open a bank account. You need a photo ID to check into a hotel.”  “And I got to admit, this is my personal favorite: You need a photo ID — actually, two photo IDs — to shovel snow in New York City.”",5,Right-wing,FoxNews,2026-03-17T21:57:07.000Z
WATCH LIVE: President Trump participates in Shamrock Bowl presentation with Irish PM,5,Right-wing,FoxNews,2026-03-17T21:45:07.000Z
Watch live coverage of President Trump’s Shamrock Bowl presentation with the Irish prime minister on the Fox News app. Download here:  foxnews.onelink.me/xLDS/z2jymmyl,5,Right-wing,FoxNews,2026-03-17T21:50:30.000Z
"MS-13 FREED: Judge orders release of Carlos Antonio Flores-Miguel, illegal immigrant with rape and robbery convictions who punched ICE officers and grabbed at gun holster during January arrest.",5,Right-wing,FoxNews,2026-03-17T21:34:46.000Z
IRANIAN ACTIVIST MOJ MAHDARA: “We Iranians call this regime Khomeinism; we call it Islamofascism. This is not a regime that actually even reflects Islam or Muslims; they are actually a thorn in the side and an insult to what Muslims truly represent to the world.”,5,Right-wing,FoxNews,2026-03-17T21:22:35.000Z
HALF-STAFF HONOR: Alabama Gov. Kay Ivey orders flags lowered for Maj. Alex Klinner and two fellow airmen from Birmingham's Air National Guard base killed in Iraq KC-135 crash. A GoFundMe for Klinner's family has raised $1.4M.,5,Right-wing,FoxNews,2026-03-17T20:43:51.000Z
Team USA arrives to the World Baseball Classic final in USA hockey jerseys,5,Right-wing,FoxNews,2026-03-17T19:15:27.000Z
"SHAMROCK SPIRIT: Cities across the U.S. are turning into a sea of green for annual St. Patrick’s Day celebrations.  President Trump and Vice President Vance marked the holiday in DC with Irish Prime Minister Micheál Martin, while Americans across the country took to the streets",5,Right-wing,FoxNews,2026-03-17T20:26:11.000Z
"REP. CARLOS GIMENEZ: ""[The Cuban] government has run the economy right into the ground. It doesn't work — communism, socialism — doesn't work in Cuba, doesn't work anywhere else either.""",5,Right-wing,FoxNews,2026-03-17T20:19:25.000Z
"SAFETY STANDOFF: The Trump administration is calling on Virginia’s Democrat Governor Abigail Spanberger and local officials to not release an illegal immigrant charged with groping high school girls.  Illegal alien Israel Flores Ortiz, 19, faces nine counts of assault and battery",5,Right-wing,FoxNews,2026-03-17T13:39:44.000Z
'UNVETTED PEDOPHILE': An Afghan national admitted into the country under the Biden administration in 2021 has been arrested by DHS following a conviction for indecent exposure to a minor.  Basir Ahmad Safi faced multiple charges including child abuse and soliciting a child,5,Right-wing,FoxNews,2026-03-17T13:10:48.000Z
"'TERRIFYING': Dashcam video shows the moment a Tesla Cybertruck, allegedly operating in self-driving mode, nearly sent a Houston mom and her infant off a bridge before violently crashing into an overpass barrier.  The woman claims she suffered multiple injuries from the incident",5,Right-wing,FoxNews,2026-03-17T13:01:31.000Z
"NEW: At least 366 TSA officers have reportedly quit their jobs over the last month as the battle over DHS funding drags on.  The departures come as approximately 50,000 security officers are forced to work without pay due to the ongoing partial government shutdown.",5,Right-wing,FoxNews,2026-03-17T10:47:46.000Z
WATCH LIVE: VP Vance hosts the Taoiseach of Ireland for St Patrick’s Day breakfast,5,Right-wing,FoxNews,2026-03-17T12:52:17.000Z
"BREAKING: Trump pledges not to endorse lawmakers who vote against SAVE America Act, saying the bill is 'one of the most IMPORTANT & CONSEQUENTIAL pieces of legislation in the history of Congress, and America itself'  foxnews.com/live-news/trum …",5,Right-wing,FoxNews,2026-03-17T12:36:06.000Z
"TROUBLING TURN: Dashcam video released by the Dallas Police Department shows the tense police standoff with Diamon-Mazairre Robinson, a man who worked security for Rep. Jasmine Crockett, before he was shot and killed by SWAT officers.  Robinson, who went by the alias ""Mike King,""",5,Right-wing,FoxNews,2026-03-17T12:18:42.000Z
"LAST SHOWDOWN: Team USA has its opponent for the World Baseball Classic final.  Venezuela ended Italy’s magical WBC run, coming from behind to defeat them, 4-2, earning a spot in the final against the United States.  President Trump weighed in on Venezuela’s win: “They are",5,Right-wing,FoxNews,2026-03-17T12:12:02.000Z
"SANCTUARY SABOTAGE: Anti-ICE activists in Boston disrupted a February arrest operation, allowing a Salvadoran fugitive wanted for child rape to evade capture for a month. Walter Roberto Vides-Ortiz was arrested March 12.",5,Right-wing,FoxNews,2026-03-17T01:32:48.000Z
"UNFIT FOR OFFICE: Trump questions Newsom's fitness for the presidency, citing his admitted dyslexia and 960 SAT score. 'A president should not have learning disabilities,' Trump told reporters Monday.",5,Right-wing,FoxNews,2026-03-17T01:23:39.000Z
"BREAKING: Kouri Richins, the Utah children’s book author accused of poisoning her husband with a fentanyl-laced drink, was found guilty of murdering him. Prosecutors said she carried out the killing as part of a calculated scheme to collect millions in life insurance money.",5,Right-wing,FoxNews,2026-03-17T00:43:45.000Z
"SECURITY BREACH: Maj. Gen. Antonio Aguto left classified Ukraine maps on a train in April 2024. A Ukrainian attendant recovered the documents 24 hours later, according to a Pentagon Inspector General report.",5,Right-wing,FoxNews,2026-03-16T23:07:03.000Z
"TAKEOVER TALK: President Trump floated the idea that the United States could take Cuba ""in some form,” saying the island nation is currently weakened after decades of rule by the Castro regime.",5,Right-wing,FoxNews,2026-03-16T22:53:53.000Z
MORE from the anti ICE agitators that day as they unknowingly protected a child rapist in East Boston.,5,Right-wing,FoxNews,2026-03-16T21:24:03.000Z
"TURBULENT TIMES: More than 26,000 flights canceled or delayed as winter weather and the DHS shutdown disrupt travel nationwide, with long TSA lines and agents working without pay, FOX News’  @aishahhasnie  reports.",5,Right-wing,FoxNews,2026-03-16T22:44:38.000Z
"HEALTH BATTLE: White House Chief of Staff Susie Wiles shared she was diagnosed with breast cancer last week, adding she has a “very good prognosis” and is continuing her duties while undergoing treatment with support from President Trump.",5,Right-wing,FoxNews,2026-03-16T22:13:10.000Z
". @pdoocy : ""If Iran, as you say, totally obliterated, got the missiles, got the first two rounds of leadership, air force gone, navy gone. Can we wrap this war up this week?""  PRESIDENT TRUMP: ""It'll be soon. Won't be long. And we're going to have a much safer world when it's",5,Right-wing,FoxNews,2026-03-16T21:43:52.000Z
NEW: Press Secretary Karoline Leavitt confirms President Trump’s meeting with China’s Xi could be delayed as Operation Epic Fury begins its third week.,5,Right-wing,FoxNews,2026-03-16T14:28:56.000Z
"UNCLASSIFIED: New CENTCOM video shows American fighter jets taking to the skies from the USS Lincoln around the clock, as the Trump administration aims to drop the hammer on Iran through Operation Epic Fury.",5,Right-wing,FoxNews,2026-03-16T14:19:50.000Z
"TRANSGENDER FIRST: NYC Mayor Zohran Mamdani sparking conversation after appointing the first trans woman to lead a New York City agency, its newly created 'Office of LGBTQIA+ Affairs.'  Taylor Brown is leaving her post at the State Attorney General’s office to take the reins of",5,Right-wing,FoxNews,2026-03-16T14:18:07.000Z
"'IT CENTERS ME': Nicole Kidman reveals her pre-Oscars routine, sticking to her Sunday schedule by attending church before heading to the award show red carpet:   ""I will go to church in the morning… It centers me... It's what I do on a Sunday.""",5,Right-wing,FoxNews,2026-03-16T14:01:41.000Z
"NEW: President Trump accuses Democrats of blocking TSA agents from getting paid:  ""Democrats are not allowing TSA Agents to get paid. The deal was made a long time ago. They broke it in order to get money for Sanctuary Cities and illegal aliens.""",5,Right-wing,FoxNews,2026-03-16T13:37:01.000Z
"'DO THE RIGHT THING':  @PressSec  opens up about President Trump's push for NATO allies to ""step up"" in the Middle East in order to shut down the ""rogue Iranian regime from obtaining a nuclear bomb.""  ""President Trump is the first president in nearly five decades to finally have",5,Right-wing,FoxNews,2026-03-16T13:35:57.000Z
"'EASY FOR ME': Rep. Jill Tokuda (D-HI) responds to a voter who pressed her about why she did not stand during the 2026 State of the Union, when President Trump challenged all members of Congress to stand if they agreed the U.S. government should prioritize its citizens' safety",5,Right-wing,FoxNews,2026-03-16T13:31:34.000Z
"'COMMON SENSE':  @PressSec  Karoline Leavitt declares President Trump is ready to sign the 'Save America Act' as soon as possible.  ""It is five of the most common sense proposals that any party has ever put forward and the American people overwhelmingly support this bill.""  ""I look",5,Right-wing,FoxNews,2026-03-16T13:20:43.000Z
Woman accused of fatal hit-and-run that killed 8-year-old laughs during first court appearance,5,Right-wing,FoxNews,2026-03-16T02:00:30.000Z
HE'S BACK: President Trump waves and pumps his fist three times as he returns to the White House.,5,Right-wing,FoxNews,2026-03-16T01:34:11.000Z
RETURN TO DC: President Trump deboards Air Force One and boards Marine One as he travels back to the White House after spending the weekend in Florida.,5,Right-wing,FoxNews,2026-03-16T00:55:29.000Z
WHEELS UP: Air Force One takes off from Palm Beach International Airport as President Trump departs Florida en route to the White House.,5,Right-wing,FoxNews,2026-03-15T23:00:56.000Z
CLOSE CALL: Surveillance video shows a small explosion in the schoolyard of an elementary school in northern Israel on Friday.  The explosion was reportedly caused by projectile debris narrowly missing a building and falling into the school yard.,5,Right-wing,FoxNews,2026-03-15T21:28:58.000Z
‘HIGHER’ EDUCATION: The founder of a Vermont-based whiskey brand wants to give away a now-closed college campus that he bought — on the condition the new owner shares his vision for “the revival of our country and our civilization.”  Raj Peter Bhakta is offering to gift the Green,5,Right-wing,FoxNews,2026-03-15T19:03:40.000Z
"SHAMROCK SPLASH: Chicago's most colorful tradition is back as the Chicago River turns a vivid shade of green ahead of St. Patrick's Day.  Members of Plumbers Local 130 union carry out the transformation using a ""secret,"" non-toxic formula — a spectacle that has drawn crowds and",5,Right-wing,FoxNews,2026-03-15T18:09:48.000Z
"FUELING UP: CENTCOM shares photos of U.S. Air Force A-10 Thunderbolt II aircraft refueling midair while supporting Operation Epic Fury.  The iconic aircraft can loiter for hours, ready to carry out a mission whenever needed.",5,Right-wing,FoxNews,2026-03-15T18:03:43.000Z
"Headless, handless body found on New York road 56 years ago identified through DNA; killer remains unknown",5,Right-wing,FoxNews,2026-03-15T02:30:15.000Z
"With dogs, dance and uncovered hair, Iranians defy 'unholy alliance' of socialists, radicals: ‘Hypocrites!’",5,Right-wing,FoxNews,2026-03-15T02:00:25.000Z
"DESPERATE APPEAL: UK man asks Trump for help freeing his parents jailed in Iran amid British PM's ""non-existent"" advocacy.",5,Right-wing,FoxNews,2026-03-15T01:43:22.000Z
"RED-GREEN ALLIANCE: Fox News investigation identifies 75 organizations supporting Iran's regime, including socialist groups funded by American tech tycoon Neville Roy Singham based in Shanghai. Iranian Americans counter-protest with dogs, dancing and uncovered hair—acts banned",5,Right-wing,FoxNews,2026-03-15T01:10:14.000Z
UNPAID PUSH: Obama Center seeks volunteers while foundation CEO pockets $740K.,5,Right-wing,FoxNews,2026-03-15T01:08:22.000Z
Multiple interceptions over Tel Aviv. Loud explosions echoing through the city.,5,Right-wing,FoxNews,2026-03-15T00:38:08.000Z
AIR STRIKES: New video released by CENTCOM shows U.S. strikes hitting Iranian military targets as operations continue to degrade the regime’s military capability.,5,Right-wing,FoxNews,2026-03-15T00:08:06.000Z
"FREEDOM CHANTS: Cubans attack Communist Party building, set fires in streets amid reported gunfire as island nation faces worsening blackouts and fuel shortages.",5,Right-wing,FoxNews,2026-03-14T22:08:20.000Z
"THE STRAIT STRATEGY: President Trump says countries that receive oil through the Strait of Hormuz must ensure its safe passage, but the U.S. will help them ""a lot.""",5,Right-wing,FoxNews,2026-03-14T21:24:04.000Z
"VIOLENT END: Two people were arrested after a high-speed police chase in Wisconsin ended in a dramatic airborne rollover, with deputies forced to break the windshield to rescue the passengers from the wreck.",5,Right-wing,FoxNews,2026-03-14T10:12:52.000Z
"Vance touts Trump economy gains during North Carolina tour, cites rising home purchases",5,Right-wing,FoxNews,2026-03-14T06:00:17.000Z
PR exec demands Senate Dems apologize for spreading 'falsehoods' about him during heated Noem hearing,5,Right-wing,FoxNews,2026-03-14T05:30:11.000Z
"Man accused of attacking TSA officers, seriously injuring Dallas cop at airport",5,Right-wing,FoxNews,2026-03-14T05:00:17.000Z
"WATCH: An SUV flies across a busy New York intersection and crashes, narrowly missing several cars.  “Miraculously, no pedestrians were struck despite heavy foot traffic in the area and the driver was not seriously injured”, authorities reportedly said.",5,Right-wing,FoxNews,2026-03-14T04:49:33.000Z
Manhunt for Louisiana man wanted in deadly crash who may have fled state or country continues into sixth month,5,Right-wing,FoxNews,2026-03-14T04:30:09.000Z
High school senior charged with 'random' murder after 68-year-old woman found dead in Massachusetts home,5,Right-wing,FoxNews,2026-03-14T04:00:25.000Z
Trump Kennedy Center's new leader revealed as Ric Grenell exits top role,5,Right-wing,FoxNews,2026-03-14T03:30:08.000Z
Trump says US ‘obliterated’ military targets in strike on key Iranian oil hub: 'Powerful bombing raids',5,Right-wing,FoxNews,2026-03-14T03:00:21.000Z
New security images uncovered in Nancy Guthrie abduction case as FBI investigation continues,5,Right-wing,FoxNews,2026-03-14T02:30:17.000Z
‘OH YEAH’: President Trump is presented with a cowboy hat that contains the Constitution. |  @MargoMartin47,5,Right-wing,FoxNews,2026-03-13T21:31:14.000Z
"RIDIN' HIGH: President Trump welcomes the Rodeo World Champions to the Oval Office, jokes, “You guys are crazy.” |  @MargoMartin47",5,Right-wing,FoxNews,2026-03-13T20:57:41.000Z
"TRAGIC LOSS: A 12-year-old girl died Sunday after suffering seizures and cardiac arrest following a violent school bus fight in Villa Rica, Georgia. Jada West collapsed days after being slammed to the ground in the altercation, which was captured on video.",5,Right-wing,FoxNews,2026-03-13T20:57:10.000Z
"BREAKING: Virginia man charged with providing weapon to Old Dominion University shooter. The shooter, who was killed by ROTC members during the attack, had been released from prison on an ISIS-related charge, in December 2024.",5,Right-wing,FoxNews,2026-03-13T19:30:52.000Z
COMEDY CRISIS: Late night hosts are hammering the U.S. instead of the Iranian regime as Operation Epic Fury continues in the Middle East.  A new study by MRC NewsBusters reveals a partisan punchline priority: 94 percent of war-related jokes from major hosts target the U.S. and,5,Right-wing,FoxNews,2026-03-13T20:11:22.000Z
"SUBPOENA SNUB: The Department of Justice says it will appeal a federal judge's move to block a criminal investigation into Federal Reserve Chair Jerome Powell by freezing subpoenas for key records.  U.S. Attorney Jeanine Pirro is slamming the move, saying the court is taking away",5,Right-wing,FoxNews,2026-03-13T19:58:37.000Z
"STRAIT UNDER SIEGE: Iran deploys explosive-laden drone boats disguised as fishing vessels in the Strait of Hormuz, threatening global shipping as Supreme Leader vows to keep the critical waterway closed.",5,Right-wing,FoxNews,2026-03-13T19:36:57.000Z
WATCH LIVE: U.S. Attorney Jeanine Pirro holds press conference,5,Right-wing,FoxNews,2026-03-13T19:30:02.000Z
CAREER CRIMINAL: A four-time deported illegal immigrant with 15 prior criminal charges now facing new charges after allegedly shoving two people onto New York City subway tracks.   The suspect is currently under an ICE detainer after an unprovoked attack left an 83-year-old Air,5,Right-wing,FoxNews,2026-03-13T15:22:37.000Z
"'NO HESITATION': New York City Mayor Mamdani acknowledges New Yorkers are fleeing the city as he pushes for higher taxes on the wealthy.  ""I don't have a hesitation in asking those who make the most amount of money in this city or the most profits in this city to pay a little bit",5,Right-wing,FoxNews,2026-03-13T15:04:40.000Z
"BREAKING: All 6 US crew members on refueling tanker that crashed after mid-air collision with other aircraft are confirmed dead, bringing total US killed in action to 13 during Operation Epic Fury",5,Right-wing,FoxNews,2026-03-13T14:35:59.000Z
"BREAKING: Michigan Governor Gretchen Whitmer describes yesterday’s synagogue attack as antisemitism:  “It was hate, plain and simple.”  “We will fight this ancient and rampant evil.”",5,Right-wing,FoxNews,2026-03-13T13:50:33.000Z
"BREAKING: Michigan synagogue security 'heroes' 'saved lives' with reaction to Temple Israel attack, governor says, calling out antisemitic 'hate, plain and simple'",5,Right-wing,FoxNews,2026-03-13T13:38:26.000Z
WATCH LIVE: Law enforcement officials give update on Michigan synagogue attack,5,Right-wing,FoxNews,2026-03-13T13:31:18.000Z
UNDER FIRE: Sen. Tommy Tuberville faces Democratic backlash after posting 'the enemy is inside the gates' in response to NYC Mayor Zohran Mamdani hosting a Ramadan event at city hall.,5,Right-wing,FoxNews,2026-03-13T12:57:26.000Z
"UNDER INVESTIGATION: FBI agents raided a Michigan home overnight after a suspect rammed Temple Israel synagogue in West Bloomfield, opened fire, and was killed by security. Ayman Mohamad Ghazali, 41, entered the U.S. on a spouse visa from Lebanon in 2011.",5,Right-wing,FoxNews,2026-03-13T12:45:54.000Z
BREAKING: Michigan synagogue attack suspect identified as naturalized US citizen from Lebanon,5,Right-wing,FoxNews,2026-03-13T00:34:11.000Z
"FOX NEWS REPORT: An armed man drove a truck into a Michigan synagogue and opened fire,  @BillMelugin_  reports.",5,Right-wing,FoxNews,2026-03-12T23:14:43.000Z
"STEPHEN INGBER, CEO OF THE JEWISH FEDERATION OF DETROIT: ""We'll get through this stronger, and we'll continue to be loud and proud of being Jewish.""",5,Right-wing,FoxNews,2026-03-12T23:02:43.000Z
"SHERIFF MICHAEL BOUCHARD after Michigan synagogue attack: “No kids, no staff were hurt.""  “One of the head of security was taken to the hospital. He got knocked down by the car when it breached the building.”  ""We've had 30 law enforcement officers taken to the hospitals for",5,Right-wing,FoxNews,2026-03-12T22:38:29.000Z
"WATCH LIVE: FBI, local law enforcement hold briefing on Michigan synagogue attack (Courtesy: WJBK)",5,Right-wing,FoxNews,2026-03-12T22:25:11.000Z
Watch live coverage as the FBI and local law enforcement hold a briefing on the Michigan synagogue attack on the Fox News app. Download here:  foxnews.onelink.me/xLDS/z2jymmyl,5,Right-wing,FoxNews,2026-03-12T22:28:17.000Z
Iran’s Supreme Leader is threatening Gulf states and signaling the possible closure of the Strait of Hormuz as oil prices climb back above $100 a barrel. Nate Foy reports from Tel Aviv.,5,Right-wing,FoxNews,2026-03-12T22:09:27.000Z
"FBI SPECIAL AGENT DOMINIQUE EVANS: ""The [ODU] shooter has been identified as Mohamed Bailor Jalloh.""  ""In 2016, Jalloh was arrested and plead guilty for attempting to provide material support to ISIL, now known as ISIS.""",5,Right-wing,FoxNews,2026-03-12T22:01:21.000Z
"'ACT OF TERRORISM': FBI Special agent Dominique Evans on the shooting at Old Dominion University:  “I can tell you that we have confirmed reports that prior to him conducting this act of terrorism, he stated Allahu Akbar and he was formally a subject of a FBI investigation in",5,Right-wing,FoxNews,2026-03-12T21:51:14.000Z
WATCH LIVE: Law enforcement officials share new details on deadly shooting at Old Dominion University,5,Right-wing,FoxNews,2026-03-12T21:32:57.000Z
"SELECTIVE SILENCE: Megan Rapinoe is taking heat for staying silent on the Iranian women’s soccer team as they stand up against the Middle Eastern regime, despite the American soccer champ routinely blasting other athletes for their personal politics.  Rapinoe recently called the",5,Right-wing,FoxNews,2026-03-12T20:08:26.000Z
WATCH LIVE: Justice Amy Coney Barrett speaks at Library of Congress,5,Right-wing,FoxNews,2026-03-12T19:24:34.000Z
Watch live coverage of Justice Amy Coney Barrett speaking at the Library of Congress on the Fox News app. Download here:  foxnews.onelink.me/xLDS/z2jymmyl,5,Right-wing,FoxNews,2026-03-12T19:28:00.000Z
"‘A CHANCE TO REST AGAIN': A Tennessee woman is raising more than $300,000 to help her elderly DoorDash driver finally stop working and head into a peaceful retirement.",5,Right-wing,FoxNews,2026-03-12T19:02:15.000Z
"WATCH: ""That is the only thing about home, that's the only thing that makes you feel special for the entire time you're there watching your buddies die, and you're mad about that?""  Retired Marine Staff Sgt.  @Johnny_Joey  blasts critics who took aim at military spending on ""Steak",5,Right-wing,FoxNews,2026-03-12T18:44:56.000Z
"BREAKING: Michigan law enforcement say a vehicle breached the West Bloomfield synagogue, and the driver is now deceased.  No children or staff were injured; one lead security officer was struck by the vehicle and is expected to be okay.",5,Right-wing,FoxNews,2026-03-12T18:43:53.000Z
"WATCH: ""That is the only thing about home, that's the only thing that makes you feel special for the entire time you're there watching your buddies die, and you're mad about that?  Retired Marine Staff Sgt.  @Johnny_Joey  blasts  critics who took aim at military spending on ""Steak",5,Right-wing,FoxNews,2026-03-12T18:08:05.000Z
BREAKING: Police are responding to reports of an active shooter and a car driven into a Michigan synagogue.,5,Right-wing,FoxNews,2026-03-12T18:03:09.000Z
WELCOMING HEROES: Travelers erupt in cheers at an airport gate while honoring 53 military veterans arriving on an Honor Flight.   A massive crowd gathered to applaud the group as they landed after a surprise announcement was sent out that the heroes were approaching.,5,Right-wing,FoxNews,2026-03-12T17:34:58.000Z
"LIVE: Trump and GOP hardliners push for a ""talking filibuster"" to pass the SAVE America Act.  @ChadPergram  reports from the Hill.",5,Right-wing,FoxNews,2026-03-12T14:23:31.000Z
"HERO IN THE PARK: Brave New Yorker plunges into a frozen Central Park pond to save his dog that fell through the ice, according to witnesses.",5,Right-wing,FoxNews,2026-03-12T14:17:27.000Z
. @megynkelly  is a coward. @piersmorgan  is a clickwhore.  None of that has anything to do with Israel or Jews. And criticism isn’t censorship.  Stop with your whiny Jussie Smollett fake victim routine.,5,Right-wing,BenShapiro,2026-03-12T16:23:39.000Z
On the show today:  America's international allies join our cause… by writing a strongly worded letter;  the America-hating right and Left unite to undermine President Trump yet again;  and California is spending all of its money on hospice fraud and mountain lion bridges.,5,Right-wing,BenShapiro,2026-03-20T17:02:00.000Z
"On the show today:   A new Netflix documentary about the so-called ""manosphere"" is lighting up living rooms everywhere, and we discuss what it means;  we discuss the problem of toxic femininity;  and Joe Kent’s got some serious legal troubles.  Watch here:",5,Right-wing,BenShapiro,2026-03-19T18:00:11.000Z
"On the show today:   After Joe Kent resigns from the little-known National Center for Counterterrorism, headlines announce that the MAGA coalition is broken…but is it?   Plus, we discuss three options for the future of Iran, and it appears that Cuba is on the brink.  Watch here:",5,Right-wing,BenShapiro,2026-03-18T17:04:36.000Z
On the show today:  ISIS-inspired terrorists try to bomb a rally outside New York City’s Gracie Mansion…and Zohran Mamdani blames white supremacists;   Mehdi Hasan and Tucker Carlson spoon over their shared hatred for America and its intervention in Iran;   and we discuss the,5,Right-wing,BenShapiro,2026-03-09T19:58:17.000Z
MAJOR ANNOUNCEMENT:  @benshapiro  to join YAF at George Washington's Mt. Vernon for Freedom at 250 Rally to open 48th National Conservative Student Conference.  Register at  YAF250.com,5,Right-wing,BenShapiro,2026-03-09T16:01:30.000Z
On the show today:  Trump fires Department of Homeland Security Secretary Kristi Noem… and Tucker Carlson for good measure;  Gavin Newsom has now fully succumbed to left-wing brain rot;  and we bring you the latest on America kicking the hell out of the Iranian regime.  Watch,5,Right-wing,BenShapiro,2026-03-06T19:16:17.000Z
"Today on the show:  Yes, there will be boots on the ground... they just won't be ours;   and we give you the deep dive on our erstwhile Kurdish allies, who may be preparing to take on the IRGC.  Watch here:",5,Right-wing,BenShapiro,2026-03-05T23:34:45.000Z
Saying America is the worst terrorist organization in the world means you hate America.,5,Right-wing,BenShapiro,2026-03-04T22:47:59.000Z
"On the show today:  Cowards, liars and America-haters unite to try to undermine President Trump’s action against Iran;  we talk about whether the war is a ""distraction"" from domestic priorities;  and we bring you the state of play in the Middle East  Watch here:",5,Right-wing,BenShapiro,2026-03-04T18:37:36.000Z
"On the show today:   As Iran takes heavy body blows from the US-Israeli combined operation,   Iran tries to activate its American friends; we discuss just why the US went active against Iran now;   and we talk about whether America is safer.  Watch here:",5,Right-wing,BenShapiro,2026-03-04T00:29:45.000Z
Today on the show I explain the FIND OUT part of Iran's f*cking around.  Watch here:,5,Right-wing,BenShapiro,2026-03-02T20:20:21.000Z
"Trump orders U.S. strikes on Iranian military targets, world leaders react, and the Iranian people celebrate. Join live for a full recap of what unfolded, why it matters, and what will happen next.  x.com/i/broadcasts/1 …",5,Right-wing,BenShapiro,2026-03-01T00:07:29.000Z
On the show today:  The Daily Wire drops the bombshell news that we’re in production on a new action flick with cancelled star Jonathan Majors;  Gavin Newsom says California is built on genocided land;  and Hillary talks Epstein with Congress.  Watch here:,5,Right-wing,BenShapiro,2026-02-27T18:12:28.000Z
Listen up you whiny bitches,5,Right-wing,BenShapiro,2026-02-26T23:54:55.000Z
On the show today:  Secretary of State Marco Rubio acts as an adult in Europe while AOC acts like a spoiled child;   Hillary Clinton and Barack Obama try to define what it means to be a Democrat;   and another trans shooter kills his family.  Watch here:,5,Right-wing,BenShapiro,2026-02-17T18:04:32.000Z
"Watch Ben After Dark Season 2, premiering TONIGHT at 6pm ET on DailyWire+",5,Right-wing,BenShapiro,2026-02-13T21:35:07.000Z
"On the show today:   President Trump orders a drawdown of ICE in Minnesota, but Democrats go radical anyway;  We examine the increasing impact of Bernie Sanders on the Democratic Party;   and Trump makes more moves to open the economy.  Watch here:",5,Right-wing,BenShapiro,2026-02-13T18:09:09.000Z
On the show today:  The fake empathy of Leftism comes home to roost for homeless on the streets of New York;  that same empathy clears the way for mass murder in Canada;   and we analyze the state of the Trump economy.  Watch here:,5,Right-wing,BenShapiro,2026-02-12T18:45:40.000Z
"On the show today:  New tape emerges in the Nancy Guthrie kidnapping;  another mass shooting allegedly by a trans person, this time in Canada;  and El Paso shuts down its airspace so the military can shoot down cartel drones.  Watch here:",5,Right-wing,BenShapiro,2026-02-11T18:04:34.000Z
On the show today:  New evidence shows the deep and long-term relationship between career con artist Steve Bannon and Jeffrey Epstein;  dullard influencer Clavicular gets mogged by reality;  and Trump delivers a major win on environmental deregulation.,5,Right-wing,BenShapiro,2026-02-10T21:02:13.000Z
"On the show today:  The Big Game itself is a giant dud, but Bad Bunny’s halftime show launches a thousand thinkpieces;  Olympic athletes run down America because they don’t like Trump;   and immigration enforcement continues to roil America.  Watch here:",5,Right-wing,BenShapiro,2026-02-09T18:44:01.000Z
"On the show today:  Savannah Guthrie’s mother is still missing after nearly a week, and we bring the latest updates;   President Trump speaks at the National Prayer Breakfast, and we examine the role of religion in the future of the GOP.  Watch here:",5,Right-wing,BenShapiro,2026-02-06T18:44:53.000Z
"On the show today:  The Washington Post lays off 300 people as they suffer through subscriber decline, and our journalistic betters panic;   the Trump administration moderates the message on illegal immigration while Democrats go radical;   and Treasury Secretary Scott Bessent",5,Right-wing,BenShapiro,2026-02-05T18:51:21.000Z
On the show today:   The Trump administration descends on Davos to sell its vision of a new geopolitics;  Europe fights back against Trump’s tariff-based pressure;  and Trump fights the narrative war against illegal immigration in Minnesota.  Watch here:,5,Right-wing,BenShapiro,2026-01-21T16:38:24.000Z
On the show today:  Democrats try to proclaim that fighting illegal immigration is the new white supremacy;   President Trump threatens Europe with tariffs over not handing over Greenland;   and Russia and China chortle over the chaos.  Watch here:,5,Right-wing,BenShapiro,2026-01-20T18:29:59.000Z
"On the show today:  Americans divided over ICE action in Minneapolis as protesters ramp up their chaotic behavior;   as the US threatens Greenland, geopolitics reshapes the map;  and President Trump says it’s time for the Iranian regime to go.  Watch here:",5,Right-wing,BenShapiro,2026-01-19T18:18:22.000Z
"Gavin Newsom: ""California cooperates with ICE""  Also Gavin Newsom:",5,Right-wing,BenShapiro,2026-01-16T01:52:30.000Z
". @GavinNewsom  REFUSES to tell  @benshapiro  if he thinks boys can become girls:  Shapiro: ""The fundamental question...is the question that you're not wanting to answer, which is whether boys can become girls.""  Newsom: ""Yeah…I think…I'm for the grace of God…Yeah.""",5,Right-wing,BenShapiro,2026-01-16T00:10:28.000Z
". @GavinNewsom  WALKS BACK calling ICE operations ""state-sponsored terrorism"":  Shapiro: Your press office said it was ""state-sponsored terrorism.""  Newsom: ""Yeah...""  Shapiro: ""Our ICE officers obviously are not terrorists…""  Newsom: ""Yeah, I think that's fair.""",5,Right-wing,BenShapiro,2026-01-16T00:24:37.000Z
On the show today:   Unhinged Democrats compare President Trump’s ICE to the forces of the Iranian mullahs;   we cover the latest information from Iran;   and we examine what the ouster of Nicolas Maduro means for America’s enemies.  Watch here:,5,Right-wing,BenShapiro,2026-01-15T20:47:17.000Z
I spoke with Gavin Newsom about how he is running the state.   As you can see in this video... there are some issues here. Interview drops 4PM PST.,5,Right-wing,BenShapiro,2026-01-15T18:10:36.000Z
"On the show today:  Reports suggest as many as 20,000 Iranians may have been slaughtered by the regime;   President Trump urges protesters to remain in the streets;   and the Supreme Court moves to protect women’s sports.  Watch here:",5,Right-wing,BenShapiro,2026-01-14T19:33:28.000Z
Breaking news on the National Guard terrorist attack,5,Right-wing,BenShapiro,2025-11-27T02:32:54.000Z
I was first in line to see Wicked this week. Let’s just say... I have thoughts.   Full review drops tomorrow at 10 AM ET.,5,Right-wing,BenShapiro,2025-11-21T22:08:12.000Z
"""I was an EARLY  @NickiMinaj   stan."" -  @BenShapiro",5,Right-wing,BenShapiro,2025-11-20T22:25:58.000Z
"On the show today:  Democrats pull far ahead of Republicans in the generic Congressional ballot,  and we examine why Nvidia reports massive profits, but Target reports the opposite;  and we take a look at New York’s “ghost apartments.”  Watch here:",5,Right-wing,BenShapiro,2025-11-20T20:49:44.000Z
On the show today:  Governor Abbott of Texas lists the Council on American-Islamic Relations as a foreign terrorist organization;  we examine the radicalism of Mamdani and other friends of CAIR;  and we’re reaching the end of the Epstein saga.  Watch here:,5,Right-wing,BenShapiro,2025-11-19T20:31:06.000Z
Go get ‘A Revolution of Common Sense’.  @scottjenningsky  gives a clear inside account of Trump’s return and his fight to bring sanity back to Washington. Don’t miss this one.  a.co/d/hP9topk,5,Right-wing,BenShapiro,2025-11-19T01:03:54.000Z
On the show today:   Steve Bannon acted as a key advisor to Jeffrey Epstein in the years leading up to his arrest;   MTG and Thomas Massie continue their campaign to seize control of MAGA;   and the UN greenlights Trump’s big Gaza plan.  Watch here:,5,Right-wing,BenShapiro,2025-11-18T18:08:49.000Z
"On the show today:  President Trump slams Rep. Majorie Taylor Greene after her anti-Trump freelancing;  the Trump administration promises affordability, but how can they achieve it?;   and Michelle Obama still thinks America is awful  Watch here:",5,Right-wing,BenShapiro,2025-11-17T21:01:17.000Z
"On the show today:  After a massive drop in the stock market, is the tech bubble beginning to burst?   Plus, we examine various options in the battle for affordability  …and a scandal breaks surrounding former Rep. Matt Gaetz.  Watch here:  youtube.com/watch?v=M1A2BO …",5,Right-wing,BenShapiro,2025-11-14T18:42:03.000Z
"On the show today:  House Democrats drop more Jeffrey Epstein emails, and the internet bursts into flame;   we examine who is most interested in the Epstein issue and why;   and a socialist becomes mayor of Seattle.  Watch here:",5,Right-wing,BenShapiro,2025-11-13T18:39:44.000Z
My speech from Argentina's CPAC last year:,5,Right-wing,BenShapiro,2025-10-27T14:15:15.000Z
Gracias Presidente  @realDonaldTrump  por confiar en el pueblo argentino. Usted es un gran amigo de la República Argentina. Nuestras Naciones nunca debieron dejar de ser aliadas. Nuestros pueblos quieren vivir en libertad. Cuente conmigo para dar la batalla por la civilización,5,Right-wing,BenShapiro,2025-10-27T04:48:30.000Z
Why come to a country you hate so much? Why raise a family here?,5,Right-wing,BenShapiro,2025-10-26T15:04:12.000Z
It is not ‘hate’ to speak the truth. It is not ‘hate’ to defend the rights of women and girls. It is not ‘hate’ to be deeply worried about an unevidenced medical experiment on minors. Rationality goes out of the window when you pretend men can be women.,5,Right-wing,BenShapiro,2025-10-27T00:56:55.000Z
BREAKING:  Huge electoral victory for Javier Milei in the midterm elections.  His party won 41% of the votes and will increase its number of deputies in the parliament from 37 to 101 while the number  of senators will increase from 6 to 20.,5,Right-wing,BenShapiro,2025-10-27T06:13:39.000Z
"We need many more Ben Shapiro’s to speak out with moral clarity. Right now, Shapiro and a few others are our modern-day Cassandras. It’s a role that has been thrust upon them by the silence or moral equivocations of academics, pundits, and politicians.",5,Right-wing,BenShapiro,2025-10-26T21:00:51.000Z
On the show today:  The NBA is rocked by a massive gambling scandal;  Bernie Sanders launches the AOC 2028 campaign;   and the Mamdani election grows ever closer.  Watch here:,5,Right-wing,BenShapiro,2025-10-24T17:04:41.000Z
"That the Nazi Tattoo low-key communist Democrat candidate guy cosplaying as a working-class Maine oysterman or whatever went to boarding school costing $75K a year is very funny, no?",5,Right-wing,BenShapiro,2025-10-23T16:40:30.000Z
"Dems are running a man who carved a Nazi tattoo onto his chest, declared himself an ""Antifa supersoldier"" on Reddit, and provided weapons training to a left-wing paramilitary group—and he's running thirty points ahead of the sitting governor. Chaos is coming.",5,Right-wing,BenShapiro,2025-10-23T15:26:15.000Z
"“Millions of phone screens across the Arab world light up every day with the same messages. The Muslim Brotherhood is a victim of brutal regimes, they say. Secular governments are traitors to their own people. Hamas is a legitimate resistance movement.  The outlets vary—TV shows,",5,Right-wing,BenShapiro,2025-10-21T16:22:39.000Z
"Harry Sisson lies on  @PiersUncensored  and  @theisabelb  IMMEDIATELY brings the receipts:  @harryjsisson : I bet no one can name a Dem who called Trump Hitler... @theisabelb : ""October of 2024 - Kamala Harris said...'Donald Trump openly admires dictators including Adolf Hitler.'""",5,Right-wing,BenShapiro,2025-10-21T21:10:26.000Z
On the show today:  Democrats struggle for answers as the Trump administration continues to roll;   Republicans contend with a rising extremism problem;   and an appeals court says Trump can deploy the National Guard in Portland.  Watch here:,5,Right-wing,BenShapiro,2025-10-21T17:33:44.000Z
"""HAMAS IS STILL QUITE ACTIVE."" @benshapiro  says safety and security in Gaza can only be achieved with the help of a force from the Arab and Muslim world.  @FoxNews  |  @DanaPerino",5,Right-wing,BenShapiro,2025-10-21T15:36:59.000Z
"THEY ADORE TRUMP:  @benshapiro  says the Israeli people are ""extraordinarily"" grateful for President Trump as his administration works to bolster the Middle East peace deal. @FoxNews  |  @DanaPerino",5,Right-wing,BenShapiro,2025-10-21T14:55:45.000Z
HOW A KNIGHT SEES THE WORLD,5,Right-wing,BenShapiro,2025-10-20T23:30:23.000Z
"The Obama library will be an unassailable symbol of democracy and freedom, unassailable except one thermal exhaust port…",5,Right-wing,BenShapiro,2025-10-19T14:49:06.000Z
"JUST IN: Trump posted: Numerous of our NOW GREAT ALLIES in the Middle East, and areas surrounding the Middle East, have explicitly and strongly, with great enthusiasm, informed me that they would welcome the opportunity, at my request, to go into GAZA with a heavy force and",5,Right-wing,BenShapiro,2025-10-21T13:15:53.000Z
"President  @realDonaldTrump ,  No gold medal, lucrative prize or prestigious recognition will ever truly do justice or reward you adequately for the lives you have saved.   In Judaism, the proverb goes “He who saves a single soul, it is as if he has saved an entire world”.   You,",5,Right-wing,BenShapiro,2025-10-09T09:41:57.000Z
President  @realDonaldTrump  deserves the Nobel Peace Prize.,5,Right-wing,BenShapiro,2025-10-09T14:41:21.000Z
Every single one of these people who is on a visa should be deported.,5,Right-wing,BenShapiro,2025-10-08T15:44:44.000Z
I’m inside the White House. I will be speaking with the U.S. President and his cabinet about Antifa.,5,Right-wing,BenShapiro,2025-10-08T18:50:59.000Z
"Undoubtedly, President Trump should receive the Nobel Peace Prize.",5,Right-wing,BenShapiro,2025-10-09T00:25:31.000Z
"This is a truly historic achievement — one that only President Trump could have delivered.  Through strength and conviction, he’s accomplished what others have only talked about: bringing hostages home, security for Israel, and laying the groundwork for lasting peace in the",5,Right-wing,BenShapiro,2025-10-09T00:50:08.000Z
"""I am very proud to announce that Israel and Hamas have both signed off on the first Phase of our Peace Plan... BLESSED ARE THE PEACEMAKERS!"" - President Donald J. Trump",5,Right-wing,BenShapiro,2025-10-08T23:06:15.000Z
"I'm seeing this letter for this first time, but I'd heard Charlie say these things before. He said them to me in the Hamptons.  These aren't the words of a man who needed to be threatened or strong-armed into standing with Israel. That meeting, this letter, and the man who wrote",5,Right-wing,BenShapiro,2025-09-29T22:40:57.000Z
"The  @nypost  today posts a letter from  @charliekirk11  to  @netanyahu  in which Charlie explains his love for Israel, and also in which he criticizes Israel’s management of its image in the world and provides advice to the prime minister on how to fix the problem.  The sentiments he",5,Right-wing,BenShapiro,2025-09-29T21:57:32.000Z
"THE TRUMP PEACE PLAN  After reading the final plan and watching carefully the press conference just now, I am optimistic about the broad parameters of this plan.  Let me be specific:  1. Unlike the earlier leaked drafts, there is no mention of Judea and Samaria.  Previous drafts",5,Right-wing,BenShapiro,2025-09-29T19:52:24.000Z
"With the help of  @comet  from  @perplexity_ai ,  @benshapiro  details why Mamdani's public housing proposal will fail",5,Right-wing,BenShapiro,2025-09-29T19:00:03.000Z
On the show today:  A mass shooting at a Michigan Mormon temple unsettles the nation;   President Trump prepares to crack down on crime in Portland;   and The New York Times unleashes a wave of attacks from its top writers on Charlie Kirk.  Watch here:,5,Right-wing,BenShapiro,2025-09-29T17:10:32.000Z
"Ezra Klein Derangement Syndrome is real, folks",5,Right-wing,BenShapiro,2025-09-28T17:11:06.000Z
This country is doomed.,5,Right-wing,BenShapiro,2025-09-28T21:53:22.000Z
"Unchecked extreme rhetoric, like labels as Hitler or fascist, will foment more extreme outcomes.  Political violence is always wrong—no exceptions.  We must all turn the temperature down.",5,Right-wing,BenShapiro,2025-09-28T16:04:39.000Z
"On the show today:  Former FBI Director James Comey is indicted on two federal counts,  President Trump cracks down on Antifa,  and Secretary of War Pete Hegseth calls a mysterious meeting.   Watch here:",5,Right-wing,BenShapiro,2025-09-26T17:18:51.000Z
"RIP  Voddie Baucham  ""Your presuppositions have been tried before, and they've led to catastrophe... My presuppositions have led to Western civilization.""",5,Right-wing,BenShapiro,2025-09-25T22:24:31.000Z
What a loss for all of us. He was an amazing person. May his memory be a blessing.,5,Right-wing,BenShapiro,2025-09-26T00:47:47.000Z
"There is a natural human instinct that recoils against the idea of men dressing up as animals as part of a sexual fetish. It is a reliable signal for danger, and that there is something disturbing beneath the initial exhibitionism. Same thing for ""drag queen demons,"" etc.",5,Right-wing,BenShapiro,2025-09-18T18:58:44.000Z
"The Turning Point Board has unanimously elected Erika Kirk as the new CEO and Chair of the Board.  In prior discussions, Charlie expressed to multiple executives that this is what he wanted in the event of his death.",5,Right-wing,BenShapiro,2025-09-18T16:10:07.000Z
Ben Shapiro on Jimmy Kimmel being suspended: “I’m sort of surprised it took 10 years for the public to sound off on how much Jimmy Kimmel sucks... He’s been awful at his job for a full-on decade. His ratings have been terrible. He’s become not a comedian… the woke pope of,5,Right-wing,BenShapiro,2025-09-18T15:45:02.000Z
Don't threaten us with a good time,5,Right-wing,BenShapiro,2025-09-18T14:33:57.000Z
"“Today, the counter-offensive begins.”  @ryanmauro  previews the findings of a massive investigation into the Soros funding network: “Nonprofits are not allowed to be engaging in criminal activity…what we have found is many millions of dollars going to things like that.”",5,Right-wing,BenShapiro,2025-09-17T15:28:15.000Z
The terrorist is a Jordanian who was driving an aid truck to Gaza. He was neutralized,5,Right-wing,BenShapiro,2025-09-18T12:27:12.000Z
The U.N. Human Rights Council issued a report.  Meet the members:  Cuba  Qatar  China  Sudan  Algeria  Bolivia  Kuwait  Burundi  Vietnam  Kyrgyzstan  Bangladesh  Democratic Republic of Congo  The inmates are running the asylum—and the NYT legitimizes them.,5,Right-wing,BenShapiro,2025-09-17T10:30:58.000Z
BREAKING: A bombshell new 200-page report exposes how Hamas terror chiefs seized control of the UNRWA school system responsible for educating hundreds of thousands of children in Gaza and Lebanon.  The UN knew about this scandal — and did nothing.  Here are the highlights:,5,Right-wing,BenShapiro,2025-09-17T14:31:27.000Z
"Ezra Klein responds to the torrent of criticism rained down on his tribute to Charlie Kirk and doubles down on his praise.   “It is too little to just say we oppose political violence. In ways that surprise me, given what I thought of his project, I was and am grieving for Kirk",5,Right-wing,BenShapiro,2025-09-16T20:59:54.000Z
“No fucking way I'm canceling…”   @megynkelly  announces that her live tour will continue as planned after the tragic Charlie Kirk assassination.   Watch and download: podcasts.apple.com/us/podcast/the …,5,Right-wing,BenShapiro,2025-09-15T20:21:45.000Z
President Trump one whether or not Charlie Kirk’s assassin worked alone:   “I can tell you he didn't work alone on the internet because it seems that he became radicalized on the internet.”   “That's just by watching what same things that you're watching and hearing. It looks,5,Right-wing,BenShapiro,2025-09-15T21:28:50.000Z
"WATCH: DSA activists vile response to Charlie Kirk’s assassination. Remember the name DSA. It stands for Democratic Socialists of America and their leader in NYC, Zohran Mamdani wants to be mayor. Neither he, nor any member of DSA should be anywhere near elected office.",5,Right-wing,BenShapiro,2025-09-15T18:03:42.000Z
Charlie's energy was infectious,5,Right-wing,BenShapiro,2025-09-15T19:00:00.000Z
"Gov Shapiro, I’m sorry for what your family went through  But you were likely attacked by a radical leftist, and the media has covered this up  Cody Allen Balmer said that he  “will not take part in his plans for what he wants to do to the Palestinian people”  Search for truth",5,Right-wing,BenShapiro,2025-09-15T13:00:07.000Z
"EXCLUSIVE:  The Federal Bureau of Investigation is investigating social media posts by at least seven different accounts that appeared to indicate foreknowledge of the assassination of Charlie Kirk, according to three people familiar with the investigation and screenshots",5,Right-wing,BenShapiro,2025-09-15T12:21:38.000Z
". @Riley_Gaines_  explains why conservatives must, as  @benshapiro  said, ""pick up the microphone that Charlie left behind.""",5,Right-wing,BenShapiro,2025-09-13T01:35:01.000Z
"ERIKA KIRK: ""We'll never surrender. We never will.""  ""Our campus tour this fall will continue... AmericaFest, here in Phoenix, this December will go on. It will be greater than ever...""",5,Right-wing,BenShapiro,2025-09-13T01:45:00.000Z
"Truly devastating.   ""[Our daughter] she goes, 'Where's daddy?'... She's three... I said, 'Baby, daddy loves you so much, don't you worry, he's on a work trip with Jesus so he can afford your blueberry budget.'""",5,Right-wing,BenShapiro,2025-09-13T01:58:25.000Z
“The assassination of political figures is not the same thing as just being shot in the throat for the crime of debating issues in the public square.” @benshapiro  discusses the terrifying reality of Charlie Kirk's assassination with  @billmaher  - and what it means for our nation.,5,Right-wing,BenShapiro,2025-09-13T03:32:19.000Z
". @billmaher : The Bible is full of nonsense and wickedness. @benshapiro : But you and I agree a lot on morality, right? Because we were born in a society built by the Bible. You can think you formed your own morality, but you were born morally on third base.  *audience erupts*",5,Right-wing,BenShapiro,2025-09-13T03:33:27.000Z
"[The Left] believes in a philosophical structure that says, 'there is a system that is targeting me.'  Therefore, they're ""excused"" in using violence against that system.  If I say a man is not a woman—that is not a genocidal threat to you. @benshapiro  to  @billmaher",5,Right-wing,BenShapiro,2025-09-13T03:42:29.000Z
"Charlie Kirk’s alleged assassin was living with a transgender partner who was in the process of transitioning from male to female, a law enforcement source confirmed to  @nypost  Saturday. - A neighbor saw several people driving cars with out of state plates going in and out of the",5,Right-wing,BenShapiro,2025-09-14T00:37:17.000Z
. @elonmusk  this is clearly not real engagement.  The FBI confirmed that foreign bots were behind the “Israel killed Charlie” lies.  A patriot was just murdered and Russia and China are exploiting it on X.  Enough of the foreign bots fomenting division in America.,5,Right-wing,BenShapiro,2025-09-12T03:56:00.000Z
"Matt is right here. Biblically speaking, our justice system should be a ""terror, an avenger for wrath on the one practicing evil."" (Romans 13)  We should channel our anger into rebuilding our justice system into one that strikes fear into the hearts of evil people.",5,Right-wing,BenShapiro,2025-09-10T14:33:29.000Z
much better than expected,5,Right-wing,BenShapiro,2025-09-10T13:52:46.000Z
"Further to the prior post, it’s a big beat on PPI inflation. The sharp softening in these indicators—both in absolute terms and versus the consensus forecasts (see table below)—sets the stage for an even more interesting Fed meeting next week. #economy #inflation #federalreserve",5,Right-wing,BenShapiro,2025-09-10T12:59:52.000Z
Ben tells 'The Breakfast Club' why DEI is a zero-sum game,5,Right-wing,BenShapiro,2025-09-10T01:00:01.000Z
This can’t be real…. Can it?!,5,Right-wing,BenShapiro,2025-09-09T20:34:50.000Z
"""Leave it to the Left to simplify every Supreme Court decision into the dumbest possible interpretation of that opinion."" @benshapiro  to  @WillCainShow  on the SCOTUS decision, which allows authorities to use race/language as factors when identifying potential suspects for arrest.",5,Right-wing,BenShapiro,2025-09-09T20:58:39.000Z
"Let me put this another way: We thought 1.8 million jobs were created between April '24 and March '25  In reality, only 847,000 jobs were created in that period.  The frozen job market started way before this summer.",5,Right-wing,BenShapiro,2025-09-09T14:11:20.000Z
"Actually, I've had warm feelings for Jews since I was a child. Before my parents started making money, we lived in a rough neighborhood and the local schools were dangerous for white kids, one of the neighbors had come home bloodied. The local Jewish school took me in and treated",5,Right-wing,BenShapiro,2025-09-09T16:10:38.000Z
"The Israelis command respect. They understand their enemies, ruthlessly prioritize their interests, demonstrate near-constant tactical brilliance, and are not afraid to buck elite opinion. It's a model of statecraft we would be wise to study and, in many ways, emulate.",5,Right-wing,BenShapiro,2025-09-09T15:55:41.000Z
"Saudi Arabia quotes sources from The Wall Street Journal: The US informed Qatar about the planned attack against Hams’s leadership in Doha, PRIOR to the attack.",5,Right-wing,BenShapiro,2025-09-09T16:45:20.000Z
Being pro-life isn't about controlling a woman’s body. @benshapiro  on  @breakfastclubam,5,Right-wing,BenShapiro,2025-09-09T16:11:34.000Z
"Coleman ( @Coldxman ): “The ‘woke right’ like to blame everything on the military-industrial complex or global Jewry…these are people that have a fundamentally grievance-based relationship to Western society.” @BenShapiro : “That's exactly right. On the right, it manifests",5,Right-wing,BenShapiro,2025-09-08T18:10:42.000Z
"A senior Hamas official totally rejected Trump's ceasefire offer as a ""humiliating surrender document"" and said that Hamas has a ""right"" to retaining weapons and to resistance (read: killing Israelis) - but for some reason almost no one is reporting on it in English.",5,Right-wing,BenShapiro,2025-09-09T10:47:56.000Z
The report found that the UK government has failed in every single legal obligation under treaty and international law.,6,Left-wing,novaramedia,2026-03-23T22:00:25.000Z
"""We’ve vacated the centre-left ground and that’s been filled by Zack Polanski and the Greens.""",6,Left-wing,novaramedia,2026-03-23T20:00:21.000Z
"“It’s economic warfare, designed to break the Cuban population. The question is: will it work?” asks  @StevenJMethven .  Read the latest Cortado here:  novara.media/4c0yL3v",6,Left-wing,novaramedia,2026-03-23T18:30:08.000Z
"The war on Iran is “a kind of mass murder of civilians” that involves “carpet bombing” Tehran, according to a former UN advisor.",6,Left-wing,novaramedia,2026-03-23T18:00:38.000Z
"Defeated Reform parliamentary candidate Matt Goodwin has been accused of using ChatGPT to research his latest book.  Goodwin, the GB News presenter who contested the Gorton and Denton byelection last month, published Suicide of a Nation: Immigration, Islam, Identity on 16 March.",6,Left-wing,novaramedia,2026-03-23T16:15:10.000Z
The Swiss government has not issued any license to export weapons to the US since the beginning of the illegal war on Iran.,6,Left-wing,novaramedia,2026-03-23T08:00:22.000Z
"Havana was blacked out all last night, leaving millions  without electricity. But there was a lighter moment, just minutes after  @KNEECAPCEOL  came off stage at the city's Pabellón",6,Left-wing,novaramedia,2026-03-22T19:35:23.000Z
The BBC has been ordered to provide a “substantive response” within 30 days or risk being treated as in contempt of court.,6,Left-wing,novaramedia,2026-03-22T19:00:22.000Z
"The payout reportedly included £250,000 that Mandelson received just days before Global Counsel went bust last month.",6,Left-wing,novaramedia,2026-03-22T16:00:37.000Z
"Can dogs have a class status?  To mark the paperback release of her bestselling book, 'Minority Rule',  @AyoCaesar  and  @AaronBastani  sat down to talk about the state of British politics – and dogs.  Watch the full conversation on our YouTube channel.",6,Left-wing,novaramedia,2026-03-22T15:00:47.000Z
The victims include a three-day-old baby and his two-year-old sister.,6,Left-wing,novaramedia,2026-03-22T14:00:26.000Z
"BREAKING: Sitting Labour Councillors in Lewisham, Rudi Schmidt and Tauseef Anwar announce that they have defected to the Green Party.  Councillor Schmidt said the following to Novara Media:  "" I really respect my Labour Party colleagues and listen, there's a lot of hard-working",6,Left-wing,novaramedia,2026-03-22T13:30:33.000Z
"“We will not waste our breath asking nicely. Instead, we will take necessary action to quash their means to kill.”",6,Left-wing,novaramedia,2026-03-22T12:00:22.000Z
"""For as long as it has been apparent that the Greens could rival Labour, it has been clear that antisemitism could be deployed to wrong-foot them.""",6,Left-wing,novaramedia,2026-03-22T09:00:24.000Z
“We have the same duties to defend Cuba as we do to defend Palestine.”  Novara Media's Steven Methven is in Havana speaking to some of the activists connected to the Nuestra America Flotilla. They're delivering aid amongst crippling US-imposed sanctions — and many of them were,6,Left-wing,novaramedia,2026-03-21T08:00:01.000Z
"Across the UK, dozens of serving police officers have been investigated for rape since Everard’s murder.",6,Left-wing,novaramedia,2026-03-20T22:00:11.000Z
"“My ridiculous prosecution must be seen within the wider, West-wide, surge of an insidious new form of fascism.""",6,Left-wing,novaramedia,2026-03-20T20:00:19.000Z
"“I was upset, to be honest, because what Goodwin stands for isn’t Christianity.""",6,Left-wing,novaramedia,2026-03-20T18:00:08.000Z
"Over 300 children have been killed in illegal US and Israeli attacks in Iran and Lebanon since late February, while more than 1,500 have been injured.  The victims include a three-day-old baby and his two-year-old sister, who were killed in a US-Israeli strike on their home in",6,Left-wing,novaramedia,2026-03-20T16:39:30.000Z
"Owen Jones pointed out that it was unusual for a “rightwing, pro-war” outlet to cover US and Israeli aggression in the style originally chosen.",6,Left-wing,novaramedia,2026-03-20T16:13:30.000Z
"Cuba has always resisted Western imperialism — and that includes unwavering support for Palestine.    Reporting from Havana, Novara Media's  @StevenJMethven  explains the history between two states recently subject to historic US aggression.",6,Left-wing,novaramedia,2026-03-20T15:45:00.000Z
"The Swiss government has not issued any license to export weapons to the US since the beginning of the illegal war on Iran and has said it will not issue any new ones until the attacks end.    ""The export of war materiel to countries involved in the international armed conflict",6,Left-wing,novaramedia,2026-03-20T15:02:27.000Z
"""With our governments fuelling genocide, the people of global civil society are rising together in larger and larger numbers.""",6,Left-wing,novaramedia,2026-03-20T08:00:31.000Z
Our reporter  @StevenJMethven  is in Havana covering the Nuestra America Convoy delivering aid to Cuba in the face of Trump’s oil blockade.    Follow his updates on  @novaramedia,6,Left-wing,novaramedia,2026-03-19T20:36:30.000Z
"""They saw my keffiyeh and they called me a terrorist … It was really bizarre.""",6,Left-wing,novaramedia,2026-03-19T19:00:31.000Z
More than 100 staff members lost their livelihoods when clients cut ties with Global Counsel.,6,Left-wing,novaramedia,2026-03-19T18:00:25.000Z
"“Cuba’s president has said that attempts to take the island will be met with ‘impregnable resistance’.   ""That resistance is now international.”    Novara Media’s  @StevenJMethven  is in Cuba, reporting on a convoy delivering aid to Cubans struggling under Trump’s oil embargo.",6,Left-wing,novaramedia,2026-03-19T17:24:57.000Z
"Steve Sweeney, a British war correspondent for RT, was almost killed by an Israeli missile strike whilst on camera near a military base in southern Lebanon.  Sweeney and his cameraman Ali Rida are both receiving medical care for shrapnel wounds at a local hospital.",6,Left-wing,novaramedia,2026-03-19T15:54:53.000Z
"""London can let go of these MPs who have protected power and wealth – and vote for a Green party rooted in communities.""",6,Left-wing,novaramedia,2026-03-19T15:30:04.000Z
"“We had no intelligence to indicate that Iran was on the verge of getting a nuclear weapon.”  Joe Kent, the director of the US National Counterterrorism Centre who resigned over Israel's influence on the US's decision to go to war with Iran, told Tucker Carlson that Iran has a",6,Left-wing,novaramedia,2026-03-19T14:45:52.000Z
The IDF has a history of using the deadly substance against civilians.,6,Left-wing,novaramedia,2026-03-18T12:30:05.000Z
"Disgraced Labour veteran Peter Mandelson made over £1.5m selling his stake in his lobbying firm before it went bust over his links to paedophile Jeffrey Epstein – while staff received zero compensation.  The payout reportedly included £250,000 that he received just days before",6,Left-wing,novaramedia,2026-03-18T11:30:06.000Z
Do Your Own Research is a new show from Novara Media about the systems that make the modern world possible. We’re building a map of everything that has ever mattered and everything that ever will.  In the first four shows:  1. We’ve mapped the history of the giant agricultural,6,Left-wing,novaramedia,2026-03-17T18:31:47.000Z
"A coalition of activists has announced plans to launch the largest ever flotilla of aid ships aimed at breaking Israel’s illegal blockade of Gaza.   The Freedom Flotilla Coalition (FFC), made up of civil society and grassroots groups from South Africa, Spain, Ireland, Türkiye,",6,Left-wing,novaramedia,2026-03-18T10:30:07.000Z
"“They’re a very weakened nation right now.”  After imposing a fuel blockade on Cuba, leading to a nationwide blackout and humanitarian crisis, Donald Trump says he can now “take” the country and “do anything I want with it.”  On Monday, the state-owned company Unión Eléctrica",6,Left-wing,novaramedia,2026-03-18T09:45:10.000Z
"With voracious editors hungry for bad news about the ascendant Greens, the party will require considerable discipline to ensure it doesn’t fall into the same trap as Labour.   Read the full story:  novara.media/4rMb57W",6,Left-wing,novaramedia,2026-03-18T09:00:38.000Z
Did calls take place between the most senior figures of the BBC and top Israeli diplomats?,6,Left-wing,novaramedia,2026-03-18T08:00:23.000Z
"""The one thing worse than having a shi*t job under capitalism is having no job under capitalism, because you can't reproduce the basics of your own life."" @AaronBastani  in conversation with economist and founder of  @freefreeforum , Professor  @ClaraEMattei .  Watch the full episode",6,Left-wing,novaramedia,2026-03-16T16:30:26.000Z
The BBC is in trouble for failing to provide call logs recording any communication with senior Israeli officials.  @Harriepw  reports.,6,Left-wing,novaramedia,2026-03-16T15:30:04.000Z
"'We’ve all met men like the US president or his war secretary Pete Hegseth before: belligerent, swaggering, high on their own machismo supply.   'And nothing will make them more dangerous than looking stupid in front of the whole world.'  In today's Cortado, Steven Methven",6,Left-wing,novaramedia,2026-03-16T15:09:42.000Z
"Volunteers from three continents are set to converge in Havana this weekend, with more than 20 tonnes of food, medicine and solar equipment for Cuban communities hit by a brutal US blockade.  Activists from more than a dozen countries have signed up to participate in the Nuestra",6,Left-wing,novaramedia,2026-03-16T13:45:09.000Z
"Join us at  @EartHackney  on Thursday for a live event with  @KojoKoram  and  @daliagebrial  to mark their new podcast series, Death in Westminster.  They'll be joined by newly elected Green MP Hannah Spencer,  @faizashaheen ,  @PeterKGeoghegan  and Stephanie Brobbey! Final tickets are",6,Left-wing,novaramedia,2026-03-16T13:40:51.000Z
Get tickets from Dice.,6,Left-wing,novaramedia,2026-03-16T13:41:08.000Z
"“The news cycle is so fast but people in Gaza are still suffering.”  At the Oscars last night, actors Javier Bardem and Charithra Chandra spoke out against the “horrific actions” of US forces in Iran and called for a ceasefire in Palestine.",6,Left-wing,novaramedia,2026-03-16T12:45:09.000Z
"Work with the Novara Live team!  We are looking for a technically proficient, politically engaged Livestream Producer to support our team for one year.  This London-based role combines technical expertise with political understanding and requires regular evening work, including",6,Left-wing,novaramedia,2026-03-16T10:52:43.000Z
"Elon Musk is now worth more than the next three richest billionaires combined, the latest calculations from Forbes show.   The Forbes Real Times Billionaires List has placed Musk firmly in the position of richest man in the world, with an estimated worth of $839 billion – up from",6,Left-wing,novaramedia,2026-03-14T09:00:21.000Z
The announcement follows prime minister Pedro Sánchez’s refusal to allow the US to use Spain’s military bases.,6,Left-wing,novaramedia,2026-03-13T18:15:08.000Z
"In just a few weeks, the bedrock principles underpinning the west’s foreign policy have been torn up, writes  @AyoCaesar .  But status and security have been rocked nowhere more than the ‘expat’ enclaves of the United Arab Emirates (UAE).  Read the full article:",6,Left-wing,novaramedia,2026-03-13T17:00:30.000Z
"“Unite members are coming to the end of the line as far Labour is concerned.""",6,Left-wing,novaramedia,2026-03-13T15:15:05.000Z
"The wealth tax debate often misses a crucial problem, argues  @KojoKoram .  Popular economists like Gary Stevenson, Grace Blakely and Faiza Shaheen, and now political leaders like Zack Polanski, argue that the UK must tax the richest more aggressively if it hopes to repair",6,Left-wing,novaramedia,2026-03-13T14:30:14.000Z
"The Greens have a 70% chance of taking David Lammy’s seat at the next election, according to recent polling analysis.  But Lammy insists there is “no prospect” of Zack Polanski’s party winning in his Tottenham constituency.  “I don’t think the political class have been shaken out",6,Left-wing,novaramedia,2026-03-13T13:30:24.000Z
"""Before we call for a wealth tax, we need to know how today’s super-rich seek to protect their hoard from taxation,"" writes  @KojoKoram .",6,Left-wing,novaramedia,2026-03-13T12:52:04.000Z
"A British man has been arrested in Dubai as part of a crackdown on people sharing footage of Iranian missile attacks against the Emirati city.  The 60-year-old tourist is among 21 people who have been charged in the United Arab Emirates (UAE) under cybercrime laws, which prohibit",6,Left-wing,novaramedia,2026-03-13T12:26:39.000Z
"Guest announcement! Hannah Spencer, Green MP for Gorton and Denton, will be joining us at  @earthackney  next week on 19th March.  Join  @kojokoram  and  @daliagebrial  as they uncover the secretive systems of wealth extraction that are eating Britain from the inside.  They’ll also be",6,Left-wing,novaramedia,2026-03-13T12:05:05.000Z
"Starmer “outsourced his brain” to Morgan McSweeney when he appointed Mandelson. “There’s nowhere for Starmer to hide on this.”  On Novara Live, Kieran Andrieu and Aaron Bastani respond to newly released files which prove that Starmer must have known about Mandelson’s relationship",6,Left-wing,novaramedia,2026-03-12T12:30:23.000Z
“I felt like I had to go and confront them. It felt like life or death.” Simon Childs reports.,6,Left-wing,novaramedia,2026-03-12T12:13:39.000Z
"A High Court judge has ruled in favour of Guardian columnist Owen Jones in a libel case brought against him by a BBC editor.   Raffi Berg, the BBC’s Middle East editor, took legal action in November last year over a report by Jones which laid the blame for the BBC’s biased",6,Left-wing,novaramedia,2026-03-12T11:21:57.000Z
Former shadow chancellor John McDonnell has accused Keir Starmer of dragging the Labour party “into the gutter” in the wake of yesterday’s release of the Mandelson files.  A tranche of documents disclosing the appointment of Peter Mandelson as US ambassador has revealed that the,6,Left-wing,novaramedia,2026-03-12T10:50:04.000Z
Around two-thirds of stops in London lead to no action.,6,Left-wing,novaramedia,2026-03-11T19:00:53.000Z
"""The early signs of the unravelling of Western liberalism have a lot to do with the rise of Asia."" @ByRanaDasgupta , author of 'After Nations', talks to  @AaronBastani  about the relationship between Asia's economy and that of the West.   Watch the full episode of Downstream on our",6,Left-wing,novaramedia,2026-03-11T18:00:33.000Z
"One of the UK’s largest unions, Unite the Union, has voted to slash the affiliation fee it pays to Labour by £580,000, or 40% of its contribution to the party.  The decision follows widespread anger among members at the government’s handling of the Birmingham bin strike.  “Unite",6,Left-wing,novaramedia,2026-03-11T17:30:12.000Z
Last year there were 68 reports of sexual assault against the force – the highest number on record.,6,Left-wing,novaramedia,2026-03-10T19:00:22.000Z
"Kojo Koram follows the dark money that’s destroying Britain in a new podcast series – Death in Westminster. To listen to all four episodes now, search for Novara Media wherever you get your podcasts.   Plus, join  @kojokoram  at EartH in East London on 19 March for a live event",6,Left-wing,novaramedia,2026-03-10T17:02:08.000Z
Get tickets here:,6,Left-wing,novaramedia,2026-03-10T17:02:37.000Z
"“International law has been completely pushed to the side, and that creates a very dangerous environment.”   On Novara Live, Middle East expert Jasmine El-Gamal explains how years of total impunity have empowered Israel to casually discuss the extrajudicial assassination of",6,Left-wing,novaramedia,2026-03-10T15:00:00.000Z
"Several Labour MPs have been in regular contact with Zack Polanski, reportedly leading to questions from government whips about whether they could defect to the Green party.   One Labour MP questioned about a possible defection was also “collared” by a cabinet minister who",6,Left-wing,novaramedia,2026-03-10T14:00:12.000Z
“Not my king!”  King Charles and Prince William were accused of being “parasites” by protesters as they arrived at Westminster Abbey to celebrate Commonwealth Day.  Activists from anti-monarchy group Republic Campaign held posters of disgraced royal Andrew Mountbatten-Windsor and,6,Left-wing,novaramedia,2026-03-10T13:00:29.000Z
"Iran only has to threaten ships in the Strait of Hormuz to upend global trade.  On Novara Live, Jasmine El-Gamal, a former Middle East advisor to the US Department of Defense, says Iran has several cards to play, and US military action will not be as quick or effective as some",6,Left-wing,novaramedia,2026-03-10T12:00:25.000Z
"""Pete Hegseth said strikes on Iran were about to 'surge dramatically' thanks to Starmer’s decision to let the US use the Diego Garcia military base.""",6,Left-wing,novaramedia,2026-03-08T20:00:25.000Z
"“Why are we doing this with our military? Why are we doing this overseas? It doesn't seem to benefit us in any way.  It's because the interests of the state are diverging from the interests of the people.” @AaronBastani  in conversation with  @ByRanaDasgupta , author of ‘After",6,Left-wing,novaramedia,2026-03-08T18:47:45.000Z
"The poll put the Greens in second place among voters of all ages, just two points behind Reform.",6,Left-wing,novaramedia,2026-03-08T17:00:54.000Z
An activist dressed as a security guard distracted the lorry’s driver while another climbed onto the vehicle.,6,Left-wing,novaramedia,2026-03-08T14:00:52.000Z
"Scottish Greens co-leader Ross Greer said the US “is using an airport owned by the Scottish government to wage an illegal war.""",6,Left-wing,novaramedia,2026-03-08T11:00:48.000Z
“Would you want to be filmed 24/7 in your room while you’re ill in hospital?”  The NHS has rolled out a controversial spy camera technology across approximately half of all mental health trusts that provide inpatient services in England.   Oxevision is billed as a tool for,6,Left-wing,novaramedia,2026-03-08T09:00:44.000Z
"“I will not betray Christian values, I will fight for them and our shared cultural heritage,” Goodwin wrote.",6,Left-wing,novaramedia,2026-03-07T19:00:31.000Z
"The data requested by ICE included usernames, addresses, telephone numbers, credit card and bank account numbers.",6,Left-wing,novaramedia,2026-03-07T16:00:26.000Z
"Scottish first minister John Swinney has been told to follow Spain’s example and ban the US from using its bases for its war on Iran.  During First Minister’s Questions on Thursday, Scottish Greens co-leader Ross Greer said the US “is using an airport owned by the Scottish",6,Left-wing,novaramedia,2026-03-06T09:19:37.000Z
"""Muslims voting for a non-Muslim woman standing for a party led by a gay Jewish man doesn’t immediately reek of a sectarian scandal.""",6,Left-wing,novaramedia,2026-03-06T09:00:24.000Z
The Democratic National Committee is under mounting pressure to release the report.,6,Left-wing,novaramedia,2026-03-06T07:30:12.000Z
Immigration agents reportedly accessed the building “without any kind of warrant” by pretending to be searching for a missing 5-year-old child.,6,Left-wing,novaramedia,2026-03-05T17:39:50.000Z
"Since Zohran Mamdani became the mayor of New York, the city has seen the fewest shootings and murders in recorded history for January and February of any year.   Major crime is down 8% citywide, burglary is at a record low and retail theft down 25%.  Under Mamdani’s mayoralty,",6,Left-wing,novaramedia,2026-03-05T16:38:53.000Z
Donald Trump has reportedly taken to calling Keir Starmer a loser behind closed doors.   A source present at a private dinner party with the US president within the last fortnight told the Telegraph: “Trump has started calling Starmer a loser. He said it at a dinner with friends.,6,Left-wing,novaramedia,2026-03-05T15:00:09.000Z
"Scotiabank dumped a final tranche of around 165,000 shares earlier this month after sustained direct action and protests.",6,Left-wing,novaramedia,2026-03-05T14:11:51.000Z
"The civilian death toll from the illegal US-Israeli war on Iran has reached at least 1,097, including 181 children, a human rights group said on Wednesday, with hundreds more injured amid scenes of horror across the country.  The latest death toll, from the media arm of the",6,Left-wing,novaramedia,2026-03-04T16:54:20.000Z
"It put the Greens in second place among voters of all ages, just two points behind Reform.",6,Left-wing,novaramedia,2026-03-04T16:00:08.000Z
"In total, 86 members of the press were killed by Israel, followed by nine in Sudan, six in Mexico and four in Russia.",6,Left-wing,novaramedia,2026-03-04T14:01:05.000Z
"""He's crashing out! I mean, we've called him Matt Badloss. Let's call him Matt Headloss!""  After GB News pundit Matt Goodwin lost the Gorton and Denton byelection to the Greens' Hannah Spencer, he embarked on a media campaign of ""infinite complaining"", saying that he feared UK",6,Left-wing,novaramedia,2026-03-04T13:20:00.000Z
"There is no evidence that Iran is building a nuclear bomb, the head of the UN’s atomic energy agency has said, despite claims by Israel and the US that the country poses an imminent nuclear threat.   Rafael Mariano Grossi, director general of the International Atomic Energy",6,Left-wing,novaramedia,2026-03-04T12:29:11.000Z
"“This victory is a testament to the power of ordinary people across the world.""",6,Left-wing,novaramedia,2026-03-04T12:00:41.000Z
"The working class finally has a party making them a real offer – and Reform is furious about it.  From talking about litter to saving the high street, Hannah Spencer’s campaign in Gorton and Denton spoke to the issues that Reform voters care about, argues  @AaronBastani  on Novara",6,Left-wing,novaramedia,2026-03-04T11:15:00.000Z
"“Headteachers have forcibly removed keffiyehs from pupils and universities have confiscated Palestine flags.""",6,Left-wing,novaramedia,2026-03-04T11:00:48.000Z
She was released after Zohran Mamdani brought up her case in a meeting with Donald Trump.,6,Left-wing,novaramedia,2026-03-03T16:00:21.000Z
"The US bombed Iran because Israel had already planned to attack, secretary of state Marco Rubio admitted on Fox News.   “We knew that there was going to be an Israeli action, we knew that would precipitate an attack against American forces,” Rubio told reporters on Monday. “We",6,Left-wing,novaramedia,2026-03-03T15:32:57.000Z
"""A significant public diplomacy tool for us.""",6,Left-wing,novaramedia,2026-03-03T14:00:11.000Z
"“The idea that you could just kill Ayatollah Khamanei and it would be brushed under the carpet was pretty misplaced.”  On Novara Live, writer Eskandar Sadeghi-Boroujerdi says that the death of Iran's Supreme Leader will not make them automatically capitulate to Donald Trump,",6,Left-wing,novaramedia,2026-03-03T12:45:00.000Z
"Asylum seekers arriving in the UK will now face reassessment every 30 months for 20 years, making permanent asylum an unattainable dream.",6,Left-wing,novaramedia,2026-03-03T12:30:05.000Z
"“There is no foreign policy in Europe.”  On Novara Live,  @Kieran_Andrieu  says that British and European foreign policy is dictated by the US – and by extension, Israel.  Starmer ought to be asking what impacts the Israeli-led war against Iran will have for citizens of the UK,",6,Left-wing,novaramedia,2026-03-03T11:30:00.000Z
"Ed Davey has taken aim at ""tax exiles like Isabel Oakeshott and washed up old footballers"" who have been evacuated from Dubai, paid for by the UK taxpayer, after Iran fired missiles at the city.  The Liberal Democrat leader said on Monday that people like Oakeshott ""mock ordinary",6,Left-wing,novaramedia,2026-03-03T10:31:58.000Z
"“Given that we recognise Palestine as a state, it’s important that both states – Israel and Palestine – participate.""",6,Left-wing,novaramedia,2026-03-02T15:01:36.000Z
Exclusive: The Foreign Office funded a sexual violence report subsequently used in a £33m Israeli campaign to whitewash its genocide in Gaza.  @rivkahbrown  reports.,6,Left-wing,novaramedia,2026-03-02T14:23:18.000Z
"Britain is now involved in the US and Israel’s illegal and unprovoked attacks on Iran.  The aggression has unleashed catastrophe with no discernible plan – and it will likely leave Iran in a state of chaos and internal violence, writes Steven Methven.  Read the full article:",6,Left-wing,novaramedia,2026-03-02T13:14:21.000Z
"""Big tech can track and destroy us.""",6,Left-wing,novaramedia,2026-03-02T13:01:05.000Z
"Geese’s Max Bassin shouted “Free Palestine” at his acceptance speech at the 2026 Brit Awards – but ITV2 censored his words for the live audience.  The drummer, whose Brooklyn band beat Haim and Tame Impala to the International Group of the Year prize, reportedly shouted: “Free",6,Left-wing,novaramedia,2026-03-02T12:30:11.000Z
A student abducted by US Immigration and Customs Enforcement (ICE) has been released after New York City mayor Zohran Mamdani brought up her case in a meeting with Donald Trump.  Elmina Aghayeva was detained at a Columbia University-owned residence early on Thursday morning.,6,Left-wing,novaramedia,2026-03-02T11:58:36.000Z
"The likeliest outcome of the US and Israel’s illegal attacks on Iran is destabilisation in the region and beyond, argues  @StevenJMethven .",6,Left-wing,novaramedia,2026-03-02T11:41:42.000Z
"This is how Palantir is connected to Epstein, ICE, and the IDF.",6,Left-wing,novaramedia,2026-03-02T11:00:46.000Z
"Activists from overseas branches of Palestine Action have declared victory after Canada’s Scotiabank dissolved all of its shares in Elbit Systems, Israel’s largest weapons company.  The bank’s 1832 Asset Management subsidiary was once Elbit’s largest foreign investor, according",6,Left-wing,novaramedia,2026-02-28T13:00:27.000Z
"“These incidents, it is critical to note, represent the tip of the iceberg.""",6,Left-wing,novaramedia,2026-02-28T11:00:24.000Z
It’s settled: Your Party is now a Jeremy Corbyn joint.,6,Left-wing,novaramedia,2026-02-28T09:00:20.000Z
"An internal autopsy by the US Democratic party found Kamala Harris lost significant support in the 2024 election because of the Biden administration’s policy of arming and funding Israel’s genocide in Gaza, according to a report by American news website Axios.  The autopsy, which",6,Left-wing,novaramedia,2026-02-27T16:51:30.000Z
"Greece’s former finance minister Yanis Varoufakis has been indicted after admitting on a podcast that he took an ecstasy pill at a rave in Australia in his twenties.  The prominent Marxist figurehead, who founded Greece’s leftist European Realistic Disobedience Front party, said",6,Left-wing,novaramedia,2026-02-27T15:17:52.000Z
"Had Keir Starmer not blocked Andy Burnham from standing as Labour's candidate in the Gorton and Denton byelection, then, in all likelihood, last night would have been a Labour hold.   That the prime minister chose to do something so stupid should sound his political death knell,",6,Left-wing,novaramedia,2026-02-27T12:00:07.000Z
"Labour’s byelection defeat was so foreseeable and self-inflicted that it should sound Keir Starmer's political death knell, writes  @AaronBastani .",6,Left-wing,novaramedia,2026-02-27T11:30:03.000Z
"“I think this has the possibility to transform the face of British politics.”   Speaking after the historic byelection win in Gorton and Denton,  @ZackPolanski  told Novara Media's  @AaronBastani  that there are no longer any “no go” areas for Greens, and suggested the two-party",6,Left-wing,novaramedia,2026-02-27T11:15:00.000Z
"The Corbyn faction’s decisive win in the Your Party elections signals a move towards a more traditional electoral vehicle, writes  @RivkahBrown .",6,Left-wing,novaramedia,2026-02-26T16:47:40.000Z
"The results mean Corbyn and Sultana’s factions will have to collaborate if the party is to continue, a fact made harder by months of bitter feuding.",6,Left-wing,novaramedia,2026-02-26T16:30:10.000Z
"Anti-genocide protesters have been systemically targeted by pro-Israel groups, rightwing media, police and more, data shows.  @JershCarroll  reports.",6,Left-wing,novaramedia,2026-02-26T15:30:03.000Z
Can't find a policy to criticise? Misrepresent one.,6,Left-wing,novaramedia,2026-02-26T15:02:23.000Z
Labour has been accused of deceiving voters ahead of Thursday’s Gorton and Denton byelection by using a ‘fictitious’ organisation to endorse its own candidate.   Leaflets dropped through letter boxes on the eve of the byelection recommended a vote for Labour’s Angeliki Stogia as,6,Left-wing,novaramedia,2026-02-26T13:30:07.000Z
"Jeremy Corbyn’s faction has won a majority on Your Party’s newly formed central executive committee (CEC), with party co-founder Zarah Sultana and several key allies also appointed to the group.  Corbyn’s slate, The Many, won 14 of the 24 seats in the leadership collective, while",6,Left-wing,novaramedia,2026-02-26T13:05:05.000Z
"""In response to a proposed motion denouncing Zionism.""",6,Left-wing,novaramedia,2026-02-26T12:30:06.000Z
"Matt Goodwin likes to say he won't ""obsess about Gaza"" if he's elected as Reform's new MP.   The Gorton and Denton candidate criticised the Green party for being ""obsessed with the Muslim vote"" — yet on GB News he defended Israel's genocide in Gaza on the grounds that ""British",6,Left-wing,novaramedia,2026-02-26T11:45:00.000Z
"""Punish the perpetrators.""",6,Left-wing,novaramedia,2026-02-26T11:30:06.000Z
"A Palestine Action-linked hunger striker who refused food for 49 days will stand as a candidate in May’s local council elections.  Amu Gib, who has been held on remand at HMS Bronzefield since July 2025, was chosen to represent the Islington Community Independents last month,",6,Left-wing,novaramedia,2026-02-24T18:00:17.000Z
"Is Reform an Israel-first party?  Its candidate for the Gorton and Denton byelection, Matt Goodwin, said on X on Tuesday that Reform would put the constituency’s residents first.  “Not Gaza. Not the Muslim vote,” he wrote.   He made similar comments on GB News last July, but was",6,Left-wing,novaramedia,2026-02-24T17:00:26.000Z
"A Green party motion that calls for Zionism to be treated as a form of racism has provoked ire from a senior Israeli official.   At the party’s spring conference next month, members will vote on a motion seeking to recognise Zionism as an ethnonationalist political ideology.  In",6,Left-wing,novaramedia,2026-02-24T16:15:05.000Z
"The government has opened an investigation into Labour MP Josh Simons, who instructed a PR firm to dig dirt on journalists scrutinising his pro-Labour thinktank.   Reread  @RivkahBrown 's profile on Simons from June last year",6,Left-wing,novaramedia,2026-02-24T15:00:14.000Z
"The name Palantir is inspired by The Lord of the Rings. By looking into a palantír, Sauron could see in any direction, at any distance.",6,Left-wing,novaramedia,2026-02-24T13:01:24.000Z
"A framed photograph of Andrew Mountbatten-Windsor, taken shortly after his arrest last week, was mounted in the Louvre by a group of British activists.  Campaign group Everyone Hates Elon put up the picture of the former prince slumped in the back of a car in the world-famous",6,Left-wing,novaramedia,2026-02-24T12:50:02.000Z
"Taxpayer-funded Met police officers assigned to protect Andrew Mountbatten-Windsor were told to guard the door at a dinner party the former prince attended with Jeffrey Epstein in New York in 2010, newly released emails show.  Epstein’s staff appear to have told two royal",6,Left-wing,novaramedia,2026-02-24T12:13:44.000Z
Everyone in the media has known about Peter Mandelson’s shadiness for years. Does this reveal a rotten journalistic system?,6,Left-wing,novaramedia,2026-02-23T12:00:44.000Z
"From fake claims about the Greens' stance on drugs to mocking their candidate's hair, rightwingers have made it clear how threatened they feel, writes  @StevenJMethven .",6,Left-wing,novaramedia,2026-02-23T10:48:40.000Z
"Police have arrested more than 2,700 people since July 2025, including pensioners, wheelchair users and the daughter of a holocaust survivor.",6,Left-wing,novaramedia,2026-02-23T10:00:27.000Z
"Big business gave Labour over £14m in 2024, compared to just £800,000 in 2019.",6,Left-wing,novaramedia,2026-02-23T08:00:27.000Z
"The most recent dump of Epstein files sheds light on the links between Palantir, Thiel, Epstein and the former British ambassador to the US Peter Mandelson. @harriepw  reports on everything you need to know about Palantir and why its government contracts are so controversial:",6,Left-wing,novaramedia,2026-02-23T07:00:39.000Z
"“Given that we recognise Palestine as a state, it’s important that both states – Israel and Palestine – participate"".",6,Left-wing,novaramedia,2026-02-22T19:00:27.000Z
Politics has been reduced to managing relationships with wealth.,6,Left-wing,novaramedia,2026-02-22T17:00:50.000Z
"""If you just left Texas to the immigrants... there'd be a lot less crime."" @AyoCaesar  in conversation with Eric Schlosser, author of Fast Food Nation.   Watch the full episode of Downstream on our YouTube channel.",6,Left-wing,novaramedia,2026-02-22T15:00:50.000Z
Survivors heard RSF fighters make “explicit threats to ‘clean’ the city.”,6,Left-wing,novaramedia,2026-02-22T13:00:35.000Z
"“No trucks or workers have been able to get inside, putting it out of commission.”",6,Left-wing,novaramedia,2026-02-20T19:00:45.000Z
"Filton 24 activists Qesser Zuhrah and Harland (Harley) Archer have been released on bail from HMP Bronzefield. All of the Filton 24 activists have now been acquitted of aggravated burglary, the most serious charge most faced, and 23 have been granted bail.   Zuhrah had been held",6,Left-wing,novaramedia,2026-02-20T17:24:52.000Z
Twelve of the Filton 24 are going home today.,6,Left-wing,novaramedia,2026-02-20T16:09:22.000Z
"The abuses detailed in millions of recently released files relating to paedophile Jeffrey Epstein could amount to crimes against humanity, a panel of independent experts appointed by the UN human rights council has warned.   The files contain evidence of some of the “gravest",6,Left-wing,novaramedia,2026-02-20T15:30:31.000Z
Arrestees may have grounds to sue the police.,6,Left-wing,novaramedia,2026-02-20T15:00:59.000Z
Google handed a British graduate student’s bank and credit card information over to US Immigration and Customs Enforcement (ICE) after he was targeted by the agency for attending a pro-Palestine protest for just five minutes.   The tech giant fulfilled a subpoena request from ICE,6,Left-wing,novaramedia,2026-02-20T14:30:06.000Z
"Reform don’t care about working class boys, not even the white ones.  The party fully supports the neoliberal, anti-worker agenda that has made life in Britain harder for everyone but the wealthy. So it’s trying to pretend the Equality Act is the problem.  On Novara Live,",6,Left-wing,novaramedia,2026-02-20T14:00:00.000Z
"The royal family wants to distance itself from the ex-prince, but if the allegations are true, the whole institution is complicit, argues  @AyoCaesar .",6,Left-wing,novaramedia,2026-02-20T13:30:04.000Z
Labour Together hired lobbyists who falsely claimed reporters had Russia links.,6,Left-wing,novaramedia,2026-02-19T17:01:46.000Z
The board's charter doesn't even mention Gaza.,6,Left-wing,novaramedia,2026-02-19T15:14:00.000Z
"How has the UK come to rely on a US company that facilitates ICE raids, AI kill lists and Israel's genocide in Gaza?  @harriepw  explains.",6,Left-wing,novaramedia,2026-02-19T14:30:06.000Z
"""Policy number one: putting 450,000 children into poverty.""  Reform has appointed a so-called ""shadow cabinet"". On Novara Live,  @AaronBastani  and  @MichaeljsWalker  reflect on how everybody in it went to private school — and what that means for a party that styles itself as",6,Left-wing,novaramedia,2026-02-19T14:03:20.000Z
Exclusive: Analysis seen by Novara Media reveals how corporations captured politics in the build up to the last election.  @SimonChilds13  reports.,6,Left-wing,novaramedia,2026-02-19T13:30:06.000Z
"Atrocities committed by paramilitaries in Sudan bear the “hallmarks of genocide”, an investigation has found.   The Rapid Support Forces (RSF) launched “a final offensive on the besieged city” of El Fasher, in the county’s western Darfur region, on the night of 24 October 2025, a",6,Left-wing,novaramedia,2026-02-19T13:06:06.000Z
"Rachel Reeves, a self-proclaimed Zionist, has been heckled at Sainsbury's for being a ""genocide supporter.""  In December, Reeves made a speech at a lunch with Labour Friends of Israel, saying that protests against the genocide in Gaza were ""driven by hate and prejudice and by",6,Left-wing,novaramedia,2026-02-19T11:45:06.000Z
"Disgraced royal Andrew Mountbatten Windsor was arrested this morning on suspicion of misconduct in public office, according to the BBC.  The broadcaster said it had seen photos of cars arriving at the Sandringham Estate in Norfolk, where Andrew has been living in a temporary",6,Left-wing,novaramedia,2026-02-19T10:33:58.000Z
"Mexican president Claudia Sheinbaum has declined an invitation from Donald Trump to join his so-called Board of Peace, citing the glaring omission of any Palestinian representative.  The board was originally designed to oversee the ceasefire in Palestine – but its official",6,Left-wing,novaramedia,2026-02-18T15:00:21.000Z
"Israeli settlers attacked the West Bank home of the Palestinian filmmaker behind Oscar-winning documentary No Other Land on 16 February.   Soldiers arrested several of Hamdan Ballal’s family members after the attack in Susya, which left his brother so badly injured that he was",6,Left-wing,novaramedia,2026-02-18T13:30:07.000Z
"""When the time comes that the ban is lifted, we'll be stronger than ever before.""  In an interview with Novara Live, Palestine Action co-founder  @HudaAmmori  said the group was so effective that proscription was the ""last tool"" the government had left to shut down their direct",6,Left-wing,novaramedia,2026-02-18T13:00:01.000Z
It installed more solar capacity in one year than the US has ever built.,6,Left-wing,novaramedia,2026-02-18T11:45:02.000Z
"Caroline Lucas didn't hold back when facing off against Reform's Zia Yusuf on Newsnight.   The former Green party leader called Reform's position on the Equalities Act ""utterly incoherent"" and accused Yusuf – who on Tuesday was appointed by Nigel Farage as his would-be home",6,Left-wing,novaramedia,2026-02-18T11:15:00.000Z
"""You are Jew hunting!""  Peaceful protesters knocking on doors to promote a boycott of Israeli goods were questioned and filmed by people who accused them of antisemitism.  On Novara Live,  @AaronBastani  and  @Kieran_Andrieu  discuss the psychology of guilt that leads genocide",6,Left-wing,novaramedia,2026-02-18T10:51:56.000Z
"For years, no journalist could tweet about Peter Mandelson without dozens of people replying with images of him with Jeffrey Epstein. But the people who pointed out the Epstein link were dismissed as weirdos with a fixation on the distant past.  Now, top media figures are trying",6,Left-wing,novaramedia,2026-02-18T07:00:16.000Z
A jury has acquitted six medics who smashed windows at JP Morgan’s European headquarters in London to protest its role in funding the fossil fuel industry.  The jury returned a unanimous not guilty verdict at Snaresbrook Crown Court after deliberating for just under four hours.,6,Left-wing,novaramedia,2026-02-16T17:45:25.000Z
He's suing for unfair dismissal.,6,Left-wing,novaramedia,2026-02-16T17:01:33.000Z
"The 3,500C munitions leave only blood sprays and ""small fragments of flesh"".",6,Left-wing,novaramedia,2026-02-16T15:01:10.000Z
A think tank that helped get Keir Starmer into power paid for a smear campaign against journalists who were investigating how it was funded.   Labour Together gave the US lobby group Apco £36k to look into the “backgrounds and motivations” of two Sunday Times journalists who,6,Left-wing,novaramedia,2026-02-16T13:23:29.000Z
"""We want to keep civilians safe.""",6,Left-wing,novaramedia,2026-02-16T13:00:48.000Z
"The former home secretary is trying to blame everyone else for her decision to ban Palestine Action. We don't buy it, writes  @StevenJMethven .",6,Left-wing,novaramedia,2026-02-16T12:25:56.000Z
"Former British prime minister Liz Truss has posted a photo of herself with US president Donald Trump at his Mar-a-Lago resort in Florida.  “Right about everything,” she wrote on the post on X on Sunday, tagging the president.  Truss, who was prime minister for just 49 days in",6,Left-wing,novaramedia,2026-02-16T10:29:49.000Z
Jimmy Lai’s son called the jail term “basically a death sentence” while his daughter said “he will die a martyr behind bars”.,6,Left-wing,novaramedia,2026-02-16T10:00:32.000Z
"It might look like Keir Starmer's Labour is terrible at being in power, but they're actually highly effective at doing what they are really there for: serving corporate interests.  Green party leader  @ZackPolanski  told Novara Media's  @AaronBastani  that Labour’s decisions only",6,Left-wing,novaramedia,2026-02-14T13:00:47.000Z
"For many, the message confirms that Labour is using largely empty gestures to placate anger over its role in supplying arms and support to Israel.",6,Left-wing,novaramedia,2026-02-14T12:00:31.000Z
“This persistent decline is not a temporary blip – it risks becoming a defining feature of our political culture.”,6,Left-wing,novaramedia,2026-02-14T10:00:10.000Z
A group of humanitarians and activists inspired by last year’s Gaza aid flotilla have announced they will sail to Cuba next month in defiance of a US blockade on the island nation.  Several organisers of the Nuestra América Flotilla were involved in the attempt to deliver aid to,6,Left-wing,novaramedia,2026-02-13T17:36:46.000Z
Tonight on Novara Live:  @HudaAmmori !  The co-founder of Palestine Action joins us to talk about today's historic ruling. Watch from 6pm on YouTube:  novara.media/4tzhLrN,6,Left-wing,novaramedia,2026-02-13T16:55:37.000Z
"Are the police about to be hit with waves of lawsuits?  The proscription of Palestine Action has been ruled unlawful by the high court. And while the implications of the verdict are not yet clear, Novara Media understands that protesters who resisted the group’s ban are already",6,Left-wing,novaramedia,2026-02-13T16:00:09.000Z
"The group’s proscription as a terror group was unlawful and ""disproportionate"", judges have ruled.  But the fight isn’t over yet.  @harriepw  reports.",6,Left-wing,novaramedia,2026-02-13T15:19:16.000Z
"""Most importantly, this is a vindication for the Palestinian people themselves.”  Palestinian-British filmmaker Saeed Taji Faoruky speaks outside the Royal Court of Justice after the government’s ban on Palestine Action is ruled unlawful. @SaeedTaji",6,Left-wing,novaramedia,2026-02-13T15:07:07.000Z
Jewish activists crashed a Reform UK event on Tuesday and told Nigel Farage he would have deported their ancestors in the 1930s and that he had “incited attacks” on refugees and minority groups.    Farage was speaking at London’s Central Synagogue for the launch of the Reform,6,Left-wing,novaramedia,2026-02-12T09:45:31.000Z
"More than 2,000 British nationals have served in the Israel Defense Forces (IDF) amid its genocide in Gaza, new figures revealed by Declassified UK show.   The numbers, obtained by a freedom of information request to the IDF, include 1,686 British Israelis and a further 383",6,Left-wing,novaramedia,2026-02-12T08:46:11.000Z
"For countries across Africa, Asia and Latin America, the postwar rules-based order justified violence so civilisation could be enshrined elsewhere.   Read the full opinion piece by  @KojoKoram :  novara.media/4rQq8xP",6,Left-wing,novaramedia,2026-02-12T07:00:31.000Z
"Israel’s prison authorities have begun preparations for executing Palestinians under a proposed law condemned by Amnesty International and UN experts.   The preparations include the construction of a “green mile” facility to carry out the hangings, with groups of three volunteer",6,Left-wing,novaramedia,2026-02-11T17:17:03.000Z
"Military intervention, lopsided trade rules, lawless state agents – for many people in the global south, it’s nothing new, writes  @KojoKoram .",6,Left-wing,novaramedia,2026-02-11T16:15:51.000Z
"Want to ask Ash a question? Ask her yourself!  On Monday 16th of February,  @AyoCaesar  and  @AaronBastani  are hosting an evening of live political conversations at EartH Hackney asking the question: why is the right winning pretty much everywhere?   They’ll be joined by",6,Left-wing,novaramedia,2026-02-11T14:03:19.000Z
"A biographer for Andrew Mountbatten-Windsor has claimed Jeffrey Epstein once had a threesome with Ghislaine Maxwell and a former British prime minister.  On Novara Live,  @AaronBastani  dissects Andrew Lownie's claims. He also examines Epstein's connections to Boris Johnson and",6,Left-wing,novaramedia,2026-02-11T12:30:01.000Z
"""Shame on the BBC and any paper or network which interviews Peter Mandelson and don't ask about Jeffrey Epstein.""  That was posted by Novara Media's  @AaronBastani  – in 2022. On Novara Live,  @MichaeljsWalker  discusses the ""moral decay"" that has finally been exposed for all to see,",6,Left-wing,novaramedia,2026-02-10T13:00:35.000Z
"Those shocked at the Noam Chomsky's friendship with Epstein should recall his university department’s ties to the Pentagon, writes Chris Knight.",6,Left-wing,novaramedia,2026-02-10T12:00:05.000Z
"Mandelson isn’t an aberration of our political system. He’s its most perfect expression, writes  @SchneiderHome .",6,Left-wing,novaramedia,2026-02-10T11:44:03.000Z
"""I can't see him lasting beyond May's elections.""  In an interview with Channel 4's Krishnan Guru-Murthy, Labour MP Diane Abbott said Monday's ringing endorsements of Keir Starmer from key members of cabinet were ""staged"", and that ""catastrophic"" results in May's elections will",6,Left-wing,novaramedia,2026-02-10T10:44:53.000Z
Don’t mention the Hannibal directive.,6,Left-wing,novaramedia,2026-02-10T10:00:37.000Z
"Jeffrey Epstein was employed by Israel’s secret service Mossad, according to claims in the latest tranche of documents related to the late sex offender released by the US Department of Justice.  The latest files include an FBI report from the Los Angeles field office in 2020",6,Left-wing,novaramedia,2026-02-10T08:10:02.000Z
"""If Labourism is dead in Wales – as seems likely – then the union is in significant trouble.""",6,Left-wing,novaramedia,2026-02-10T07:00:27.000Z
"""Melania, however, makes Michael Owen’s 2007 promotional video for the Dubai Tourist Board look like Around the World with Orson Welles.""",6,Left-wing,novaramedia,2026-02-09T21:00:49.000Z
Socialist António José Seguro triumphed over his far-right rival in Portugal’s presidential election on Sunday.   Seguro won 66.8% of the vote compared to André Ventura of the far-right Chega party with 33.2%.  Seguro will replace outgoing president Marcelo Rebelo de Sousa after,6,Left-wing,novaramedia,2026-02-09T18:30:16.000Z
"A Hong Kong court jailed media mogul and pro-democracy activist Jimmy Lai for 20 years on Monday after he was found guilty of national security offences last December,   Lai, a 78-year-old British citizen who has been an outspoken critic of Beijing and the Chinese Communist",6,Left-wing,novaramedia,2026-02-09T11:59:02.000Z
"The resignation of Morgan McSweeney, the prime minister’s right-hand man, is less an honourable move to save Starmer’s legacy and more like a rat leaving a sinking ship, writes Steven Methven in today's Cortado newsletter.  Read the full piece:  novara.media/3ZZdlgm",6,Left-wing,novaramedia,2026-02-09T11:21:17.000Z
"Bad Bunny made history with the first Super Bowl halftime show performed entirely in Spanish on Sunday night.  The Puerto Rican artist delivered just one line in English – “God bless America” – and listed the nations of Central, South and North America as a billboard showed the",6,Left-wing,novaramedia,2026-02-09T10:30:16.000Z
"""Nobody can live on the wages Tate pays.""",6,Left-wing,novaramedia,2026-02-09T10:00:41.000Z
"One woman told Novara Media she “actively protested"" the use of Oxevision as part of her care, but was told she had “no choice”.",6,Left-wing,novaramedia,2026-02-09T07:00:24.000Z
"""They are able to take their wealth, feed it into this underground financial system, move it around a lot, and then make it look legitimate so they can spend it in the formal economy without anyone realising that it's criminal wealth.""  On Downstream this week,  @AaronBastani",6,Left-wing,novaramedia,2026-02-08T20:00:29.000Z
"Trump, Netanyahu and Putin: plunging the world into barbarism, oligarchy and authoritarianism.",6,Left-wing,BernieSanders,2026-03-23T16:51:39.000Z
"72,000 killed in the genocide in Gaza. 1 million+ displaced in Lebanon. 1,700 settler attacks in the West Bank. And now war in Iran.  Sending 20,000+ more bombs to Netanyahu isn’t just immoral—it’s illegal.  That’s why I introduced legislation to stop it.",6,Left-wing,BernieSanders,2026-03-21T18:32:43.000Z
Trump’s authoritarianism. War in Iran. A corrupt campaign system owned by billionaires. Attacks on voting rights. And an AI revolution with no guardrails.  We are living in dangerous times.  Here's how we go forward.,6,Left-wing,BernieSanders,2026-03-20T16:10:44.000Z
"Jeff Bezos, worth $234 billion, plans to replace 600,000 Amazon workers with robots.  Now, he wants to spend $100 billion to fully automate not just his warehouses, but factories in the U.S & other countries.  Oligarchs are waging all out war against workers. FIGHT BACK.",6,Left-wing,BernieSanders,2026-03-19T20:03:14.000Z
"One family, the right-wing Trump-aligned Ellisons, will soon control:  TikTok CBS CNN HBO Discovery Channel BET Cartoon Network Comedy Central DC Studios Fandango Miramax MTV Nickelodeon Paramount PlutoTV Showtime TBS The CW TNT Warner Bros. And more  This is oligarchy.",6,Left-wing,BernieSanders,2026-03-11T14:48:15.000Z
"AIPAC, crypto and AI are pouring money into Illinois to try to buy congressional seats.  We cannot allow billionaire-funded super PACs to decide our elections.  Join me to get out the vote for  @robertjpeters ,  @junaidforUS  and  @Citizens4Karina .",6,Left-wing,BernieSanders,2026-03-10T23:04:51.000Z
A new poll shows voters overwhelmingly support California’s proposal to tax billionaire wealth to fund health care — by nearly a 2-to-1 margin.  The American people are sick and tired of massive income and wealth inequality.  Billionaires need to start paying their fair share.,6,Left-wing,BernieSanders,2026-03-10T15:51:48.000Z
"TONIGHT, at 7 p.m. ET/6 p.m. CT, I will be hosting a livestream to get out the vote in next week's Illinois elections.  I'll be joined by  @DeliaCRamirez ,  @Citizens4Karina ,  @JunaidForUs  and  @RobertJPeters .  I hope you'll join.",6,Left-wing,BernieSanders,2026-03-10T14:35:32.000Z
"The U.S. government must represent our interests, not Netanyahu’s.",6,Left-wing,BernieSanders,2026-03-10T01:10:50.000Z
"Not content to control the economy and own much of the media, the billionaire class is now buying elections and undermining American democracy.    Yes. We need a wealth tax on billionaires.   Yes. We need to overturn Citizens United.",6,Left-wing,BernieSanders,2026-03-09T15:26:45.000Z
"Are we entering another period of global barbarism?  Putin’s invasion of Ukraine - 500,000 dead.  Netanyahu’s war against the people of Gaza - 72,000 dead.  Trump’s war in Iran - thousands dead already.",6,Left-wing,BernieSanders,2026-03-08T21:10:12.000Z
"Amid unprecedented income & wealth inequality, oligarchs increasingly control our economy & media.  They’re undermining democracy with massive campaign contributions.  Our job: keep building a grassroots movement to create a government that works for all, not the few.",6,Left-wing,BernieSanders,2026-03-08T16:29:39.000Z
"We’re told there’s not enough money for health care, affordable housing or education.  But somehow there are billions for an illegal & unconstitutional war with Iran.  We need a government that works for all of us — not the military-industrial complex, not Israel, not super PACs.",6,Left-wing,BernieSanders,2026-03-07T19:38:56.000Z
Organized people will always beat organized money.,6,Left-wing,BernieSanders,2026-03-06T15:52:44.000Z
"Sam Forstag will fight in Congress to make sure that every Montanan has affordable housing, health care and childcare, and that our government stands up for working people instead of the rich and powerful.   Montanans deserve someone like  @SamForstag  in Washington.",6,Left-wing,BernieSanders,2026-02-27T16:46:15.000Z
The 2026 elections may not come down to Democrats vs. Republicans.   It may be about whether we remain a democracy or move to an authoritarian society.  We cannot allow Trump and his friends to stop a free and fair election.  Fight back.,6,Left-wing,BernieSanders,2026-02-26T23:32:32.000Z
Junaid Ahmed will stand up to the billionaire class in this country and fight for working people.  I'm proud to support  @JunaidForUs  for Congress in Illinois' 8th District.,6,Left-wing,BernieSanders,2026-02-26T18:27:34.000Z
"At Trump’s State of the Union, do you think he’ll mention the fact that, while 60% of Americans live paycheck to paycheck, his billionaire friends saw a $1.5 trillion increase in their wealth in his first year in office?",6,Left-wing,BernieSanders,2026-02-24T23:17:23.000Z
Corporate super PACs are trying to buy the 2026 elections.  AIPAC: $96 million AI: $150 million Crypto: $193 million  This is not democracy. It’s oligarchy. We must end Citizens United and establish public financing of elections.,6,Left-wing,BernieSanders,2026-02-24T20:45:41.000Z
I can tell the oligarchs:   The American people are sick and tired of your greed. And they are sick and tired of billionaires paying a lower effective tax rate than the average American worker.  Billionaire tax now.,6,Left-wing,BernieSanders,2026-02-24T01:00:39.000Z
"Now more than ever, we need Members of Congress who will say:  ""No, I won’t take your dark money. No, I won’t take your AI money. No, I won’t take your AIPAC money.  Because I answer to the people, not the oligarchs."" @JunaidForUs  is that type of leader.",6,Left-wing,BernieSanders,2026-02-23T17:46:16.000Z
AI and robotics are the most transformative technologies in human history.  The American people must determine how AI impacts their lives.  We can’t let those enormously important decisions rest in the hands of a handful of billionaires.,6,Left-wing,BernieSanders,2026-02-23T01:00:41.000Z
"Never before have so few Oligarchs held so much power over our economy, political life and media. Now they’re investing trillions in AI and robotics which could devastate the working class.  I’ll be in California this week discussing these issues. Please join me at our events.",6,Left-wing,BernieSanders,2026-02-16T00:33:35.000Z
"While U.S. billionaires became $1.5 trillion richer last year, the average worker in America has just $955 in retirement savings & 21% of seniors are trying to survive on less than $15,000 a year.  That’s why I’ll be in LA this week fighting for a wealth tax on billionaires.",6,Left-wing,BernieSanders,2026-02-15T17:38:10.000Z
"Thank you Durham, NC for a great turnout at our Fighting Oligarchy event.  We need candidates who are going to take on the oligarchs and fight for a government that works for working families, not just the 1%.  That's the kind of Member of Congress  @NidaAllam  will be.",6,Left-wing,BernieSanders,2026-02-14T01:00:33.000Z
"LIVE: I’m in Durham, NC today for a Fighting Oligarchy rally with special guest  @NidaAllam .    Never before have so few people had so much wealth and so much power over our economy, media & politics. Together, we must defeat Oligarchy and Authoritarianism.",6,Left-wing,BernieSanders,2026-02-13T19:02:10.000Z
Jeff Bezos is spending $200 billion on AI and robotics.  Jeff Bezos is replacing hundreds of thousands of his workers at Amazon with robots.  Jeff Bezos owns the Washington Post.  What a surprise. The Washington Post doesn’t want a moratorium on AI data centers.,6,Left-wing,BernieSanders,2026-02-12T15:31:05.000Z
"Trump said, “We have the greatest economy ever in history.”  Really? What world is he living in?  60% live paycheck to paycheck. 85M are uninsured or underinsured. 800,000 are homeless. AI could replace 100M jobs.  Just because the 1% is doing well doesn’t mean everyone else is.",6,Left-wing,BernieSanders,2026-02-11T17:46:06.000Z
"Outspent four to one and starting at just 5% in the polls, Analilia Mejía won by taking on Trump’s authoritarianism and ICE, and fighting for an economy that works for the working class of this country—not billionaires.  Make no mistake: This can be done everywhere.",6,Left-wing,BernieSanders,2026-02-11T13:16:02.000Z
"Amazon says that it’s going to replace 600,000 workers with robots. Other companies are moving in the same direction.  How will working families feed their kids and pay their bills? We’ve got to fight back.",6,Left-wing,BernieSanders,2026-02-10T20:13:35.000Z
"Starting with almost no name recognition, Analilia Mejía took on the oligarchs, the Republican establishment and Democratic establishment—and WON.  The American people want leaders who stand up to the billionaire class and fight for working families.   Congratulations, Analilia.",6,Left-wing,BernieSanders,2026-02-10T16:56:47.000Z
Let’s have a little sympathy for the struggling billionaire class.,6,Left-wing,BernieSanders,2026-02-09T20:09:00.000Z
"This is what a corrupt campaign finance system is about.  While working families struggle, special interests like AIPAC and crypto spend hundreds of millions to buy politicians.  That’s why we must end Citizens United and move to public financing of elections.",6,Left-wing,BernieSanders,2026-02-03T17:47:20.000Z
"Trump is pushing through nearly $7 billion in weaponry to Israel.   The United States should not continue spending taxpayer dollars to arm Netanyahu's genocidal government.   We need health care for all Americans, not weapons for a war criminal.",6,Left-wing,BernieSanders,2026-02-02T22:13:06.000Z
What should alarm us about the Epstein files isn’t just the appalling details.  It is the degree to which enormously wealthy and powerful people live by their own rules — and continue to get away with it.  It’s a club where the rules and the law don't apply. And you’re not in it.,6,Left-wing,BernieSanders,2026-02-02T17:05:32.000Z
"Last night, my amendment to repeal ICE’s $75 billion funding increase and reverse cuts to Medicaid won the support of every Senate Democrat — and two Republicans.  That didn’t happen by accident. It happens when people organize and demand change. The struggle continues.",6,Left-wing,BernieSanders,2026-01-31T19:58:11.000Z
"ICE is occupying communities and shooting Americans.   Now, former CNN anchor Don Lemon has been arrested for covering what ICE is doing.  Arresting journalists is what happens in tin-pot dictatorships.  We must fight back against authoritarianism.",6,Left-wing,BernieSanders,2026-01-30T17:23:52.000Z
"It’s not just that billionaires own the economy, the media and our corrupt political system. They want it all.  They may have unlimited amounts of money, but we have something far more powerful: We have the people.  And when we stand together, we will not be defeated.",6,Left-wing,BernieSanders,2026-01-30T00:07:54.000Z
The people of Minnesota and Maine have shown more courage than the major corporate and academic institutions who have bent the knee to Trump’s lawlessness and intimidation.  Your actions are inspiring the world.  The power is with the people and always will be.,6,Left-wing,BernieSanders,2026-01-29T22:50:20.000Z
Congratulations to California Teamsters for supporting the state wealth tax referendum. It is unacceptable that a handful of billionaires are doing phenomenally well while working people struggle.  That is why I will be introducing legislation to create a national wealth tax.,6,Left-wing,BernieSanders,2026-01-28T20:57:38.000Z
"Trump’s “Big Beautiful Bill” more than TRIPLED ICE funding.  We should be investing in education, affordable housing and health care — not in a domestic military force which is terrorizing the American people.",6,Left-wing,BernieSanders,2026-01-28T19:01:50.000Z
"Rep. Ilhan Omar showed incredible courage by continuing her town hall after being attacked last night.  It is shameful that, instead of condemning the attack, Trump escalated his rhetoric and targeted her once again.  No more hatred and racism. This country belongs to ALL of us.",6,Left-wing,BernieSanders,2026-01-28T16:10:07.000Z
University Hospitals in Ohio illegally fired two pediatricians because they advocated for better working conditions and care for their patients.    University Hospitals: Reinstate these doctors NOW.,6,Left-wing,BernieSanders,2026-01-27T22:06:39.000Z
"All over the country, people who are law-abiding community members are being swept up in Trump's lawless deportation machine.   ICE is not only out of control in MN, they are out of control everywhere they go.   This must end.  Adonay must be returned to his daughter and family.",6,Left-wing,BernieSanders,2026-01-27T17:32:16.000Z
NewYork-Presbyterian Hospital CEO pay: $26.3 million Montefiore CEO pay: $16.7 million Mount Sinai CEO pay: $5.4 million  Let’s be clear: These hospitals are not going broke. They can afford to provide their nurses with benefits and safe patient ratios.,6,Left-wing,BernieSanders,2026-01-21T17:31:00.000Z
"Dr. King once told us that “our lives begin to end the day we become silent about things that matter.” This is not a moment for silence.   Together, let’s stand together, let’s organize and support progressive leaders like Analilia Mejia for New Jersey.",6,Left-wing,BernieSanders,2026-01-20T17:20:06.000Z
Proud to stand with Mayor Mamdani and the nurses of New York City to demand decent patient ratios and an end to the greed of the hospital CEO’s.,6,Left-wing,BernieSanders,2026-01-20T15:23:19.000Z
"Thank you, New Jersey for the great crowd—including the more than 500 people who stood in the overflow crowd in the freezing cold.  Together, let’s continue the legacy of Dr. Martin Luther King Jr. and support fighters for the working class like  @Analilia_Mejia .",6,Left-wing,BernieSanders,2026-01-20T01:55:01.000Z
Are we really living in a democracy when the richest man on earth can spend as much as he wants to elect his candidates?    The most important thing our nation can do is end Citizens United and move to public funding of elections.  Billionaires can’t be allowed to buy elections.,6,Left-wing,BernieSanders,2026-01-19T18:25:16.000Z
"“If our economic system is to survive, there has to be a better distribution of wealth ... we can't have a system where some people live in superfluous, inordinate wealth, while others live in abject deadening poverty.” — Martin Luther King Jr.",6,Left-wing,BernieSanders,2026-01-19T17:29:05.000Z
"If Trump seizes Greenland from Denmark, does that mean that all Americans will be entitled to:  Free healthcare with no deductibles?  A free college education?  52 weeks of paid parental leave?  5 weeks of paid vacation?  Because that’s what everyone in Denmark and Greenland has.",6,Left-wing,BernieSanders,2026-01-18T19:07:03.000Z
Trump is raising tariffs on 8 NATO allies because they rightly support Denmark's sovereignty in Greenland.  Destroying our closest alliances to take Greenland — which Denmark lets us use freely already — is insane.  Congress must say NO.,6,Left-wing,BernieSanders,2026-01-17T19:05:00.000Z
"Last year, after Trump deregulated Wall Street, 6 huge banks made $157 billion in profits ripping off working families who pay up to 30% interest rates on credit cards.  Now, we must end usury in America & pass my bill which caps credit card interest rates at 10% for 5 years.",6,Left-wing,BernieSanders,2026-01-16T19:38:15.000Z
What happened in Minneapolis was not an accident.,6,Left-wing,BernieSanders,2026-01-16T13:40:00.000Z
"20 million Americans are seeing their premiums double, sometimes TRIPLE because of Donald Trump and the Republican Party’s refusal to extend ACA subsidies.  Our already broken health care system is now on the verge of collapse.  We need Medicare for All NOW.",6,Left-wing,BernieSanders,2026-01-14T17:52:41.000Z
"Brad Lander is a relentless fighter for working people. Throughout his career,  @bradlander  has won major victories for fast food workers, delivery workers and tenants.  In Congress, he will deliver for the people of New York and all working-class Americans. Proud to support him.",6,Left-wing,BernieSanders,2026-01-08T15:24:41.000Z
"Zohran defeated the Democratic establishment, the Republican establishment, the President and billionaire oligarchs in the biggest political upset in modern American history.  If New York can deliver real change for working people, the rest of the country will ask: Why not here?",6,Left-wing,BernieSanders,2026-01-06T19:47:16.000Z
Yes. We have the strongest military in the world. We can dominate other countries and steal their resources. But is that the kind of imperialist country that the American people want us to be? I don’t think so.,6,Left-wing,BernieSanders,2026-01-06T16:17:42.000Z
I have some good news and some bad news.,6,Left-wing,BernieSanders,2026-01-06T01:37:41.000Z
"Sam is a smokejumper who jumps out of planes to fight fires, a union leader who has fought against Elon Musk’s attacks on public servants and an advocate fighting for public services and civil liberties in Montana.  I'm proud to endorse  @SamForstag  for Congress.",6,Left-wing,BernieSanders,2026-01-05T18:14:02.000Z
"President Trump does not have the constitutional authority to attack another country.  When 60% of Americans are living paycheck to paycheck, he should focus on the crises at home, end his illegal military adventurism and stop trying to “run” Venezuela for Big Oil.",6,Left-wing,BernieSanders,2026-01-03T23:04:43.000Z
". @ZohranKMamdani ’s agenda for NYC:  Affordable housing, free childcare, free bus service & publicly funded grocery stores is NOT radical.  What IS radical is that at a time of unprecedented income & wealth inequality, the billionaire class refuses to pay its fair share of taxes.",6,Left-wing,BernieSanders,2026-01-02T19:41:34.000Z
This is what happens when a Trump ally — one of the wealthiest people in the world — buys CBS.  Sharyn Alfonsi is right: the media cannot be a stenographer for the state.  Democracy requires a free press that holds power accountable — not billionaires who silence it.,6,Left-wing,BernieSanders,2025-12-22T16:59:41.000Z
"In the midst of a broken health care system, primary health care is collapsing.  All Americans, when they’re sick, should be able to see a doctor.    We must increase funding NOW for the community health centers who serve 32 million low income and working class Americans.",6,Left-wing,BernieSanders,2025-12-21T17:10:19.000Z
Big Tech Oligarchs will spend hundreds of millions to defeat candidates who express concerns about AI and robotics.  This is why we need to overturn Citizens United and move to public funding of elections.  Billionaires cannot be allowed to buy elections.,6,Left-wing,BernieSanders,2025-12-19T21:44:53.000Z
"In the next two years, AI data centers will not only cause electric bills to soar, but are expected to generate the same emissions as driving over 300 billion miles — or 1,600 round trips to the sun from Earth.  We need a moratorium on the construction of new AI data centers.",6,Left-wing,BernieSanders,2025-12-17T15:33:07.000Z
"After the tragic 2015 Chapel Hill murders,  @NidaAllam  turned unimaginable loss into a commitment to justice.   Nida Allam answers to working families—not billionaires, not corporate power, and not Super PACs.   I'm proud to endorse her for Congress.",6,Left-wing,BernieSanders,2025-12-16T21:04:45.000Z
"Ahmed al Ahmed, a Muslim father of two, risked his life to disarm a murderer who was shooting down Jews celebrating Hanukkah in Sydney.  Religion must not divide our common humanity.  We must stand together and end antisemitism, Islamophobia and all hate — no exceptions.",6,Left-wing,BernieSanders,2025-12-15T18:43:43.000Z
"Randy Villegas is an educator and small business owner from a working-class family who knows the struggles millions face.  I’m proud to endorse  @Villegas_CA22  because he’s rejecting corporate PAC money and will be a bold, independent champion for working people in Congress.",6,Left-wing,BernieSanders,2025-12-09T15:44:43.000Z
"Trump says he wants to stop subsidizing the ""money sucking Insurance Companies.""   Really?   Well, Mr. President. That’s good rhetoric.  Now DO something.   End the greed of the ""BIG, BAD Insurance Companies"" TODAY.   Endorse Medicare for All.",6,Left-wing,BernieSanders,2025-12-08T23:52:44.000Z
"The greatest challenge now facing humanity is whether AI and robotics are designed to improve human life, or whether these technologies will undermine democracy and privacy and make the wealthiest people on earth even richer and more powerful.",6,Left-wing,BernieSanders,2025-12-07T19:11:27.000Z
Elon Musk’s ten-year $1 trillion pay package is worth more than the combined pay of:   Every elementary school teacher in America. Every cashier in America. Every restaurant cook in America. Every farmworker in America. Every bartender in America.  Insanity. Billionaire tax now.,6,Left-wing,BernieSanders,2025-12-06T20:23:25.000Z
. @peggyflanagan  has got the guts to stand up for working people against billionaires and corporate interests. Peggy knows what it is to struggle. She was raised by a hard-working single mother and she’s dedicated her career to fighting for working families.,6,Left-wing,BernieSanders,2025-12-05T21:05:20.000Z
"Pope Leo is right: ""How can we ensure that the development of artificial intelligence truly serves the common good, and is not just used to accumulate wealth and power in the hands of a few?”   We must demand that the benefits of this technology work for all, not just the rich.",6,Left-wing,BernieSanders,2025-12-05T18:41:01.000Z
Working people in Pennsylvania need a voice like  @VoteBobBrooks  in Congress. I am proud to endorse him.,6,Left-wing,BernieSanders,2025-12-05T16:12:26.000Z
"We need fighters in Congress who will take on powerful special interests, pass Medicare for All and demand that the billionaire class start paying their fair share of taxes. @NateforUtah  is that fighter. He will always stand with working Americans. I’m proud to endorse him.",6,Left-wing,BernieSanders,2025-12-01T22:01:49.000Z
I will be joining Dr.  @AbdulElSayed  for a virtual town hall at 7pm ET TOMORROW to discuss our health care crisis.  We'll take questions about Republican efforts to gut Medicaid & the ACA and how we can provide health care for all as a human right.  Have a question? Drop it below.,6,Left-wing,BernieSanders,2025-12-01T21:04:15.000Z
"Number of people who go bankrupt a year due to medical debt:  Germany: 0 France: 0 UK: 0 Japan: 0 Norway: 0 Denmark: 0 Finland: 0 Sweden: 0 Italy: 0 Australia: 0 Canada: 0 Spain: 0 Portugal: 0 Iceland: 0 Netherlands: 0  United States: 530,000  Yes. We need Medicare for All — NOW.",6,Left-wing,BernieSanders,2025-11-30T22:02:47.000Z
"Interesting WP article. When you add up the cost of housing, health care, childcare, food, transportation & taxes the average American family is struggling to survive. The billionaires get richer. Working families can’t afford the basic necessities. Something is very wrong here.",6,Left-wing,BernieSanders,2025-11-29T19:50:52.000Z
"On Black Friday, Amazon workers worldwide are on strike.  They want to know why Jeff Bezos, the 5th wealthiest person on earth at $251 billion, can’t provide them with decent wages or working conditions.  It’s time for international solidarity. Let’s stand with striking workers.",6,Left-wing,BernieSanders,2025-11-28T21:55:08.000Z
"Starbucks paid its new CEO $96 million for just four months of work.  In four years, it has failed to sign a contract with nearly 12,000 of its union workers.  This is what corporate greed is all about.    I stand with Starbucks workers.",6,Left-wing,BernieSanders,2025-11-28T17:36:27.000Z
"As oligarchs and corporate interests continue to capture our government, we need true progressives to take our country back for working people.   Analilia’s experience and deep dedication to working families make her the best choice for this seat. I’m proud to endorse her.",6,Left-wing,BernieSanders,2025-11-26T16:25:50.000Z
"What will it look like if premiums double for more than 20 million people?  Millions will lose their health care. People will die. As simple as that.  At a time when we already have a dysfunctional health care system, the terrible vote on the CR will make it much much worse.",6,Left-wing,BernieSanders,2025-11-13T17:43:39.000Z
"At a time of massive income & wealth inequality we need senators who stand with working families, not billionaires.  . @peggyflanagan  fought to raise the minimum wage & got it done.  She fought for paid family leave & got it done.  I'm proud to endorse Peggy Flanagan for Senate.",6,Left-wing,BernieSanders,2025-11-10T19:40:57.000Z
The Oligarchs Never Change:  Marie-Antoinette: Let Them Eat Cake  Donald Trump: Let Them Starve,6,Left-wing,BernieSanders,2025-11-09T18:11:47.000Z
"A major transformation of the economy is happening NOW.  Billionaires aren’t investing huge amounts of money in AI and robotics to make your life better. They’re investing to replace you.  Technology must work for ALL, not just the people who own it.",6,Left-wing,BernieSanders,2025-11-09T13:30:00.000Z
"Oh, Trump and the Republicans can’t stand how the big, bad insurance companies are ripping-off Americans. Really?  Are you serious?  Then I welcome your support for Medicare for All.  Let’s end the greed of the insurance industry & make healthcare a human right, not a privilege.",6,Left-wing,BernieSanders,2025-11-08T22:01:03.000Z
Trump gave the 1% a trillion in tax breaks. Now he’s working overtime to block SNAP benefits for 42 million Americans who rely on them.  Tax breaks for billionaires. Cuts for hungry kids.  We must stand up to Trumpism and build a government that works for all — not just the few.,6,Left-wing,BernieSanders,2025-11-08T19:28:15.000Z
Republicans lost badly this week.  Why?  Americans are disgusted with Trumpism.  They can't afford a doubling in their insurance premiums.  They don't want to throw 15 million people off their health care.  They don't think the top 1% deserves another $1 trillion in tax breaks.,6,Left-wing,BernieSanders,2025-11-08T16:24:16.000Z
"In America today, a handful of giant corporations control more of our food system than ever.  This means record profits for Big Ag—while family farmers are pushed off the land and consumers pay more at the store.  And Trump is making it even harder for family farms to survive.",6,Left-wing,BernieSanders,2025-11-02T16:16:01.000Z
Democrats must not cave in to Trump.,6,Left-wing,BernieSanders,2025-11-01T18:13:49.000Z
Read my new piece for The Guardian here:,6,Left-wing,BernieSanders,2025-11-01T18:14:59.000Z
Trump says: “I do NOT want Americans to go hungry.” Really?    Then why did he refuse to release the $5 billion in emergency SNAP funds that Congress appropriated?  The Trump administration must now get those funds out IMMEDIATELY.,6,Left-wing,BernieSanders,2025-11-01T16:23:40.000Z
Our immediate task is to protect working families by preventing healthcare premiums from doubling & 15 million from losing healthcare.  But that’s not enough.  Our long term goal must be to join every other major country & guarantee healthcare as a human right — Medicare for All.,6,Left-wing,BernieSanders,2025-10-31T20:00:01.000Z
Trump is illegally threatening war with Venezuela — after killing more than 50 people in unauthorized strikes at sea.  The Constitution is clear: Only Congress can declare war. Congress must defend the law and end Trump’s militarism.,6,Left-wing,BernieSanders,2025-10-31T17:29:01.000Z
"Starting Saturday, millions will see health costs skyrocket because of Trump’s “Big Beautiful Bill.”   Now, unbelievably, Trump is prepared to let children go hungry by illegally withholding SNAP benefits Congress approved.  Disgusting. Fight back. We can’t allow that to happen.",6,Left-wing,BernieSanders,2025-10-30T20:13:52.000Z
"Cuomo says that if Mamdani wins in New York City, the Democratic Party “dies.”  No, Mr. Cuomo.  The corporate wing of the Party may die, but a progressive Democratic Party that is prepared to take on oligarchs and fight for the needs of the working class will only get stronger.",6,Left-wing,BernieSanders,2025-10-30T17:49:04.000Z
"We asked people in New York: what is it like living paycheck to paycheck?  What does it mean when you struggle to pay your rent, afford health care or buy decent-quality food?  Here's what they had to say:",6,Left-wing,BernieSanders,2025-10-30T16:22:05.000Z
"New York City: TODAY is the first day to vote early in the mayoral election.  TOMORROW,  @ZohranKMamdani ,   @AOC  and I will hold a rally to get out the vote and say loudly and clearly: New York City — or anywhere else in this country — is not for sale.",6,Left-wing,BernieSanders,2025-10-25T19:50:54.000Z
"This year, Trump’s Big Beautiful Bill gave:  Google an $18 billion tax break.  Amazon a $16 billion tax break.  Microsoft a $12 billion tax break.  Facebook an $11 billion tax break.  Now, they’re writing checks to Trump for his $300 million ballroom.  Gee, I wonder why?",6,Left-wing,BernieSanders,2025-10-25T15:17:55.000Z
Trump’s America First policy:  $40 billion bailout for Argentina  $12 billion in weapons for Netanyahu  Threatening war with Venezuela  Awarding an Air Force Facility in Idaho to Qatar  $0 to lower your premiums  $0 to prevent 15 million Americans from losing healthcare,6,Left-wing,BernieSanders,2025-10-24T21:48:09.000Z
Life expectancy:  84.2 84.1 83.4 83.1 83.1 82.5 82 81.7 81.6 81.1 80.6 78.4  There is no reason why the richest country in the history of the world should have a lower life expectancy than every other major country on earth. Medicare for All now.,6,Left-wing,BernieSanders,2025-10-24T19:20:08.000Z
Trump's billionaire friend Larry Ellison bought CBS. Now he’s after CNN. Next up: TikTok.  All with Trump's backing.  This is how media works in authoritarian societies — a very dangerous trend.,6,Left-wing,BernieSanders,2025-10-23T20:38:00.000Z
Trump is demolishing the White House to build a $300 million ballroom paid for by his billionaire pals. But that’s not all.  He is demolishing the Constitution. Demolishing our health care system. Demolishing our democracy.,6,Left-wing,BernieSanders,2025-10-23T18:51:53.000Z
"For the billionaires who sat behind Trump when he was inaugurated, things are going pretty well.   Since Election Day:   -Elon Musk became $186 billion richer. -Mark Zuckerberg became $47 billion richer. -Jeff Bezos became $10 billion richer.   How are YOU doing?",6,Left-wing,BernieSanders,2025-10-23T00:12:06.000Z
"This is what kleptocracy looks like.   In 2025, Donald Trump has received:  $3 billion: mostly from crypto $940 million: law firms $400 million plane: Qatar $36 million: CBS $25 million: Meta $24 million: YouTube $16 million: ABC $10 million: X  Now $230 million from DOJ?",6,Left-wing,BernieSanders,2025-10-22T20:32:31.000Z
"Keith Ellison has never backed down from fighting for Minnesotans — whether it's taking on Big Pharma, predatory lenders, fossil fuel giants or corporate greed. He’s proven that the people’s attorney can win for working families. I'm proud to support his reelection campaign.",6,Left-wing,BernieSanders,2025-10-22T02:16:56.000Z
"My new book, Fight Oligarchy, is out today.   I hope you enjoy it.",6,Left-wing,BernieSanders,2025-10-21T21:25:25.000Z
Trump is posting AI videos of himself dropping feces on American cities.  Yes. This is the kind of contempt that Trump and his fellow oligarchs have for ordinary Americans.,6,Left-wing,BernieSanders,2025-10-20T18:07:48.000Z
What makes America great is not fear — it’s freedom.  The right to dissent and speak your mind.  To challenge those in power.  To vote how you choose.  We must stand up for the freedoms millions fought and died to defend — not let any president intimidate or silence us.,6,Left-wing,BernieSanders,2025-10-16T17:25:49.000Z
"Americans are now receiving notices from insurance companies. Premiums will double — even QUADRUPLE — if we don’t stop Trump's proposals.  In Vt. a family of 4 could be paying $50,000/yr for health insurance.  Insane. Nobody can afford it. THAT'S what the shutdown fight is about.",6,Left-wing,BernieSanders,2025-10-15T21:57:31.000Z
"If you're the Qatari royal family worth $335 billion, Trump gives you an Air Force facility in Idaho.   If you're the President of Argentina, Trump gives you a $20 billion bailout.   If you're an American whose health care premiums are about to double? Tough luck.",6,Left-wing,BernieSanders,2025-10-15T15:58:09.000Z
"I'm proud to stand in solidarity with the 30,000 Kaiser nurses & health care workers striking in California & Hawaii against corporate greed. If Kaiser can pay its CEO $12.7 million & make $4 billion in profit, it can afford to treat all of its workers with respect, not contempt.",6,Left-wing,BernieSanders,2025-10-14T20:43:17.000Z
"During the campaign, President Trump promised to cap credit card interest rates at 10%.   Instead, JP Morgan & Wells Fargo made $20 billion in profits in the past 3 months charging credit card interest rates as high as 30%.   Unacceptable.",6,Left-wing,BernieSanders,2025-10-14T18:54:24.000Z
"Sen.  @EdMarkey  is right:   Health care is a human right.   Ed has been a great ally in the fight against Trump's authoritarianism and Republican attacks on working families in Massachusetts, Vermont, and across America.   I look forward to continuing our work in the Senate.",6,Left-wing,BernieSanders,2025-10-14T12:44:19.000Z
This Wednesday at 9 p.m. ET I look forward to hosting a CNN town hall with  @AOC .  We intend to discuss the health care crises facing our country and Donald Trump’s aggressive movement toward authoritarianism.  I hope you’ll tune in and be part of this important conversation.,6,Left-wing,BernieSanders,2025-10-13T17:41:15.000Z
Our health care system is on the verge of collapse.,6,Left-wing,BernieSanders,2025-10-12T19:02:43.000Z
"Millions of people in states represented by Republicans will see their health care premiums DOUBLE under the GOP spending plan.  Since my Republican colleagues are ignoring them, we contacted them directly.   Here are some of their stories.",6,Left-wing,BernieSanders,2025-10-11T17:30:07.000Z
"Millions of older & disabled Americans are struggling to survive.  Now, Trump wants to completely deny Social Security benefits to hundreds of thousands of older Americans with disabilities.  Tax breaks for billionaires. A death sentence for older Americans. We must fight back.",6,Left-wing,BernieSanders,2025-10-05T17:30:08.000Z
New Mexico Senator Martin Heinrich is right. We need more candidates like Graham Platner of Maine.,6,Left-wing,BernieSanders,2025-10-05T16:40:08.000Z
I cannot imagine that Republicans are eager to go home to their districts and explain why they are allowing huge numbers of their constituents to lose their health care and see premiums doubling.,6,Left-wing,BernieSanders,2025-10-05T14:34:56.000Z
"Zohran is taking on Trump and the oligarchs and running a  great grassroots campaign with 70,000 volunteers.  There is still time to register to vote in the NYC mayor’s race - you have until Oct 25.  IF YOU’RE NOT REGISTERED, PLEASE DO IT.  THIS IS AN ELECTION WE MUST WIN.",6,Left-wing,BernieSanders,2025-10-05T12:39:10.000Z
e-register.vote.nyc,6,Left-wing,BernieSanders,2025-10-05T12:41:05.000Z
20 million Americans would see their health care premiums DOUBLE under the Republican spending proposal. Here's how many are in your state.,6,Left-wing,BernieSanders,2025-10-04T21:29:00.000Z
"Republican Sen. Josh Hawley is right.  It would be an outrage for health insurance premiums to double in MO, VT & the rest of the country. We can’t let that happen. Other Republicans must join him.   Let’s end the shutdown & save health care for millions of Americans",6,Left-wing,BernieSanders,2025-10-04T16:59:37.000Z
Hundreds of thousands of federal employees are working without pay while House Republicans get paid for refusing to work.  I’m trying to stop premiums from skyrocketing for 24 million Americans and stop 15 million from losing their health care.  Where are the Republicans?,6,Left-wing,BernieSanders,2025-10-04T02:09:14.000Z
It is outrageous and illegal for Trump to withhold money from states that didn't vote for him.    It is UNCONSTITUTIONAL to rescind federal funding that has already been appropriated by Congress.,6,Left-wing,BernieSanders,2025-10-03T16:55:44.000Z
"Congratulations to the people of Indianapolis for fighting back against a huge Google data center that would have raised electric bills & used massive amounts of fresh water.   The function of new technology must be to improve human life, not just make billionaires even richer.",6,Left-wing,BernieSanders,2025-09-25T18:15:17.000Z
"Trump’s actions, threats and tantrums are driven by one simple goal: He wants more wealth and power for himself and his fellow oligarchs. Period.",6,Left-wing,BernieSanders,2025-09-24T23:13:23.000Z
"Congratulations to  @AdelitaForAZ  on her strong victory in Arizona last night.   I look forward to welcoming her to Congress soon.   Together, we’ll work on an agenda that delivers for America’s working class and takes on the corruption of our political and economic systems.",6,Left-wing,BernieSanders,2025-09-24T21:50:13.000Z
"I don't often agree with conservatives like Ted Cruz, Mitch McConnell, Joe Rogan, Tucker Carlson, Rand Paul, Ben Shapiro & Candace Owens.  But they are right on this:  The US government must not and cannot censor speech. We must all stand together and defend the First Amendment.",6,Left-wing,BernieSanders,2025-09-24T19:22:04.000Z
"Republicans control the House, Senate & White House and have the responsibility to keep the government open.  If they want my vote, it's simple: don’t throw 15 million people off their health care, don’t raise premiums 75% and don’t move us toward authoritarianism.",6,Left-wing,BernieSanders,2025-09-24T16:49:30.000Z
"The oligarchs have never ever had it so good while tens of millions of Americans struggle to put food on the table, pay the rent and afford medical care.   For working families, the system is not just broken — it is collapsing.",6,Left-wing,BernieSanders,2025-09-24T13:47:52.000Z
Read my new op-ed in the Guardian here:,6,Left-wing,BernieSanders,2025-09-24T13:48:23.000Z
This is what I mean when I say the system is BROKEN.,6,Left-wing,BernieSanders,2025-09-23T19:35:24.000Z
"The nurses at Concord Hospital made history by becoming New Hampshire’s first unionized nurses at a private hospital.   All across the country doctors, nurses & thousands of health care workers are organizing to save our broken health care system. We appreciate what they do.",6,Left-wing,BernieSanders,2025-09-15T21:06:57.000Z
"At Mauser’s Chicago plant, Teamster workers deal with toxic chemicals and 100-degree heat.  They’re striking for better working conditions, fair wages and immigration protections.  Mauser: Stop endangering the lives of your employees. Bargain in good faith.",6,Left-wing,BernieSanders,2025-09-15T15:46:24.000Z
"We pay, by far, the highest prices in the world for health care. And it’s going to get much worse.  As a  result of Trump’s cuts to the Affordable Care Act, premiums will rise, on average, by 75% for 20 million Americans.  No one can afford that. These cuts must be rescinded.",6,Left-wing,BernieSanders,2025-09-13T23:57:15.000Z
Israel is systematically starving children and destroying Gaza City with bombs and bulldozers. Much of this horror is paid for by U.S. taxpayers.  Trump and Congress must finally stand up to Netanyahu and AIPAC.  No more ethnic cleansing.  No more military aid to Israel.,6,Left-wing,BernieSanders,2025-09-13T16:28:55.000Z
"60% of Americans live paycheck to paycheck.  Elon Musk is poised to become the world's first trillionaire.  This is insane.  We need an economy that works for ALL, not just Musk and his fellow billionaires  We must deal with wealth and income inequality & take on corporate greed.",6,Left-wing,BernieSanders,2025-09-12T23:22:58.000Z
"Trump ally Larry Ellison, one of the richest men on earth, just took over Paramount and CBS. Now he plans to buy Warner Bros, including CNN.   At a time when 6 major conglomerates control what 90% of Americans see, hear and read, oligarch control over media is getting even worse.",6,Left-wing,BernieSanders,2025-09-12T19:23:55.000Z
Political violence has no place in this country. We must condemn this horrifying attack.  My thoughts are with Charlie Kirk and his family.,6,Left-wing,BernieSanders,2025-09-10T19:58:11.000Z
"Netanyahu’s extremist government is completely out of control.  Not only are they starving children in Gaza, they are now breaking international law by dropping bombs on Qatar, a U.S. security partner.  When is enough, enough?   NO MORE U.S. MILITARY AID TO ISRAEL.",6,Left-wing,BernieSanders,2025-09-09T20:54:37.000Z
"This is the richest country on earth.  800,000 Americans should not be homeless, and 20 million more should not be spending over half their incomes on rent or a mortgage.  We need to invest in affordable housing, not Trump’s massive tax breaks for billionaires.",6,Left-wing,BernieSanders,2025-09-09T19:17:04.000Z
"The oligarchs are panicking. They will spend as much as it takes to try to defeat Zohran Mamdani.  They’ve got the money. We’ve got the people. Together, let’s elect Zohran and stop billionaires from buying elections.",6,Left-wing,BernieSanders,2025-09-09T15:49:20.000Z
"The NYC mayor’s race is a clear example of a corrupt political system: @ZohranKMamdani  wins the Democratic primary.  The oligarchs spend whatever it takes to defeat him.  Democratic leadership refuses to endorse him.  Together, we will take them all on and elect Zohran as mayor.",6,Left-wing,BernieSanders,2025-09-03T18:31:07.000Z
"More than 6,500 people turned out in Portland, ME tonight for a Labor Day rally to see the next senator and governor of the great state of Maine  @grahamformaine  and  @TroyJackson207 .  Great crowd. Great energy.   Thank you, Maine!",6,Left-wing,BernieSanders,2025-09-02T00:10:34.000Z
"We are LIVE at a Labor Day rally in Portland, Maine with  @TroyJackson207  and  @grahamformaine .  If we stand together, we can defeat the oligarchy that has taken hold of this country and build an economy that works for working people.  Tune in:",6,Left-wing,BernieSanders,2025-09-01T21:26:59.000Z
"Mr. Trump: You were right about the success of Operation Warp Speed & the COVID vaccine when you said that it saved “tens of millions of lives.”  Vaccines have also helped eliminate polio, measles & smallpox.  Don’t backtrack. Stick with the scientists, not conspiracy theorists.",6,Left-wing,BernieSanders,2025-09-01T18:18:44.000Z
"Thank you to the thousands of people who came out for the Workers Over Billionaires rally in Concord, New Hampshire.   Together, we will create an economy and government that work for all, not just the 1%.",6,Left-wing,BernieSanders,2025-09-01T17:06:55.000Z
"On Labor Day 2025, we thank the trade union movement in America for protecting the needs of working families.  When labor unions do well, we all do well.  Let’s grow the trade union movement.",6,Left-wing,BernieSanders,2025-09-01T12:52:30.000Z
Robert F. Kennedy Jr. is endangering the health of the American people now and into the future.   We need science at the CDC. Not conspiracy theories.   Kennedy must resign.  Read my new piece in  @nytimes :,6,Left-wing,BernieSanders,2025-08-30T20:35:58.000Z
"President Trump: Do you still believe the COVID vaccine was “one of the greatest achievements of mankind” that saved “tens of millions of lives” or do you believe RFK Jr., who claimed the COVID vaccine “was the deadliest vaccine ever made?”  You can’t have it both ways.",6,Left-wing,BernieSanders,2025-08-30T18:56:32.000Z
"We need senators who are prepared to take on the billionaire class and fight for working people. @grahamformaine  is building a movement strong enough to do exactly that.  I am proud to endorse him.  Join us and  @TroyJackson207  for a Labor Day rally in Portland, Maine.",6,Left-wing,BernieSanders,2025-08-30T16:26:15.000Z
We will transform America by building a political movement from the ground up.   That’s what’s happening across the country with candidates who are not afraid of taking on the oligarchy.  LIVE from Chicago with  @DeliaRamirezIL  and  @RobertJPeters :,6,Left-wing,BernieSanders,2025-08-24T22:35:00.000Z
"Thank you to the 2,000+ people who joined me and  @AbdulElSayed  in Kalamazoo, MI.  We need members of Congress who are prepared to stand up for the working class of this country and take on the oligarchy. Abdul El-Sayed is that kind of candidate.",6,Left-wing,BernieSanders,2025-08-24T14:51:53.000Z
"Together, we can fight for a country that puts the needs of the working class ahead of the profits of corporations.  Together we can defeat Donald Trump and his oligarch friends.  Join us LIVE from Kalamazoo, Michigan with  @AbdulElSayed  x.com/i/broadcasts/1 …",6,Left-wing,BernieSanders,2025-08-23T22:38:39.000Z
"Happy to support  @RebeccaforWI  at a town meeting in the beautiful town of Viroqua, WI.  In a town of 4,400 people, 1,000 showed up at our event. In rural towns and urban cities, Americans want a government that represents all, not just billionaires.",6,Left-wing,BernieSanders,2025-08-23T19:20:28.000Z
Let’s be clear: President Trump has the power to end the starvation of the Palestinian people.  Instead he is doing nothing while watching this famine unfold.  Enough is enough. No more American taxpayer dollars to Nethanyahu’s war machine.,6,Left-wing,BernieSanders,2025-08-23T16:01:52.000Z
"Thank you Davenport, Iowa. Great turnout last night.   The people of Iowa do not want Trump’s massive cuts to Medicaid, the Affordable Care Act, nutrition and education in order to give the 1% a trillion dollars in tax cuts.",6,Left-wing,BernieSanders,2025-08-23T14:11:28.000Z
"LIVE: We’re in Davenport, Iowa for a rally.  Americans are prepared to fight Trump’s authoritarianism.   We will take our democracy back from the corporate elite and create a government that is of, by, and for the people.",6,Left-wing,BernieSanders,2025-08-23T00:05:09.000Z
Rep. Lloyd Doggett made a courageous decision by choosing not to compete against Rep. Greg Casar as a result of the disgraceful gerrymandering of Texas by Trump’s Republican Party.  Lloyd is an outstanding congressman and friend. I look forward to continuing to work with him.,6,Left-wing,BernieSanders,2025-08-22T17:24:59.000Z
This is how Musk and oligarchs work:  Get billions in subsidies from the federal government.  Pay little or nothing in taxes.  Complain about waste and fraud.  Then cut federal programs that working families need.  This is why we need a political revolution in this country.,6,Left-wing,BernieSanders,2025-08-15T19:20:34.000Z
There is only one candidate in this race who is standing up to a corporate-dominated politics driven by billionaires.  That candidate is  @ZohranKMamdani . And I am proud to support him.,6,Left-wing,BernieSanders,2025-08-14T20:13:19.000Z
"The Mine Wars Museum in Matewan, WV reminds us that real change never takes place without struggle.  The courage of the United Mine Workers in the central Appalachian coal fields at the turn of the 20th century was extraordinary.  I learned a lot from my visit to the museum.",6,Left-wing,BernieSanders,2025-08-14T18:36:05.000Z
"I want to thank the many hundreds of people in the very rural area of Lenore, West Virginia for joining me at a great town meeting.    I asked them what economic stress was doing to their lives. Here’s one of the responses I got:",6,Left-wing,BernieSanders,2025-08-13T21:57:45.000Z
"At Mercyhealth in Janesville, WI, nurses pull long shifts without proper insurance while their CEO takes home $11 million a year.   Health care workers should be able to afford their own health care. Mercyhealth: Sit down and negotiate a fair contract with your workers NOW.",6,Left-wing,BernieSanders,2025-08-13T20:11:35.000Z
"The system is just not working for the average American.  Not wages, not health care, not housing, not educational opportunity, not retirement security.   I know it’s a radical idea, but we need a government that represents working families, not the billionaire class.",6,Left-wing,BernieSanders,2025-08-12T19:52:52.000Z
"It is insane that in the richest country in the world, millions cannot afford a home and hundreds of thousands are homeless every night.  We need major investments in affordable housing, not tax breaks for billionaires.",6,Left-wing,BernieSanders,2025-08-06T16:14:57.000Z
"I’ll be in West Virginia and North Carolina this weekend.  Red state. Blue state. Purple state. The American people are clear:   We cannot make massive cuts to Medicaid, nutrition and public education in order to give billionaires a huge tax break.",6,Left-wing,BernieSanders,2025-08-05T22:55:49.000Z
"Donald Trump says he's ENTITLED to five more Congressional seats in Texas.   I have news for you, Mr. President:   You may not like it — but as long as we live in a democracy, you are entitled to NOTHING.   You still have to EARN the votes of the people in this country.",6,Left-wing,BernieSanders,2025-08-05T18:50:14.000Z
What is happening in Gaza is literally unspeakable.   I don't care what your politics are.   Americans don't want billions of their taxpayer dollars to be spent on the starvation of children.,6,Left-wing,BernieSanders,2025-08-05T15:56:42.000Z
"As we speak, Trump is pressuring the state of Texas to rig its Congressional maps to put more Republicans in office.  This is a significant uptick in Trump’s attacks on democracy. If you can’t win an election, then you rig it.  If he can do it in Texas, he can do it anywhere.",6,Left-wing,BernieSanders,2025-08-04T19:05:18.000Z
"Yes, we should deport people convicted of serious crimes.  But NO, we can’t destroy families who have lived in this country peacefully.  Pascual Pedro, a former high school soccer star with no criminal record, was suddenly deported at a routine immigration check-in. Unacceptable.",6,Left-wing,BernieSanders,2025-08-04T13:17:38.000Z
"After Trump promised not to cut Medicaid, the GOP reconciliation bill guts the program and throws 15 million people off their health care. It’s a disaster not only for rural hospitals but for nursing homes & community health centers.  We must expose him for the fraud that he is.",6,Left-wing,BernieSanders,2025-08-03T20:11:03.000Z
"We’re heading to North Carolina and West Virginia next week with a simple message:  Americans don’t want major cuts to health care, nutrition, and education to fund more billionaire tax breaks. No member of Congress who voted for this disastrous bill deserves to be reelected.",6,Left-wing,BernieSanders,2025-08-02T19:41:46.000Z
Opposition to Netanyahu's racist and horrific annihilation of Gaza is not only the moral and right thing to do. It is good politics.  Polling shows that the American people do not want to provide military aid for Israel's destruction of Gaza and the Palestinian people.   I agree.,6,Left-wing,BernieSanders,2025-07-29T16:01:21.000Z
"Netanyahu says there ""is no starvation in Gaza.""   That’s a lie.  Trump and Congress must decide: will you continue to support the starvation of children, or are you willing to use all possible U.S. leverage to stop this horrific humanitarian disaster?",6,Left-wing,BernieSanders,2025-07-28T18:02:04.000Z
"A great university is supposed to be a haven for truth, knowledge and diversity of opinion. Columbia University caved to their billionaire benefactors and to the Trump administration.  This pathetic act of cowardice is one lesson their students should never forget.",6,Left-wing,BernieSanders,2025-07-27T17:15:53.000Z
"Medicaid provides health care to 1 in 3 people with disabilities.  Trump just decimated the program.  Today, as we honor the anniversary of the Americans with Disabilities Act, we stand in solidarity with Carl Schulze.  These attacks on the disability community cannot stand.",6,Left-wing,BernieSanders,2025-07-26T16:53:25.000Z
"Having already killed or wounded 200,000 Palestinians, the extremist Israeli government is using mass starvation to engineer the ethnic cleansing of Gaza.  Despite these crimes, the US has provided $22 billion to Israeli military operations since the war began.  Enough is enough.",6,Left-wing,BernieSanders,2025-07-25T21:09:05.000Z
Oligarchy is not an abstract concept.  The greed of the billionaire class and the control they exert over our political and economic lives are plain for everyone to see.,6,Left-wing,BernieSanders,2025-07-25T17:59:45.000Z
"Let’s review:  1) Trump files a bogus lawsuit against CBS  2) Paramount caves; pays Trump over $16 million  3) Trump’s FCC approves Paramount’s sale to Skydance, giving Redstone family a $2.4 billion payday  4) Trump allies now own CBS News  This is authoritarianism in action.",6,Left-wing,BernieSanders,2025-07-25T15:39:07.000Z
This is Elon Musk's vision of the future.  How many jobs do we lose when this transformation takes place?  Do we really want to interact with robots instead of people?  What do you think?,6,Left-wing,BernieSanders,2025-07-24T18:57:00.000Z
No member of Congress who voted for this disastrous legislation should be re-elected.,6,Left-wing,BernieSanders,2025-07-24T12:25:40.000Z
"Billionaires like Bill Ackman have promised to spend tens of millions of dollars to defeat  @ZohranKMamdani  because they don't like the result of the democratic primary.   That's not democracy, that's oligarchy in action.   Stand with Zohran.",6,Left-wing,BernieSanders,2025-07-17T16:59:32.000Z
Had a great meeting with  @ZohranKMamdani  and am deeply impressed by the grassroots campaign he is running.  The Oligarchs are prepared to undermine democracy & spend tens of millions to buy the election for his opponents.  We will not allow that to happen. Stand with Zohran.,6,Left-wing,BernieSanders,2025-07-16T16:43:48.000Z
Congratulations to  @AdelitaForAZ  for her strong victory last night in the Democratic primary in Arizona’s Seventh Congressional District.    Adelita is going to be a great progressive fighter for the working families of Arizona and all Americans.,6,Left-wing,BernieSanders,2025-07-16T13:10:38.000Z
"Trump, like all authoritarians, doesn’t like criticism or objective reporting. He just wants to be flattered. That’s why he wants to defund NPR and PBS.    If democracy is to survive we need a strong, independent media.    I will vote to support public broadcasting.",6,Left-wing,BernieSanders,2025-07-15T20:31:15.000Z
"More and more Americans understand that support for the racist Netanyahu government is not only immoral, it is a gross misuse of taxpayer dollars.   We should not provide billions to a government that shoots starving people waiting for food.   NO MORE U.S. MILITARY AID TO ISRAEL.",6,Left-wing,BernieSanders,2025-07-15T14:59:21.000Z
"Trump’s “Big Beautiful Bill” must be the defining issue of the 2026 campaign.   Americans don’t want huge cuts to health care, nutrition & education so billionaires can get huge tax breaks.  No member of Congress who voted for this disastrous legislation should be re-elected.",6,Left-wing,BernieSanders,2025-07-14T19:48:51.000Z
"A good poll for Zohran. But don’t kid yourself. The billionaires will spend endlessly to defeat him.  This is an election of national significance. Either we develop a strong progressive working class movement, or we end up with Oligarchy & authoritarianism.  Stand with Mamdani.",6,Left-wing,BernieSanders,2025-07-14T16:05:22.000Z
"In Vermont and across the country we’ve got to rebuild our sense of community and bring people together.   Yesterday, in Marshfield, we held our 12th Vermont foul shooting contest for kids of all ages and gave out 90 free basketballs.   Everyone had a great time — especially me.",6,Left-wing,BernieSanders,2025-07-13T19:18:54.000Z
"The establishment is worried that campaigns like  @ZohranKMamdani 's will be replicated all over the country.  Billionaires are promising to spend BIG to defeat him.  Some Democratic leaders refuse to support his win.  Together, we must do everything we can to get him elected.",6,Left-wing,BernieSanders,2025-07-11T22:17:36.000Z
16 million Americans will lose the health care they currently have under Trump’s “Big Beautiful Bill.”  Here’s how many will lose health care in your state if it passes:,6,Left-wing,BernieSanders,2025-07-03T14:37:08.000Z
"Let’s be clear. As we celebrate July 4th this year, it is not patriotic to throw 16 million Americans off the health care they have. No member of the House who votes today for this disastrous bill should be re-elected.",6,Left-wing,BernieSanders,2025-07-02T22:15:39.000Z
"At a time when Trump and his allies are attacking our democracy and ripping off the working class, we need leaders with the backbone to take them on. Adelita Grijalva has my full support to do just that. The election is on July 15, less than two weeks away. I hope Southern",6,Left-wing,BernieSanders,2025-07-02T16:12:39.000Z
"The billionaires are celebrating tonight.  Republicans just passed their reconciliation bill in the Senate by one vote and the very rich just got much richer.  Starting now, we must work overtime to make certain that these corporate controlled politicians are defeated in 2026.",6,Left-wing,BernieSanders,2025-07-01T23:32:33.000Z
"Congratulations to the NYC Central Labor Council, AFL-CIO for endorsing Zohran Mamdani for Mayor.  In these tough times we need elected officials, like Zohran, who have the courage to take on powerful special interests and stand with working people.",6,Left-wing,BernieSanders,2025-06-30T20:20:22.000Z
"We are watching oligarchy in real time.  Trump's budget bill is a return on investment for Republican campaign donors and in NYC, billionaires are coming together to defeat Zohran.  Our job: bring working people together around an agenda that works for all, not just the few.",6,Left-wing,BernieSanders,2025-06-30T16:33:27.000Z
"Israel is building the future of trust in the AI age.  US-Israeli unicorn Deel has acquired Israeli startup Clarity, whose AI helps detect deepfakes, prevent fake hires and protect businesses from identity fraud.  Another Israeli innovation making the digital world safer.",0,Zionist,Israel,2026-08-09T19:00:00.000Z
"A people. A homeland. An unbroken connection.  On the International Day of the World's Indigenous Peoples, we reflect on the Jewish people's enduring connection to the Land of Israel: a story of resilience, continuity, rebuilding and return.  Swipe to learn more.",0,Zionist,Israel,2026-08-09T18:00:01.000Z
"For the first time in nearly 2,000 years, the ancient Pilgrimage Road is open to visitors in Jerusalem.  This stone-paved path once led pilgrims from the Pool of Siloam up toward the heart of ancient Jerusalem during the Second Temple period, and today, you can walk it too.  Step",0,Zionist,Israel,2026-08-09T16:00:00.000Z
"Twenty-five years ago today, a Hamas suicide bomber murdered 16 people and injured more than 120 at the Sbarro pizzeria in Jerusalem. Among the victims were Americans Judith Greenbaum, Chana Nachenberg, and 15-year-old Malka Roth. May their memories be a blessing.  We stand with",0,Zionist,AIPAC,2026-08-09T07:11:49.000Z
"A few days ago,  @UNICEF  published a report determining that acute malnutrition rates in Gaza are as low as 0.2%–0.8%. The report notes that this rate reflects greater stability than in many other countries in the region.  These findings align with the humanitarian report that we",0,Zionist,AIPAC,2026-08-09T07:00:07.000Z
Absolutely correct.  This is who they are.,0,Zionist,AIPAC,2026-08-08T20:31:27.000Z
"Dear Singapore  Happy National Day!  Sincerely, Israel  @MFAsg",0,Zionist,IsraelMFA,2026-08-10T07:27:29.000Z
I enjoyed interacting with participants of  @MASHAVisrael  training on social entrepreneurship from Côte d’Ivoire  Cameroon  Burundi  Madagascar   @MCTC_Haifa  is doing a tremendous job in implementing Golda Meir’s vision: sharing knowledge and know-how with friendly nations.,0,Zionist,IsraelMFA,2026-08-09T15:25:06.000Z
"Judea and Samaria are at the heart of the Land of Israel.  Today, we at  @IsraelMFA  Public Diplomacy met with  @Israel_ganz , Chairman of the  @Yesha_council , a valuable opportunity to see the region up close and share its story with the world.",0,Zionist,IsraelMFA,2026-08-09T14:47:33.000Z
"Prime Minister Benjamin Netanyahu at the Start of the Government Meeting:  ""Israel does not accept the 15-point document. The IDF will not carry out any withdrawal until Hamas is genuinely disarmed, and it will continue to thwart threats against our forces and citizens.""  Full",0,Zionist,IsraelMFA,2026-08-09T12:43:31.000Z
An Israeli mother and her daughter were hospitalized after a man in Thailand confronted them over Israel's actions in Gaza and then violently assaulted them.   The mother suffered head injuries and lost consciousness. Her daughter was injured while trying to protect her.,0,Zionist,AJCGlobal,2026-08-09T14:00:23.000Z
"Enhorabuena and best wishes for success  @ABDELAESPRIELLA  on your inauguration as President of Colombia!    As long time friends of Colombia,  @AJCLatino  stands ready to work with your government and our partners from  @CCJColombia  to promote peace, security and prosperity in your",0,Zionist,AJCGlobal,2026-08-07T20:00:15.000Z
"Today marks 81 years since the atomic bombing of Hiroshima.  This past November,  @AJCCEO  Ted Deutch and an  @AJCGlobal  delegation visited the Hiroshima memorial to reflect on the human cost of war and nuclear proliferation.  We reflect on the inscription on one of the monuments:",0,Zionist,AJCGlobal,2026-08-07T15:46:20.000Z
135 assaults in 6 months. An 82% surge from last year.  The latest figures from  @CST_UK  deliver a stark reminder that antisemitism is a physical threat to British Jews.  No one should live in fear simply for being Jewish.  We need urgent action from leaders and civil society now.,0,Zionist,AJCGlobal,2026-08-07T13:56:20.000Z
"NEWS BRIEF GAZA—The Israeli government opposes the U.S.-brokered 15-point Roadmap peace plan for Gaza “in its current form,”, says Energy Minister Eli Cohen  @elicoh1 REPORT▸  eu1.hubs.ly/H0xx7yf0",0,Zionist,JNS_org,2026-08-09T06:30:00.000Z
ISRAEL NEWS—Israel's Min. of Heath is encouraging people with Type O blood to donate due to a decrease in the national blood supply.  Find The Nearest  @MDAIS  Blood Donation Center:  eu1.hubs.ly/H0xxvfb0,0,Zionist,JNS_org,2026-08-10T08:30:00.000Z
BLOWN TO PIECES: Elite IDF Forces Destroy Hezbollah terrorist tunnel in Lebanon and uncover massive weapons cache.  REPORT▸  eu1.hubs.ly/H0xxtK40  Video: IDF,0,Zionist,JNS_org,2026-08-10T08:02:12.000Z
"NEWS BRIEF—American forces have redirected 55 commercial vessels, disabled two and boarded two since the blockade of Iranian ports resumed on July 14, U.S. Central Command said on Sunday.  REPORT▸  eu1.hubs.ly/H0xxsGS0",0,Zionist,JNS_org,2026-08-10T07:30:00.000Z
Important Notice:  We have lost access to our previous domain:  qudsnen.co  You can now follow our official website through our new domain: qudsnen.com,1,Resistance,QudsNen,2026-05-28T13:57:04.000Z
"Three years on, this is how the overwhelming majority of Gaza's population continues to live, with flimsy displacement camps serving as their last refuge amid a scorching summer and harsh living conditions.",1,Resistance,QudsNen,2026-08-10T08:42:53.000Z
"After nearly two years of uncertainty, Israel has confirmed that a Palestinian detainee abducted by Israeli forces from Gaza during the genocide died in detention, amid reports of torture and medical negligence.",1,Resistance,QudsNen,2026-08-10T08:34:26.000Z
"A French journalist recalls seeing miles of destruction across Gaza while flying over the Strip on an aid drop mission a year ago.   The devastation was left behind by Israel's intense bombardment and airstrikes, which destroyed vast areas across Gaza.   A year later, the",1,Resistance,QudsNen,2026-08-10T08:22:50.000Z
"Comprising 13 students, Iran's nat'l robotics team attended the 2026 Robotics Challenge in China, where they earned three international honors: second place in the group Technical Report section, third in the U‑12 creativity competition, and third in the robotic rugby event.",1,Resistance,IrnaEnglish,2026-08-10T08:37:10.000Z
Mohsen Rezaei’s strategic outlook to help safeguard Iran’s interests: Leader’s aide en.irna.ir/news/86232025/,1,Resistance,IrnaEnglish,2026-08-10T08:14:31.000Z
Caspian Sea convention provides framework to safeguard Iran’s interests: Official en.irna.ir/news/86232120/,1,Resistance,IrnaEnglish,2026-08-10T08:13:59.000Z
"The first anniversary commemoration of the late miniature master Mahmoud Farshchian took place on August 9, 2026, at Sa’dabad Cultural‑Historical Complex in northern Tehran. During the ceremony, the bust of this Iranian artist was also unveiled. en.irna.ir/photo/86231977/",1,Resistance,IrnaEnglish,2026-08-10T07:15:38.000Z
Tomorrow's edition of the Tehran Times    Stay tuned for straight truth,1,Resistance,TehranTimes79,2026-08-09T17:37:47.000Z
"President Masoud Pezeshkian has held a detailed meeting with the Leader of the Islamic Revolution, Ayatollah Seyyed Mojtaba Khamenei, as he begins his third year in office.",1,Resistance,TehranTimes79,2026-08-09T18:29:38.000Z
"In a decree, the Leader of the Islamic Revolution appointed Dr. Zolghadr as his Political Advisor.",1,Resistance,TehranTimes79,2026-08-09T18:29:11.000Z
"The Leader of the Islamic Revolution, Ayatollah Seyyed Mojtaba Khamenei, appointed Mohsen Rezai as his representative in the the National Security Council.",1,Resistance,TehranTimes79,2026-08-09T17:41:33.000Z
"The US senator's blunt assessment puts #Trump’s #Iran policy under scrutiny, yet again, arguing that prolonging the war is undermining #US strength while driving up costs for Americans.",1,Resistance,MayadeenEnglish,2026-08-10T08:47:01.000Z
#Malaysia's PM Anwar Ibrahim vows the country will not serve as a conduit for trade supporting Israeli crimes against Palestinians.   #Gaza  #Palestine,1,Resistance,MayadeenEnglish,2026-08-10T08:34:14.000Z
"#Greenland’s warning to a #Trump-linked oil firm comes amid renewed #US pressure over the #Arctic territory, raising fresh concerns over Washington’s expansionist drive.",1,Resistance,MayadeenEnglish,2026-08-10T07:50:48.000Z
"#Iran's leverage over the #StraitofHormuz is turning Washington’s pressure campaign back on the Trump administration, as rising energy costs and economic discontent threaten Republicans ahead of the #US midterms.",1,Resistance,MayadeenEnglish,2026-08-10T07:45:31.000Z
"A Ukrainian drone attack on industrial and civilian sites in the Russian city of Nizhnekamsk, Tatarstan, left at least 12 people dead and 39 injured on Monday, according to Mayor Radmir Belyayev.   Russian media reported that the strike hit a major oil refinery in the region,",1,Resistance,MayadeenEnglish,2026-08-10T07:44:47.000Z
"Imagine a European 348-satellite network in space. This is happening.  We concluded negotiations to move the IRIS² satellite constellation into full-scale deployment.  By 2029, it will provide secure, sovereign connectivity for emergency services and defence in the EU.",2,Western,EU_Commission,2026-08-07T13:27:16.000Z
Read more:  link.europa.eu/NJb6T6,2,Western,EU_Commission,2026-08-07T13:27:16.000Z
Europe always chooses science and partnership.  Japan too.  Japan is now officially associated with Horizon Europe.  This means Japanese researchers and organisations can take part in the world's largest public research and innovation programme.  Let's break new frontiers,2,Western,EU_Commission,2026-08-07T10:03:49.000Z
"A vision for two very different Americas.   The communist Far Left Democrats, like Abdulrahman Mohamed El-Sayed, are a direct threat to America and the very values that define our nation.",2,Western,POTUS,2026-08-09T19:21:58.000Z
"“No dream is too big, no challenge is too great. Nothing we want for our future is beyond our reach.”",2,Western,POTUS,2026-08-09T17:42:50.000Z
"""We're appreciative to the Trump Admin for this initiative that will make it easier for veterans to transition out of military service and into the trucking industry.""  Veterans & trucking groups back Freedom Haulers, delivering jobs for heroes & safer roads for everyone.",2,Western,POTUS,2026-08-09T16:53:19.000Z
God bless America!,2,Western,StateDept,2026-08-09T00:47:58.000Z
"Just 90 miles off our shores, Cuba exports terrorism and extremism. @SecRubio  is right in imposing sanctions on individuals who abet this regime.",2,Western,StateDept,2026-08-07T22:24:31.000Z
"BOLSTERING AMERICAN MINING   President Donald J. Trump announces billions in new deals and investments to revitalize the mining industry, bolster the American mining workforce, & prioritize domestic critical materials.",2,Western,StateDept,2026-08-08T14:01:01.000Z
"THE HILL: ""Secretary of State Marco Rubio on Thursday sanctioned five Cuban entities and eight individuals with ties to Havana’s military procurement.""",2,Western,StateDept,2026-08-08T13:50:18.000Z
This is the American way.,2,Western,StateDept,2026-08-08T01:16:37.000Z
"Ukraine's fight is our fight.  The UK is taking further action against Russia, with new sanctions targeting those behind the Kremlin's war effort.  We will continue increasing pressure on Russia for as long as it takes.",2,Western,FCDOGovUK,2026-08-06T09:29:18.000Z
I applaud the US Senate’s efforts to rachet up economic pressure on Russia over its war against Ukraine.  The UK announced further sanctions this week and will do more in the weeks and months ahead.  Britain stands shoulder to shoulder with Ukraine and our allies do too.,2,Western,FCDOGovUK,2026-08-08T17:15:08.000Z
Houthi attacks have claimed casualties in both Saudi Arabia and Yemen.  We strongly condemn their actions and send our sincere condolences to all those affected.   The UK stands with the Government of Yemen and the Kingdom of Saudi Arabia in the face of Houthi aggression.,2,Western,FCDOGovUK,2026-08-08T14:43:59.000Z
"The ongoing suffering in Gaza, and escalating violence in the West Bank is unconscionable.   Important meeting with  @hzomlot  this week to discuss many issues.  Our government is committed to supporting #Palestine and working towards a lasting peace and a two-state solution.",2,Western,FCDOGovUK,2026-08-07T14:38:52.000Z
"Today, we mark the anniversary of the summit between #Armenia  & #Azerbaijan , hosted last year by the #US in Washington. This milestone created historic momentum in the relations between the two countries. We encourage both sides to move forward on this path. (1/2)",2,Western,GermanyDiplo,2026-08-08T18:13:27.000Z
"Peace & stability in the South Caucasus are in our common interest. Together with our #EU  and #US  partners, #Germany  will continue to support this process along the way. (2/2)",2,Western,GermanyDiplo,2026-08-08T18:13:28.000Z
Today the U.S. Senate honored the legacy of the late Sen. Lindsey Graham — a life dedicated to peace and security in foreign policy. Let’s carry that legacy forward: more pressure on Russia to finally show readiness for peace.,2,Western,GermanyDiplo,2026-08-07T21:19:21.000Z
"World Pride in Amsterdam  We stand united across the globe for societies in which all people can live with dignity, freedom and without discrimination.  Full statement of the  @EqualRightsC",2,Western,GermanyDiplo,2026-08-07T13:20:21.000Z
"We condemn today’s launch of a ballistic missile by North Korea, which endangers the security and stability in the region. We urge the #DPRK to immediately stop the unlawful development, test and distribution of ballistic missiles, as required by multiple UN resolutions.",2,Western,GermanyDiplo,2026-08-06T18:22:01.000Z
"#Evstigneeva: We can hear perfectly well how Kiev’s Western patrons, while hiding behind rhetoric about peace, connive at attacks deep into Russia, claiming that this will somehow help end the war.  Escalation will not bring peace. russiaun.ru/en/news/090720 …",3,Russian,RussiaUN,2026-07-09T21:18:52.000Z
Today marks 18 years since the tragic events in the South Caucasus.  We note growing efforts within Georgia to reassess the events of August 2008 – including recognition of the Saakashvili regime’s full responsibility for unleashing the conflict. t.me/MFARussia/31338,3,Russian,RussiaUN,2026-08-08T08:04:52.000Z
"#Evstigneeva: We are firmly convinced that there can be no military solution to the South Sudanese conflict.   We hope the Government & opposition will demonstrate political foresight, will be able to find common ground & halt the looming escalation. russiaun.ru/en/news/unsc_s …",3,Russian,RussiaUN,2026-08-06T19:01:55.000Z
"#Nebenzia: The Kiev regime has long been fully dependent economically and militarily on the EU and NATO countries, which exploit Ukraine to wage a proxy war against Russia.  What they do in Africa is no different. russiaun.ru/en/news/050820 …",3,Russian,RussiaUN,2026-08-05T21:00:04.000Z
Russia’s 2S43 Malva SPG wipes out Kiev’s forces in Krasny Liman direction — MoD   Temporary hideouts were struck with precision,3,Russian,RT_com,2026-08-10T08:57:24.000Z
"Europe is FALLING BEHIND China and the US — Vucic   ‘We are losing demographically, we are losing in all different fields’",3,Russian,RT_com,2026-08-10T08:50:48.000Z
"Pro-Palestine protesters GET PHYSICAL with Israeli tourists in Athens  'Death, death to the IDF!'",3,Russian,RT_com,2026-08-10T08:31:58.000Z
'We are on the edge of A MUCH BIGGER WAR'   — Serbian pres Vucic to MD MEETS,3,Russian,RT_com,2026-08-10T08:23:52.000Z
Power-bank plot foiled: FSB help a man for trying to blow up Russian troops  A would-be bomber in Russia's Kherson region has been caught red‑handed while planning to kill military personnel with a device disguised as a portable power bank. He was acting on direct orders from,3,Russian,SputnikInt,2026-08-10T08:33:00.000Z
"Russia’s Nizhnekamsk hit by deadly Ukrainian drone attack  A Ukrainian drone attack on Nizhnekamsk in Russia’s Tatarstan killed 12 people and injured 39, including a child. Authorities said industrial and civilian facilities were hit. Moscow called the attack a war crime.",3,Russian,SputnikInt,2026-08-10T07:40:06.000Z
"Russian missiles strike simulated enemy landing force Russian missile crews in Kamchatka and the Kuril Islands, alongside the crew of the Smerch small missile ship, struck a sea target simulating a group of enemy landing ships as part of the Pacific Fleet drills, Russia’s Defense",3,Russian,SputnikInt,2026-08-10T07:02:00.000Z
"Gulf security changes give China more opportunity  Saudi Arabia’s new defense pact with Turkiye and Pakistan shows Gulf countries are turning away from relying only on the US for protection, says the South China Morning Post.  Under the Mecca agreement, an attack on any one of",3,Russian,SputnikInt,2026-08-10T05:37:00.000Z
"India's green energy sprint leaves old records behind  India has surpassed 300 GW of non-fossil power capacity, with renewables now accounting for more than half of the nation's total installed capacity.   Solar has led the charge - from just 2.8 GW in 2014 to nearly 165 GW",3,Russian,SputnikInt,2026-08-10T04:04:00.000Z
"A petition demanding the dismissal of Frankfurter Allgemeine Zeitung journalist Michael Martens for his remarks about Russians has been created in Germany, the text of the appeal published on the change. org platform indicated: vk.cc/d0m2XL",3,Russian,tassagency_en,2026-08-10T08:58:59.000Z
"Moscow remains committed to the Anchorage agreements at this stage, Russian Deputy Foreign Minister Mikhail Galuzin said in an interview with TASS: vk.cc/d0lW2t",3,Russian,tassagency_en,2026-08-10T08:09:48.000Z
"Germany could seek compensation from Ukraine for Nord Stream blast losses but will likely limit itself to formal measures as a key sponsor of the Kiev regime, Russian Foreign Ministry Ambassador-at-Large Rodion Miroshnik told TASS: vk.cc/d0lxiA",3,Russian,tassagency_en,2026-08-10T04:12:05.000Z
"Russia rejects the option of ""freezing"" the Ukraine conflict and believes its root causes must be eliminated, Russian Deputy Foreign Minister Mikhail Galuzin said in an interview with TASS: vk.cc/d0lsza",3,Russian,tassagency_en,2026-08-10T01:32:53.000Z
"“The sun is new each day.” Heraclitus  The combat losses of the enemy from February 24, 2022 to August 10, 2026.",4,Ukrainian,DefenceU,2026-08-10T06:20:29.000Z
A rare target destroyed.  Ukraine’s 15th “Black Forest” Brigade struck and burned down a command post of Russia’s S-300P/PM air defense system.,4,Ukrainian,DefenceU,2026-08-09T16:19:58.000Z
Skynex in the hands of Ukraine’s air defenders   : West Air Command,4,Ukrainian,DefenceU,2026-08-09T11:01:43.000Z
"Every such attack on human life serves as a constant reminder – we need more pressure, more sanctions against Russia, and more air defense for Ukraine.",4,Ukrainian,DefenceU,2026-08-09T07:38:36.000Z
"18 years ago, Russian troops invaded the territory of the sovereign state of Georgia, brutally violating the norms of international law and the provisions of the UN Charter.  The armed aggression of 2008, hundreds of deaths and hundreds of thousands of refugees, the occupation of",4,Ukrainian,MFA_Ukraine,2026-08-07T13:37:11.000Z
"It is deeply deplorable that #UNICEF missed the essential point in its 4 August statement: all these children’s deaths are a direct result of Russia’s war of aggression against Ukraine. By presenting these casualties without this essential context, UNICEF creates a false",4,Ukrainian,MFA_Ukraine,2026-08-09T18:09:14.000Z
"Today, we celebrate the International Day of the World's Indigenous Peoples, recognising the communities whose cultures, languages, and traditions have enriched our shared heritage for centuries.   Ukraine is home to three indigenous peoples: the Crimean Tatars, the",4,Ukrainian,MFA_Ukraine,2026-08-09T11:29:51.000Z
96 ENEMY TARGETS HIT/SUPPRESSED facebook.com/share/p/1DfaAD …,4,Ukrainian,GeneralStaffUA,2026-08-10T06:57:32.000Z
"Operational information as of 08:00 on 10.08.2026 regarding the Russian invasion  In total, over the past day, 254 combat engagements have been recorded. facebook.com/share/p/1EPTSy …",4,Ukrainian,GeneralStaffUA,2026-08-10T05:07:54.000Z
Загальні бойові втрати противника з 24.02.22 по 10.08.26 орієнтовно склали / The estimated total combat losses of the enemy from 24.02.22 to 10.08.26,4,Ukrainian,GeneralStaffUA,2026-08-10T03:45:10.000Z
We traded our car to spend 24 hours with Ukraine’s front-line machine gunners.    youtu.be/z7mvv5k0syk,4,Ukrainian,United24media,2026-08-08T19:58:44.000Z
Peru’s Foreign Ministry reports 11 Peruvians recruited by Russia have been killed in Ukraine.,4,Ukrainian,United24media,2026-08-10T08:47:29.000Z
"Ukraine builds trenches, checkpoints, and anti-drone nets to protect Chornobyl from a potential Russian attack.",4,Ukrainian,United24media,2026-08-10T08:32:17.000Z
Russia hits its annual production target for Zircon and Oniks missiles in just seven months.,4,Ukrainian,United24media,2026-08-10T08:09:36.000Z
US arms makers fear Ukraine could build Patriot systems cheaper and better at home.,4,Ukrainian,United24media,2026-08-10T07:48:33.000Z
"After careful consideration and reviewing the current eligibility guidelines, I’m officially declaring myself a  @WNBA  prospect.  If simply declaring who you are is all that’s required, then I meet every single requirement necessary to compete in the WNBA.  My team and I have",5,Right-wing,BenShapiro,2026-08-07T16:56:44.000Z
"Many on the Right are spending all day and all night blackpilling about the Trump administration or pretending there’s no difference between the parties. Yesterday, President Trump issued two executive orders to crack down on birth tourism…and he’s gone after illegal immigration",5,Right-wing,BenShapiro,2026-08-07T18:52:34.000Z
Milei y Abelardo.,5,Right-wing,BenShapiro,2026-08-07T17:05:42.000Z
You only say this sort of silly thing when you know that you'll never have to make good on it,5,Right-wing,BenShapiro,2026-08-07T15:40:13.000Z
dailywire.org - news aggregator across twitter,5,Right-wing,dailywire,2009-02-05T11:55:40.000Z
our first post into the twitter world!,5,Right-wing,dailywire,2009-02-03T18:02:49.000Z
"NOW STREAMING Radical Shift: Inside the Smithsonian's Ideological Takeover  ***Viewer discretion advised***  The Smithsonian has been holding the true American story hostage. By hijacking this once-great institution, museum leadership traded the redemptive story of liberty and",5,Right-wing,Heritage,2026-07-21T16:51:19.000Z
"Public schools are supposed to educate, not indoctrinate.  Yet time and again, administrators have been caught admitting they'll simply rebrand controversial programs when they face public scrutiny.  Parents have a right to know what's happening in the classroom.",5,Right-wing,Heritage,2026-08-09T20:41:51.000Z
"Mamdani's grocery stores may look successful in the beginning thanks to millions in taxpayer subsidies, but government-run businesses have a track record of mounting losses, fewer choices, and higher costs for taxpayers. @profstonge  is a Senior Economist in the Thomas A. Roe",5,Right-wing,Heritage,2026-08-09T14:47:14.000Z
"A website advertising ""Have Your Baby in Texas"" isn't a glitch in the system. It's proof the system is being exploited.  When hospitals profit from birth tourism and taxpayers are left with the costs, reform isn't optional. It's overdue. @RogerSeverino_  is Vice President of",5,Right-wing,Heritage,2026-08-08T20:02:58.000Z
"What is ""complex and nuanced"" here?",5,Right-wing,TPUSA,2026-08-08T22:49:56.000Z
MEN IN WOMEN’S SPORTS: The debate over biological males competing in women’s sports just reignited after a French male basketball player identifying as trans eyed the WNBA. @bodittle  hit Broadway in Nashville to ask everyday people where they stand. @TPUSA,5,Right-wing,TPUSA,2026-08-08T19:51:28.000Z
150+ new Field Representatives are ready to take the fight for freedom to campuses across the country this fall.   New Hire Training is complete. Now it's time to get to work.,5,Right-wing,TPUSA,2026-08-07T20:09:13.000Z
"The American Revolution promised freedom from tyranny.  Yet 250 years later, the US is far less democratic and far more unequal than patriotic mythology suggests.  Our new issue looks at how socialists can build a truly democratic America.   Sub:  jacobin.com/subscribe/?cod …",6,Left-wing,jacobin,2026-07-01T14:30:00.000Z
"The Left can’t sit out the 2028 Democratic primary.  If AOC chooses not to run for president, Eric Blanc argues that socialists should run a working-class candidate — even an unknown one — who can inject anti-billionaire politics into the race.",6,Left-wing,jacobin,2026-08-10T06:30:00.000Z
"Federally qualified health centers are an essential source of medical care for poor and working-class Americans, especially in rural areas and neighborhoods of color.  Medicaid cuts in Donald Trump’s Big Beautiful Bill could shut them down.",6,Left-wing,jacobin,2026-08-10T05:30:00.000Z
"Is AI superintelligence inevitable? AI safety researcher David Krueger says it doesn’t have to be. Krueger, a professor at the University of Montreal, says “we need to mitigate the risk of extinction” with regulation and moratoriums to halt the development of AI’s computational",6,Left-wing,democracynow,2026-08-09T18:07:00.000Z
"Subscribe on Apple Podcasts, Spotify and wherever else you get your audio.  democracynow.org/pages/help/pod …",6,Left-wing,democracynow,2026-08-09T15:14:05.000Z
"""I want the freedom for every single person in there.""",6,Left-wing,democracynow,2026-08-09T12:07:00.000Z
"Israel has charged a settler in the death of Palestinian activist Awdah Hathaleen, more than a year after his killing in the occupied West Bank. The move comes after the rights group Al-Haq compiled evidence and urged the International Criminal Court to step in.",6,Left-wing,democracynow,2026-08-08T23:47:00.000Z
"Happy birthday to America! Our July/August issue, celebrating 250 years of our country, is live today. It's a packed issue, featuring pieces by  @BernieSanders ,  @ZohranKMamdani ,  @Janefonda , Viet Thanh Nguyen, and many more of our best thinkers. Subscribe to read the whole issue",6,Left-wing,thenation,2026-06-09T15:06:35.000Z
"The Trump administration has released a rule that would deregulate Head Start, leading to bigger class sizes and fewer supportive services for kids who need them:",6,Left-wing,thenation,2026-08-09T22:07:00.000Z
"On the issues that are central to Israel’s identity—namely, apartheid and genocide against Palestinians and constant wars in the Middle East—there is no functional difference between Gadi Eisenkot and Benjamin Netanyahu, writes  @Seamus_Malek .",6,Left-wing,thenation,2026-08-09T21:03:00.000Z
"With its testosterone announcement, the Pentagon is legitimizing ideological beliefs about biology, bodies, and masculinity that are deeply harmful, writes medical sociologist Andréa Becker. The myth that masculinity equals strength, bravery—or worse, lethality—does a disservice",6,Left-wing,thenation,2026-08-09T20:36:00.000Z
